orden,path,dominio,intencion,estado,action_items,referencia_contenido
1,.codex/prompts/bmad-agent-bmad-master.md,.codex,Prompt operativo/documental,resuelto,Sin accion inmediata; mantener bajo control de cambios y pruebas smoke.,---
2,.codex/prompts/bmad-agent-bmb-agent-builder.md,.codex,Prompt operativo/documental,resuelto,Sin accion inmediata; mantener bajo control de cambios y pruebas smoke.,---
3,.codex/prompts/bmad-agent-bmb-module-builder.md,.codex,Prompt operativo/documental,resuelto,Sin accion inmediata; mantener bajo control de cambios y pruebas smoke.,---
4,.codex/prompts/bmad-agent-bmb-workflow-builder.md,.codex,Prompt operativo/documental,resuelto,Sin accion inmediata; mantener bajo control de cambios y pruebas smoke.,---
5,.codex/prompts/bmad-agent-bmm-analyst.md,.codex,Prompt operativo/documental,resuelto,Sin accion inmediata; mantener bajo control de cambios y pruebas smoke.,---
6,.codex/prompts/bmad-agent-bmm-architect.md,.codex,Prompt operativo/documental,resuelto,Sin accion inmediata; mantener bajo control de cambios y pruebas smoke.,---
7,.codex/prompts/bmad-agent-bmm-dev.md,.codex,Prompt operativo/documental,resuelto,Sin accion inmediata; mantener bajo control de cambios y pruebas smoke.,---
8,.codex/prompts/bmad-agent-bmm-pm.md,.codex,Prompt operativo/documental,resuelto,Sin accion inmediata; mantener bajo control de cambios y pruebas smoke.,---
9,.codex/prompts/bmad-agent-bmm-qa.md,.codex,Prompt operativo/documental,resuelto,Sin accion inmediata; mantener bajo control de cambios y pruebas smoke.,---
10,.codex/prompts/bmad-agent-bmm-quick-flow-solo-dev.md,.codex,Prompt operativo/documental,resuelto,Sin accion inmediata; mantener bajo control de cambios y pruebas smoke.,---
11,.codex/prompts/bmad-agent-bmm-sm.md,.codex,Prompt operativo/documental,resuelto,Sin accion inmediata; mantener bajo control de cambios y pruebas smoke.,---
12,.codex/prompts/bmad-agent-bmm-tech-writer.md,.codex,Prompt operativo/documental,resuelto,Sin accion inmediata; mantener bajo control de cambios y pruebas smoke.,---
13,.codex/prompts/bmad-agent-bmm-ux-designer.md,.codex,Prompt operativo/documental,resuelto,Sin accion inmediata; mantener bajo control de cambios y pruebas smoke.,---
14,.codex/prompts/bmad-agent-cis-brainstorming-coach.md,.codex,Prompt operativo/documental,resuelto,Sin accion inmediata; mantener bajo control de cambios y pruebas smoke.,---
15,.codex/prompts/bmad-agent-cis-creative-problem-solver.md,.codex,Prompt operativo/documental,resuelto,Sin accion inmediata; mantener bajo control de cambios y pruebas smoke.,---
16,.codex/prompts/bmad-agent-cis-design-thinking-coach.md,.codex,Prompt operativo/documental,resuelto,Sin accion inmediata; mantener bajo control de cambios y pruebas smoke.,---
17,.codex/prompts/bmad-agent-cis-innovation-strategist.md,.codex,Prompt operativo/documental,resuelto,Sin accion inmediata; mantener bajo control de cambios y pruebas smoke.,---
18,.codex/prompts/bmad-agent-cis-presentation-master.md,.codex,Prompt operativo/documental,resuelto,Sin accion inmediata; mantener bajo control de cambios y pruebas smoke.,---
19,.codex/prompts/bmad-agent-cis-storyteller.md,.codex,Prompt operativo/documental,resuelto,Sin accion inmediata; mantener bajo control de cambios y pruebas smoke.,---
20,.codex/prompts/bmad-agent-tea-tea.md,.codex,Prompt operativo/documental,resuelto,Sin accion inmediata; mantener bajo control de cambios y pruebas smoke.,---
21,.codex/prompts/bmad-bmb-create-agent.md,.codex,Prompt operativo/documental,resuelto,Sin accion inmediata; mantener bajo control de cambios y pruebas smoke.,---
22,.codex/prompts/bmad-bmb-create-module-brief.md,.codex,Prompt operativo/documental,resuelto,Sin accion inmediata; mantener bajo control de cambios y pruebas smoke.,---
23,.codex/prompts/bmad-bmb-create-module.md,.codex,Prompt operativo/documental,resuelto,Sin accion inmediata; mantener bajo control de cambios y pruebas smoke.,---
24,.codex/prompts/bmad-bmb-create-workflow.md,.codex,Prompt operativo/documental,resuelto,Sin accion inmediata; mantener bajo control de cambios y pruebas smoke.,---
25,.codex/prompts/bmad-bmb-edit-agent.md,.codex,Prompt operativo/documental,resuelto,Sin accion inmediata; mantener bajo control de cambios y pruebas smoke.,---
26,.codex/prompts/bmad-bmb-edit-module.md,.codex,Prompt operativo/documental,resuelto,Sin accion inmediata; mantener bajo control de cambios y pruebas smoke.,---
27,.codex/prompts/bmad-bmb-edit-workflow.md,.codex,Prompt operativo/documental,resuelto,Sin accion inmediata; mantener bajo control de cambios y pruebas smoke.,---
28,.codex/prompts/bmad-bmb-rework-workflow.md,.codex,Prompt operativo/documental,resuelto,Sin accion inmediata; mantener bajo control de cambios y pruebas smoke.,---
29,.codex/prompts/bmad-bmb-validate-agent.md,.codex,Prompt operativo/documental,resuelto,Sin accion inmediata; mantener bajo control de cambios y pruebas smoke.,---
30,.codex/prompts/bmad-bmb-validate-max-parallel-workflow.md,.codex,Prompt operativo/documental,resuelto,Sin accion inmediata; mantener bajo control de cambios y pruebas smoke.,---
31,.codex/prompts/bmad-bmb-validate-module.md,.codex,Prompt operativo/documental,resuelto,Sin accion inmediata; mantener bajo control de cambios y pruebas smoke.,---
32,.codex/prompts/bmad-bmb-validate-workflow.md,.codex,Prompt operativo/documental,resuelto,Sin accion inmediata; mantener bajo control de cambios y pruebas smoke.,---
33,.codex/prompts/bmad-bmm-check-implementation-readiness.md,.codex,Prompt operativo/documental,resuelto,Sin accion inmediata; mantener bajo control de cambios y pruebas smoke.,---
34,.codex/prompts/bmad-bmm-code-review.md,.codex,Prompt operativo/documental,resuelto,Sin accion inmediata; mantener bajo control de cambios y pruebas smoke.,---
35,.codex/prompts/bmad-bmm-correct-course.md,.codex,Prompt operativo/documental,resuelto,Sin accion inmediata; mantener bajo control de cambios y pruebas smoke.,---
36,.codex/prompts/bmad-bmm-create-architecture.md,.codex,Prompt operativo/documental,resuelto,Sin accion inmediata; mantener bajo control de cambios y pruebas smoke.,---
37,.codex/prompts/bmad-bmm-create-epics-and-stories.md,.codex,Prompt operativo/documental,resuelto,Sin accion inmediata; mantener bajo control de cambios y pruebas smoke.,---
38,.codex/prompts/bmad-bmm-create-prd.md,.codex,Prompt operativo/documental,resuelto,Sin accion inmediata; mantener bajo control de cambios y pruebas smoke.,---
39,.codex/prompts/bmad-bmm-create-product-brief.md,.codex,Prompt operativo/documental,resuelto,Sin accion inmediata; mantener bajo control de cambios y pruebas smoke.,---
40,.codex/prompts/bmad-bmm-create-story.md,.codex,Prompt operativo/documental,resuelto,Sin accion inmediata; mantener bajo control de cambios y pruebas smoke.,---
41,.codex/prompts/bmad-bmm-create-ux-design.md,.codex,Prompt operativo/documental,resuelto,Sin accion inmediata; mantener bajo control de cambios y pruebas smoke.,---
42,.codex/prompts/bmad-bmm-dev-story.md,.codex,Prompt operativo/documental,resuelto,Sin accion inmediata; mantener bajo control de cambios y pruebas smoke.,---
43,.codex/prompts/bmad-bmm-document-project.md,.codex,Prompt operativo/documental,resuelto,Sin accion inmediata; mantener bajo control de cambios y pruebas smoke.,---
44,.codex/prompts/bmad-bmm-domain-research.md,.codex,Prompt operativo/documental,resuelto,Sin accion inmediata; mantener bajo control de cambios y pruebas smoke.,---
45,.codex/prompts/bmad-bmm-edit-prd.md,.codex,Prompt operativo/documental,resuelto,Sin accion inmediata; mantener bajo control de cambios y pruebas smoke.,---
46,.codex/prompts/bmad-bmm-generate-project-context.md,.codex,Prompt operativo/documental,resuelto,Sin accion inmediata; mantener bajo control de cambios y pruebas smoke.,---
47,.codex/prompts/bmad-bmm-market-research.md,.codex,Prompt operativo/documental,resuelto,Sin accion inmediata; mantener bajo control de cambios y pruebas smoke.,---
48,.codex/prompts/bmad-bmm-qa-automate.md,.codex,Prompt operativo/documental,resuelto,Sin accion inmediata; mantener bajo control de cambios y pruebas smoke.,---
49,.codex/prompts/bmad-bmm-quick-dev.md,.codex,Prompt operativo/documental,resuelto,Sin accion inmediata; mantener bajo control de cambios y pruebas smoke.,---
50,.codex/prompts/bmad-bmm-quick-spec.md,.codex,Prompt operativo/documental,resuelto,Sin accion inmediata; mantener bajo control de cambios y pruebas smoke.,---
51,.codex/prompts/bmad-bmm-retrospective.md,.codex,Prompt operativo/documental,resuelto,Sin accion inmediata; mantener bajo control de cambios y pruebas smoke.,---
52,.codex/prompts/bmad-bmm-sprint-planning.md,.codex,Prompt operativo/documental,resuelto,Sin accion inmediata; mantener bajo control de cambios y pruebas smoke.,---
53,.codex/prompts/bmad-bmm-sprint-status.md,.codex,Prompt operativo/documental,resuelto,Sin accion inmediata; mantener bajo control de cambios y pruebas smoke.,---
54,.codex/prompts/bmad-bmm-technical-research.md,.codex,Prompt operativo/documental,resuelto,Sin accion inmediata; mantener bajo control de cambios y pruebas smoke.,---
55,.codex/prompts/bmad-bmm-validate-prd.md,.codex,Prompt operativo/documental,resuelto,Sin accion inmediata; mantener bajo control de cambios y pruebas smoke.,---
56,.codex/prompts/bmad-brainstorming.md,.codex,Prompt operativo/documental,resuelto,Sin accion inmediata; mantener bajo control de cambios y pruebas smoke.,---
57,.codex/prompts/bmad-cis-design-thinking.md,.codex,Prompt operativo/documental,resuelto,Sin accion inmediata; mantener bajo control de cambios y pruebas smoke.,---
58,.codex/prompts/bmad-cis-innovation-strategy.md,.codex,Prompt operativo/documental,resuelto,Sin accion inmediata; mantener bajo control de cambios y pruebas smoke.,---
59,.codex/prompts/bmad-cis-problem-solving.md,.codex,Prompt operativo/documental,resuelto,Sin accion inmediata; mantener bajo control de cambios y pruebas smoke.,---
60,.codex/prompts/bmad-cis-storytelling.md,.codex,Prompt operativo/documental,resuelto,Sin accion inmediata; mantener bajo control de cambios y pruebas smoke.,---
61,.codex/prompts/bmad-editorial-review-prose.md,.codex,Prompt operativo/documental,resuelto,Sin accion inmediata; mantener bajo control de cambios y pruebas smoke.,---
62,.codex/prompts/bmad-editorial-review-structure.md,.codex,Prompt operativo/documental,resuelto,Sin accion inmediata; mantener bajo control de cambios y pruebas smoke.,---
63,.codex/prompts/bmad-help.md,.codex,Prompt operativo/documental,resuelto,Sin accion inmediata; mantener bajo control de cambios y pruebas smoke.,---
64,.codex/prompts/bmad-index-docs.md,.codex,Prompt operativo/documental,resuelto,Sin accion inmediata; mantener bajo control de cambios y pruebas smoke.,---
65,.codex/prompts/bmad-party-mode.md,.codex,Prompt operativo/documental,resuelto,Sin accion inmediata; mantener bajo control de cambios y pruebas smoke.,---
66,.codex/prompts/bmad-review-adversarial-general.md,.codex,Prompt operativo/documental,resuelto,Sin accion inmediata; mantener bajo control de cambios y pruebas smoke.,---
67,.codex/prompts/bmad-shard-doc.md,.codex,Prompt operativo/documental,resuelto,Sin accion inmediata; mantener bajo control de cambios y pruebas smoke.,---
68,.codex/prompts/bmad-tea-teach-me-testing.md,.codex,Prompt operativo/documental,resuelto,Sin accion inmediata; mantener bajo control de cambios y pruebas smoke.,---
69,.codex/prompts/bmad-tea-testarch-atdd.md,.codex,Prompt operativo/documental,resuelto,Sin accion inmediata; mantener bajo control de cambios y pruebas smoke.,---
70,.codex/prompts/bmad-tea-testarch-automate.md,.codex,Prompt operativo/documental,resuelto,Sin accion inmediata; mantener bajo control de cambios y pruebas smoke.,---
71,.codex/prompts/bmad-tea-testarch-ci.md,.codex,Prompt operativo/documental,resuelto,Sin accion inmediata; mantener bajo control de cambios y pruebas smoke.,---
72,.codex/prompts/bmad-tea-testarch-framework.md,.codex,Prompt operativo/documental,resuelto,Sin accion inmediata; mantener bajo control de cambios y pruebas smoke.,---
73,.codex/prompts/bmad-tea-testarch-nfr.md,.codex,Prompt operativo/documental,resuelto,Sin accion inmediata; mantener bajo control de cambios y pruebas smoke.,---
74,.codex/prompts/bmad-tea-testarch-test-design.md,.codex,Prompt operativo/documental,resuelto,Sin accion inmediata; mantener bajo control de cambios y pruebas smoke.,---
75,.codex/prompts/bmad-tea-testarch-test-review.md,.codex,Prompt operativo/documental,resuelto,Sin accion inmediata; mantener bajo control de cambios y pruebas smoke.,---
76,.codex/prompts/bmad-tea-testarch-trace.md,.codex,Prompt operativo/documental,resuelto,Sin accion inmediata; mantener bajo control de cambios y pruebas smoke.,---
77,.cursor/commands/bmad-agent-bmad-master.md,.cursor,Documento de referencia o decision,resuelto,Sin accion inmediata; mantener bajo control de cambios y pruebas smoke.,---
78,.cursor/commands/bmad-agent-bmb-agent-builder.md,.cursor,Documento de referencia o decision,resuelto,Sin accion inmediata; mantener bajo control de cambios y pruebas smoke.,---
79,.cursor/commands/bmad-agent-bmb-module-builder.md,.cursor,Documento de referencia o decision,resuelto,Sin accion inmediata; mantener bajo control de cambios y pruebas smoke.,---
80,.cursor/commands/bmad-agent-bmb-workflow-builder.md,.cursor,Documento de referencia o decision,resuelto,Sin accion inmediata; mantener bajo control de cambios y pruebas smoke.,---
81,.cursor/commands/bmad-agent-bmm-analyst.md,.cursor,Documento de referencia o decision,resuelto,Sin accion inmediata; mantener bajo control de cambios y pruebas smoke.,---
82,.cursor/commands/bmad-agent-bmm-architect.md,.cursor,Documento de referencia o decision,resuelto,Sin accion inmediata; mantener bajo control de cambios y pruebas smoke.,---
83,.cursor/commands/bmad-agent-bmm-dev.md,.cursor,Documento de referencia o decision,resuelto,Sin accion inmediata; mantener bajo control de cambios y pruebas smoke.,---
84,.cursor/commands/bmad-agent-bmm-pm.md,.cursor,Documento de referencia o decision,resuelto,Sin accion inmediata; mantener bajo control de cambios y pruebas smoke.,---
85,.cursor/commands/bmad-agent-bmm-qa.md,.cursor,Documento de referencia o decision,resuelto,Sin accion inmediata; mantener bajo control de cambios y pruebas smoke.,---
86,.cursor/commands/bmad-agent-bmm-quick-flow-solo-dev.md,.cursor,Documento de referencia o decision,resuelto,Sin accion inmediata; mantener bajo control de cambios y pruebas smoke.,---
87,.cursor/commands/bmad-agent-bmm-sm.md,.cursor,Documento de referencia o decision,resuelto,Sin accion inmediata; mantener bajo control de cambios y pruebas smoke.,---
88,.cursor/commands/bmad-agent-bmm-tech-writer.md,.cursor,Documento de referencia o decision,resuelto,Sin accion inmediata; mantener bajo control de cambios y pruebas smoke.,---
89,.cursor/commands/bmad-agent-bmm-ux-designer.md,.cursor,Documento de referencia o decision,resuelto,Sin accion inmediata; mantener bajo control de cambios y pruebas smoke.,---
90,.cursor/commands/bmad-agent-cis-brainstorming-coach.md,.cursor,Documento de referencia o decision,resuelto,Sin accion inmediata; mantener bajo control de cambios y pruebas smoke.,---
91,.cursor/commands/bmad-agent-cis-creative-problem-solver.md,.cursor,Documento de referencia o decision,resuelto,Sin accion inmediata; mantener bajo control de cambios y pruebas smoke.,---
92,.cursor/commands/bmad-agent-cis-design-thinking-coach.md,.cursor,Documento de referencia o decision,resuelto,Sin accion inmediata; mantener bajo control de cambios y pruebas smoke.,---
93,.cursor/commands/bmad-agent-cis-innovation-strategist.md,.cursor,Documento de referencia o decision,resuelto,Sin accion inmediata; mantener bajo control de cambios y pruebas smoke.,---
94,.cursor/commands/bmad-agent-cis-presentation-master.md,.cursor,Documento de referencia o decision,resuelto,Sin accion inmediata; mantener bajo control de cambios y pruebas smoke.,---
95,.cursor/commands/bmad-agent-cis-storyteller.md,.cursor,Documento de referencia o decision,resuelto,Sin accion inmediata; mantener bajo control de cambios y pruebas smoke.,---
96,.cursor/commands/bmad-agent-tea-tea.md,.cursor,Documento de referencia o decision,resuelto,Sin accion inmediata; mantener bajo control de cambios y pruebas smoke.,---
97,.cursor/commands/bmad-bmb-create-agent.md,.cursor,Documento de referencia o decision,resuelto,Sin accion inmediata; mantener bajo control de cambios y pruebas smoke.,---
98,.cursor/commands/bmad-bmb-create-module-brief.md,.cursor,Documento de referencia o decision,resuelto,Sin accion inmediata; mantener bajo control de cambios y pruebas smoke.,---
99,.cursor/commands/bmad-bmb-create-module.md,.cursor,Documento de referencia o decision,resuelto,Sin accion inmediata; mantener bajo control de cambios y pruebas smoke.,---
100,.cursor/commands/bmad-bmb-create-workflow.md,.cursor,Documento de referencia o decision,resuelto,Sin accion inmediata; mantener bajo control de cambios y pruebas smoke.,---
101,.cursor/commands/bmad-bmb-edit-agent.md,.cursor,Documento de referencia o decision,resuelto,Sin accion inmediata; mantener bajo control de cambios y pruebas smoke.,---
102,.cursor/commands/bmad-bmb-edit-module.md,.cursor,Documento de referencia o decision,resuelto,Sin accion inmediata; mantener bajo control de cambios y pruebas smoke.,---
103,.cursor/commands/bmad-bmb-edit-workflow.md,.cursor,Documento de referencia o decision,resuelto,Sin accion inmediata; mantener bajo control de cambios y pruebas smoke.,---
104,.cursor/commands/bmad-bmb-rework-workflow.md,.cursor,Documento de referencia o decision,resuelto,Sin accion inmediata; mantener bajo control de cambios y pruebas smoke.,---
105,.cursor/commands/bmad-bmb-validate-agent.md,.cursor,Documento de referencia o decision,resuelto,Sin accion inmediata; mantener bajo control de cambios y pruebas smoke.,---
106,.cursor/commands/bmad-bmb-validate-max-parallel-workflow.md,.cursor,Documento de referencia o decision,resuelto,Sin accion inmediata; mantener bajo control de cambios y pruebas smoke.,---
107,.cursor/commands/bmad-bmb-validate-module.md,.cursor,Documento de referencia o decision,resuelto,Sin accion inmediata; mantener bajo control de cambios y pruebas smoke.,---
108,.cursor/commands/bmad-bmb-validate-workflow.md,.cursor,Documento de referencia o decision,resuelto,Sin accion inmediata; mantener bajo control de cambios y pruebas smoke.,---
109,.cursor/commands/bmad-bmm-check-implementation-readiness.md,.cursor,Documento de referencia o decision,resuelto,Sin accion inmediata; mantener bajo control de cambios y pruebas smoke.,---
110,.cursor/commands/bmad-bmm-code-review.md,.cursor,Documento de referencia o decision,resuelto,Sin accion inmediata; mantener bajo control de cambios y pruebas smoke.,---
111,.cursor/commands/bmad-bmm-correct-course.md,.cursor,Documento de referencia o decision,resuelto,Sin accion inmediata; mantener bajo control de cambios y pruebas smoke.,---
112,.cursor/commands/bmad-bmm-create-architecture.md,.cursor,Documento de referencia o decision,resuelto,Sin accion inmediata; mantener bajo control de cambios y pruebas smoke.,---
113,.cursor/commands/bmad-bmm-create-epics-and-stories.md,.cursor,Documento de referencia o decision,resuelto,Sin accion inmediata; mantener bajo control de cambios y pruebas smoke.,---
114,.cursor/commands/bmad-bmm-create-prd.md,.cursor,Documento de referencia o decision,resuelto,Sin accion inmediata; mantener bajo control de cambios y pruebas smoke.,---
115,.cursor/commands/bmad-bmm-create-product-brief.md,.cursor,Documento de referencia o decision,resuelto,Sin accion inmediata; mantener bajo control de cambios y pruebas smoke.,---
116,.cursor/commands/bmad-bmm-create-story.md,.cursor,Documento de referencia o decision,resuelto,Sin accion inmediata; mantener bajo control de cambios y pruebas smoke.,---
117,.cursor/commands/bmad-bmm-create-ux-design.md,.cursor,Documento de referencia o decision,resuelto,Sin accion inmediata; mantener bajo control de cambios y pruebas smoke.,---
118,.cursor/commands/bmad-bmm-dev-story.md,.cursor,Documento de referencia o decision,resuelto,Sin accion inmediata; mantener bajo control de cambios y pruebas smoke.,---
119,.cursor/commands/bmad-bmm-document-project.md,.cursor,Documento de referencia o decision,resuelto,Sin accion inmediata; mantener bajo control de cambios y pruebas smoke.,---
120,.cursor/commands/bmad-bmm-domain-research.md,.cursor,Documento de referencia o decision,resuelto,Sin accion inmediata; mantener bajo control de cambios y pruebas smoke.,---
121,.cursor/commands/bmad-bmm-edit-prd.md,.cursor,Documento de referencia o decision,resuelto,Sin accion inmediata; mantener bajo control de cambios y pruebas smoke.,---
122,.cursor/commands/bmad-bmm-generate-project-context.md,.cursor,Documento de referencia o decision,resuelto,Sin accion inmediata; mantener bajo control de cambios y pruebas smoke.,---
123,.cursor/commands/bmad-bmm-market-research.md,.cursor,Documento de referencia o decision,resuelto,Sin accion inmediata; mantener bajo control de cambios y pruebas smoke.,---
124,.cursor/commands/bmad-bmm-qa-automate.md,.cursor,Documento de referencia o decision,resuelto,Sin accion inmediata; mantener bajo control de cambios y pruebas smoke.,---
125,.cursor/commands/bmad-bmm-quick-dev.md,.cursor,Documento de referencia o decision,resuelto,Sin accion inmediata; mantener bajo control de cambios y pruebas smoke.,---
126,.cursor/commands/bmad-bmm-quick-spec.md,.cursor,Documento de referencia o decision,resuelto,Sin accion inmediata; mantener bajo control de cambios y pruebas smoke.,---
127,.cursor/commands/bmad-bmm-retrospective.md,.cursor,Documento de referencia o decision,resuelto,Sin accion inmediata; mantener bajo control de cambios y pruebas smoke.,---
128,.cursor/commands/bmad-bmm-sprint-planning.md,.cursor,Documento de referencia o decision,resuelto,Sin accion inmediata; mantener bajo control de cambios y pruebas smoke.,---
129,.cursor/commands/bmad-bmm-sprint-status.md,.cursor,Documento de referencia o decision,resuelto,Sin accion inmediata; mantener bajo control de cambios y pruebas smoke.,---
130,.cursor/commands/bmad-bmm-technical-research.md,.cursor,Documento de referencia o decision,resuelto,Sin accion inmediata; mantener bajo control de cambios y pruebas smoke.,---
131,.cursor/commands/bmad-bmm-validate-prd.md,.cursor,Documento de referencia o decision,resuelto,Sin accion inmediata; mantener bajo control de cambios y pruebas smoke.,---
132,.cursor/commands/bmad-brainstorming.md,.cursor,Documento de referencia o decision,resuelto,Sin accion inmediata; mantener bajo control de cambios y pruebas smoke.,---
133,.cursor/commands/bmad-cis-design-thinking.md,.cursor,Documento de referencia o decision,resuelto,Sin accion inmediata; mantener bajo control de cambios y pruebas smoke.,---
134,.cursor/commands/bmad-cis-innovation-strategy.md,.cursor,Documento de referencia o decision,resuelto,Sin accion inmediata; mantener bajo control de cambios y pruebas smoke.,---
135,.cursor/commands/bmad-cis-problem-solving.md,.cursor,Documento de referencia o decision,resuelto,Sin accion inmediata; mantener bajo control de cambios y pruebas smoke.,---
136,.cursor/commands/bmad-cis-storytelling.md,.cursor,Documento de referencia o decision,resuelto,Sin accion inmediata; mantener bajo control de cambios y pruebas smoke.,---
137,.cursor/commands/bmad-editorial-review-prose.md,.cursor,Documento de referencia o decision,resuelto,Sin accion inmediata; mantener bajo control de cambios y pruebas smoke.,---
138,.cursor/commands/bmad-editorial-review-structure.md,.cursor,Documento de referencia o decision,resuelto,Sin accion inmediata; mantener bajo control de cambios y pruebas smoke.,---
139,.cursor/commands/bmad-help.md,.cursor,Documento de referencia o decision,resuelto,Sin accion inmediata; mantener bajo control de cambios y pruebas smoke.,---
140,.cursor/commands/bmad-index-docs.md,.cursor,Documento de referencia o decision,resuelto,Sin accion inmediata; mantener bajo control de cambios y pruebas smoke.,---
141,.cursor/commands/bmad-party-mode.md,.cursor,Documento de referencia o decision,resuelto,Sin accion inmediata; mantener bajo control de cambios y pruebas smoke.,---
142,.cursor/commands/bmad-review-adversarial-general.md,.cursor,Documento de referencia o decision,resuelto,Sin accion inmediata; mantener bajo control de cambios y pruebas smoke.,---
143,.cursor/commands/bmad-shard-doc.md,.cursor,Documento de referencia o decision,resuelto,Sin accion inmediata; mantener bajo control de cambios y pruebas smoke.,---
144,.cursor/commands/bmad-tea-teach-me-testing.md,.cursor,Documento de referencia o decision,resuelto,Sin accion inmediata; mantener bajo control de cambios y pruebas smoke.,---
145,.cursor/commands/bmad-tea-testarch-atdd.md,.cursor,Documento de referencia o decision,resuelto,Sin accion inmediata; mantener bajo control de cambios y pruebas smoke.,---
146,.cursor/commands/bmad-tea-testarch-automate.md,.cursor,Documento de referencia o decision,resuelto,Sin accion inmediata; mantener bajo control de cambios y pruebas smoke.,---
147,.cursor/commands/bmad-tea-testarch-ci.md,.cursor,Documento de referencia o decision,resuelto,Sin accion inmediata; mantener bajo control de cambios y pruebas smoke.,---
148,.cursor/commands/bmad-tea-testarch-framework.md,.cursor,Documento de referencia o decision,resuelto,Sin accion inmediata; mantener bajo control de cambios y pruebas smoke.,---
149,.cursor/commands/bmad-tea-testarch-nfr.md,.cursor,Documento de referencia o decision,resuelto,Sin accion inmediata; mantener bajo control de cambios y pruebas smoke.,---
150,.cursor/commands/bmad-tea-testarch-test-design.md,.cursor,Documento de referencia o decision,resuelto,Sin accion inmediata; mantener bajo control de cambios y pruebas smoke.,---
151,.cursor/commands/bmad-tea-testarch-test-review.md,.cursor,Documento de referencia o decision,resuelto,Sin accion inmediata; mantener bajo control de cambios y pruebas smoke.,---
152,.cursor/commands/bmad-tea-testarch-trace.md,.cursor,Documento de referencia o decision,resuelto,Sin accion inmediata; mantener bajo control de cambios y pruebas smoke.,---
153,.cursor/commands/bmad-workflow.md,.cursor,Documento de referencia o decision,resuelto,Sin accion inmediata; mantener bajo control de cambios y pruebas smoke.,---
154,.github/workflows/secret-scan.yml,.github,Workflow de automatizacion CI/CD,resuelto,Sin accion inmediata; mantener bajo control de cambios y pruebas smoke.,name: secret-scan
155,.gitignore,.gitignore,Soporte del repositorio,resuelto,Sin accion inmediata; mantener bajo control de cambios y pruebas smoke.,# Ignore log files
156,.gitmodules,.gitmodules,Entrypoint critico del sistema de dotfiles,resuelto,Mantener con smoke tests y revisiones de regresion.,"[submodule ""terminal/alacritty/themes""]"
157,.opencode/agent/bmad-agent-bmad-master.md,.opencode,Documento de referencia o decision,resuelto,Sin accion inmediata; mantener bajo control de cambios y pruebas smoke.,---
158,.opencode/agent/bmad-agent-bmb-agent-builder.md,.opencode,Documento de referencia o decision,resuelto,Sin accion inmediata; mantener bajo control de cambios y pruebas smoke.,---
159,.opencode/agent/bmad-agent-bmb-module-builder.md,.opencode,Documento de referencia o decision,resuelto,Sin accion inmediata; mantener bajo control de cambios y pruebas smoke.,---
160,.opencode/agent/bmad-agent-bmb-workflow-builder.md,.opencode,Documento de referencia o decision,resuelto,Sin accion inmediata; mantener bajo control de cambios y pruebas smoke.,---
161,.opencode/agent/bmad-agent-bmm-analyst.md,.opencode,Documento de referencia o decision,resuelto,Sin accion inmediata; mantener bajo control de cambios y pruebas smoke.,---
162,.opencode/agent/bmad-agent-bmm-architect.md,.opencode,Documento de referencia o decision,resuelto,Sin accion inmediata; mantener bajo control de cambios y pruebas smoke.,---
163,.opencode/agent/bmad-agent-bmm-dev.md,.opencode,Documento de referencia o decision,resuelto,Sin accion inmediata; mantener bajo control de cambios y pruebas smoke.,---
164,.opencode/agent/bmad-agent-bmm-pm.md,.opencode,Documento de referencia o decision,resuelto,Sin accion inmediata; mantener bajo control de cambios y pruebas smoke.,---
165,.opencode/agent/bmad-agent-bmm-qa.md,.opencode,Documento de referencia o decision,resuelto,Sin accion inmediata; mantener bajo control de cambios y pruebas smoke.,---
166,.opencode/agent/bmad-agent-bmm-quick-flow-solo-dev.md,.opencode,Documento de referencia o decision,resuelto,Sin accion inmediata; mantener bajo control de cambios y pruebas smoke.,---
167,.opencode/agent/bmad-agent-bmm-sm.md,.opencode,Documento de referencia o decision,resuelto,Sin accion inmediata; mantener bajo control de cambios y pruebas smoke.,---
168,.opencode/agent/bmad-agent-bmm-tech-writer.md,.opencode,Documento de referencia o decision,resuelto,Sin accion inmediata; mantener bajo control de cambios y pruebas smoke.,---
169,.opencode/agent/bmad-agent-bmm-ux-designer.md,.opencode,Documento de referencia o decision,resuelto,Sin accion inmediata; mantener bajo control de cambios y pruebas smoke.,---
170,.opencode/agent/bmad-agent-cis-brainstorming-coach.md,.opencode,Documento de referencia o decision,resuelto,Sin accion inmediata; mantener bajo control de cambios y pruebas smoke.,---
171,.opencode/agent/bmad-agent-cis-creative-problem-solver.md,.opencode,Documento de referencia o decision,resuelto,Sin accion inmediata; mantener bajo control de cambios y pruebas smoke.,---
172,.opencode/agent/bmad-agent-cis-design-thinking-coach.md,.opencode,Documento de referencia o decision,resuelto,Sin accion inmediata; mantener bajo control de cambios y pruebas smoke.,---
173,.opencode/agent/bmad-agent-cis-innovation-strategist.md,.opencode,Documento de referencia o decision,resuelto,Sin accion inmediata; mantener bajo control de cambios y pruebas smoke.,---
174,.opencode/agent/bmad-agent-cis-presentation-master.md,.opencode,Documento de referencia o decision,resuelto,Sin accion inmediata; mantener bajo control de cambios y pruebas smoke.,---
175,.opencode/agent/bmad-agent-cis-storyteller.md,.opencode,Documento de referencia o decision,resuelto,Sin accion inmediata; mantener bajo control de cambios y pruebas smoke.,---
176,.opencode/agent/bmad-agent-tea-tea.md,.opencode,Documento de referencia o decision,resuelto,Sin accion inmediata; mantener bajo control de cambios y pruebas smoke.,---
177,.opencode/command/bmad-bmb-create-agent.md,.opencode,Documento de referencia o decision,resuelto,Sin accion inmediata; mantener bajo control de cambios y pruebas smoke.,---
178,.opencode/command/bmad-bmb-create-module-brief.md,.opencode,Documento de referencia o decision,resuelto,Sin accion inmediata; mantener bajo control de cambios y pruebas smoke.,---
179,.opencode/command/bmad-bmb-create-module.md,.opencode,Documento de referencia o decision,resuelto,Sin accion inmediata; mantener bajo control de cambios y pruebas smoke.,---
180,.opencode/command/bmad-bmb-create-workflow.md,.opencode,Documento de referencia o decision,resuelto,Sin accion inmediata; mantener bajo control de cambios y pruebas smoke.,---
181,.opencode/command/bmad-bmb-edit-agent.md,.opencode,Documento de referencia o decision,resuelto,Sin accion inmediata; mantener bajo control de cambios y pruebas smoke.,---
182,.opencode/command/bmad-bmb-edit-module.md,.opencode,Documento de referencia o decision,resuelto,Sin accion inmediata; mantener bajo control de cambios y pruebas smoke.,---
183,.opencode/command/bmad-bmb-edit-workflow.md,.opencode,Documento de referencia o decision,resuelto,Sin accion inmediata; mantener bajo control de cambios y pruebas smoke.,---
184,.opencode/command/bmad-bmb-rework-workflow.md,.opencode,Documento de referencia o decision,resuelto,Sin accion inmediata; mantener bajo control de cambios y pruebas smoke.,---
185,.opencode/command/bmad-bmb-validate-agent.md,.opencode,Documento de referencia o decision,resuelto,Sin accion inmediata; mantener bajo control de cambios y pruebas smoke.,---
186,.opencode/command/bmad-bmb-validate-max-parallel-workflow.md,.opencode,Documento de referencia o decision,resuelto,Sin accion inmediata; mantener bajo control de cambios y pruebas smoke.,---
187,.opencode/command/bmad-bmb-validate-module.md,.opencode,Documento de referencia o decision,resuelto,Sin accion inmediata; mantener bajo control de cambios y pruebas smoke.,---
188,.opencode/command/bmad-bmb-validate-workflow.md,.opencode,Documento de referencia o decision,resuelto,Sin accion inmediata; mantener bajo control de cambios y pruebas smoke.,---
189,.opencode/command/bmad-bmm-check-implementation-readiness.md,.opencode,Documento de referencia o decision,resuelto,Sin accion inmediata; mantener bajo control de cambios y pruebas smoke.,---
190,.opencode/command/bmad-bmm-code-review.md,.opencode,Documento de referencia o decision,resuelto,Sin accion inmediata; mantener bajo control de cambios y pruebas smoke.,---
191,.opencode/command/bmad-bmm-correct-course.md,.opencode,Documento de referencia o decision,resuelto,Sin accion inmediata; mantener bajo control de cambios y pruebas smoke.,---
192,.opencode/command/bmad-bmm-create-architecture.md,.opencode,Documento de referencia o decision,resuelto,Sin accion inmediata; mantener bajo control de cambios y pruebas smoke.,---
193,.opencode/command/bmad-bmm-create-epics-and-stories.md,.opencode,Documento de referencia o decision,resuelto,Sin accion inmediata; mantener bajo control de cambios y pruebas smoke.,---
194,.opencode/command/bmad-bmm-create-prd.md,.opencode,Documento de referencia o decision,resuelto,Sin accion inmediata; mantener bajo control de cambios y pruebas smoke.,---
195,.opencode/command/bmad-bmm-create-product-brief.md,.opencode,Documento de referencia o decision,resuelto,Sin accion inmediata; mantener bajo control de cambios y pruebas smoke.,---
196,.opencode/command/bmad-bmm-create-story.md,.opencode,Documento de referencia o decision,resuelto,Sin accion inmediata; mantener bajo control de cambios y pruebas smoke.,---
197,.opencode/command/bmad-bmm-create-ux-design.md,.opencode,Documento de referencia o decision,resuelto,Sin accion inmediata; mantener bajo control de cambios y pruebas smoke.,---
198,.opencode/command/bmad-bmm-dev-story.md,.opencode,Documento de referencia o decision,resuelto,Sin accion inmediata; mantener bajo control de cambios y pruebas smoke.,---
199,.opencode/command/bmad-bmm-document-project.md,.opencode,Documento de referencia o decision,resuelto,Sin accion inmediata; mantener bajo control de cambios y pruebas smoke.,---
200,.opencode/command/bmad-bmm-domain-research.md,.opencode,Documento de referencia o decision,resuelto,Sin accion inmediata; mantener bajo control de cambios y pruebas smoke.,---
201,.opencode/command/bmad-bmm-edit-prd.md,.opencode,Documento de referencia o decision,resuelto,Sin accion inmediata; mantener bajo control de cambios y pruebas smoke.,---
202,.opencode/command/bmad-bmm-generate-project-context.md,.opencode,Documento de referencia o decision,resuelto,Sin accion inmediata; mantener bajo control de cambios y pruebas smoke.,---
203,.opencode/command/bmad-bmm-market-research.md,.opencode,Documento de referencia o decision,resuelto,Sin accion inmediata; mantener bajo control de cambios y pruebas smoke.,---
204,.opencode/command/bmad-bmm-qa-automate.md,.opencode,Documento de referencia o decision,resuelto,Sin accion inmediata; mantener bajo control de cambios y pruebas smoke.,---
205,.opencode/command/bmad-bmm-quick-dev.md,.opencode,Documento de referencia o decision,resuelto,Sin accion inmediata; mantener bajo control de cambios y pruebas smoke.,---
206,.opencode/command/bmad-bmm-quick-spec.md,.opencode,Documento de referencia o decision,resuelto,Sin accion inmediata; mantener bajo control de cambios y pruebas smoke.,---
207,.opencode/command/bmad-bmm-retrospective.md,.opencode,Documento de referencia o decision,resuelto,Sin accion inmediata; mantener bajo control de cambios y pruebas smoke.,---
208,.opencode/command/bmad-bmm-sprint-planning.md,.opencode,Documento de referencia o decision,resuelto,Sin accion inmediata; mantener bajo control de cambios y pruebas smoke.,---
209,.opencode/command/bmad-bmm-sprint-status.md,.opencode,Documento de referencia o decision,resuelto,Sin accion inmediata; mantener bajo control de cambios y pruebas smoke.,---
210,.opencode/command/bmad-bmm-technical-research.md,.opencode,Documento de referencia o decision,resuelto,Sin accion inmediata; mantener bajo control de cambios y pruebas smoke.,---
211,.opencode/command/bmad-bmm-validate-prd.md,.opencode,Documento de referencia o decision,resuelto,Sin accion inmediata; mantener bajo control de cambios y pruebas smoke.,---
212,.opencode/command/bmad-brainstorming.md,.opencode,Documento de referencia o decision,resuelto,Sin accion inmediata; mantener bajo control de cambios y pruebas smoke.,---
213,.opencode/command/bmad-cis-design-thinking.md,.opencode,Documento de referencia o decision,resuelto,Sin accion inmediata; mantener bajo control de cambios y pruebas smoke.,---
214,.opencode/command/bmad-cis-innovation-strategy.md,.opencode,Documento de referencia o decision,resuelto,Sin accion inmediata; mantener bajo control de cambios y pruebas smoke.,---
215,.opencode/command/bmad-cis-problem-solving.md,.opencode,Documento de referencia o decision,resuelto,Sin accion inmediata; mantener bajo control de cambios y pruebas smoke.,---
216,.opencode/command/bmad-cis-storytelling.md,.opencode,Documento de referencia o decision,resuelto,Sin accion inmediata; mantener bajo control de cambios y pruebas smoke.,---
217,.opencode/command/bmad-editorial-review-prose.md,.opencode,Documento de referencia o decision,resuelto,Sin accion inmediata; mantener bajo control de cambios y pruebas smoke.,---
218,.opencode/command/bmad-editorial-review-structure.md,.opencode,Documento de referencia o decision,resuelto,Sin accion inmediata; mantener bajo control de cambios y pruebas smoke.,---
219,.opencode/command/bmad-help.md,.opencode,Documento de referencia o decision,resuelto,Sin accion inmediata; mantener bajo control de cambios y pruebas smoke.,---
220,.opencode/command/bmad-index-docs.md,.opencode,Documento de referencia o decision,resuelto,Sin accion inmediata; mantener bajo control de cambios y pruebas smoke.,---
221,.opencode/command/bmad-party-mode.md,.opencode,Documento de referencia o decision,resuelto,Sin accion inmediata; mantener bajo control de cambios y pruebas smoke.,---
222,.opencode/command/bmad-review-adversarial-general.md,.opencode,Documento de referencia o decision,resuelto,Sin accion inmediata; mantener bajo control de cambios y pruebas smoke.,---
223,.opencode/command/bmad-shard-doc.md,.opencode,Documento de referencia o decision,resuelto,Sin accion inmediata; mantener bajo control de cambios y pruebas smoke.,---
224,.opencode/command/bmad-tea-teach-me-testing.md,.opencode,Documento de referencia o decision,resuelto,Sin accion inmediata; mantener bajo control de cambios y pruebas smoke.,---
225,.opencode/command/bmad-tea-testarch-atdd.md,.opencode,Documento de referencia o decision,resuelto,Sin accion inmediata; mantener bajo control de cambios y pruebas smoke.,---
226,.opencode/command/bmad-tea-testarch-automate.md,.opencode,Documento de referencia o decision,resuelto,Sin accion inmediata; mantener bajo control de cambios y pruebas smoke.,---
227,.opencode/command/bmad-tea-testarch-ci.md,.opencode,Documento de referencia o decision,resuelto,Sin accion inmediata; mantener bajo control de cambios y pruebas smoke.,---
228,.opencode/command/bmad-tea-testarch-framework.md,.opencode,Documento de referencia o decision,resuelto,Sin accion inmediata; mantener bajo control de cambios y pruebas smoke.,---
229,.opencode/command/bmad-tea-testarch-nfr.md,.opencode,Documento de referencia o decision,resuelto,Sin accion inmediata; mantener bajo control de cambios y pruebas smoke.,---
230,.opencode/command/bmad-tea-testarch-test-design.md,.opencode,Documento de referencia o decision,resuelto,Sin accion inmediata; mantener bajo control de cambios y pruebas smoke.,---
231,.opencode/command/bmad-tea-testarch-test-review.md,.opencode,Documento de referencia o decision,resuelto,Sin accion inmediata; mantener bajo control de cambios y pruebas smoke.,---
232,.opencode/command/bmad-tea-testarch-trace.md,.opencode,Documento de referencia o decision,resuelto,Sin accion inmediata; mantener bajo control de cambios y pruebas smoke.,---
233,.opencode/command/bmad-workflow.md,.opencode,Documento de referencia o decision,resuelto,Sin accion inmediata; mantener bajo control de cambios y pruebas smoke.,---
234,.pre-commit-config.yaml,.pre-commit-config.yaml,Archivo de configuracion,resuelto,Sin accion inmediata; mantener bajo control de cambios y pruebas smoke.,repos:
235,.tool-versions,.tool-versions,Soporte del repositorio,resuelto,Sin accion inmediata; mantener bajo control de cambios y pruebas smoke.,-
236,.version.lock,.version.lock,Lockfile para reproducibilidad,resuelto,Sin accion inmediata; mantener bajo control de cambios y pruebas smoke.,{
237,.versions/nvim.version,.versions,Soporte del repositorio,resuelto,Sin accion inmediata; mantener bajo control de cambios y pruebas smoke.,-
238,.versions/shell.version,.versions,Soporte del repositorio,resuelto,Sin accion inmediata; mantener bajo control de cambios y pruebas smoke.,-
239,DOTFILES_INDEX.md,DOTFILES_INDEX.md,Entrypoint critico del sistema de dotfiles,resuelto,Mantener con smoke tests y revisiones de regresion.,# 📚 DOTFILES INDEX
240,Makefile,Makefile,Entrypoint critico del sistema de dotfiles,resuelto,Mantener con smoke tests y revisiones de regresion.,.PHONY: help install update clean test lint check security-scan
241,README.md,README.md,Documento de referencia o decision,resuelto,Sin accion inmediata; mantener bajo control de cambios y pruebas smoke.,# Dotfiles — Personal Infrastructure Monorepo
242,VERSION,VERSION,Soporte del repositorio,resuelto,Sin accion inmediata; mantener bajo control de cambios y pruebas smoke.,-
243,VERSION.bak,VERSION.bak,Soporte del repositorio,resuelto,Sin accion inmediata; mantener bajo control de cambios y pruebas smoke.,-
244,WARP.md,WARP.md,Documento de referencia o decision,resuelto,Sin accion inmediata; mantener bajo control de cambios y pruebas smoke.,# WARP.md
245,_bmad/_config/agent-manifest.csv,_bmad,Framework BMAD y conocimiento interno,hay-que-re-evaluar,Separar conocimiento reusable de contenido de soporte; evaluar modularizacion/submodule.,-
246,_bmad/_config/agents/bmb-agent-builder.customize.yaml,_bmad,Archivo de configuracion,hay-que-re-evaluar,Separar conocimiento reusable de contenido de soporte; evaluar modularizacion/submodule.,# Agent Customization
247,_bmad/_config/agents/bmb-module-builder.customize.yaml,_bmad,Archivo de configuracion,hay-que-re-evaluar,Separar conocimiento reusable de contenido de soporte; evaluar modularizacion/submodule.,# Agent Customization
248,_bmad/_config/agents/bmb-workflow-builder.customize.yaml,_bmad,Archivo de configuracion,hay-que-re-evaluar,Separar conocimiento reusable de contenido de soporte; evaluar modularizacion/submodule.,# Agent Customization
249,_bmad/_config/agents/bmm-analyst.customize.yaml,_bmad,Archivo de configuracion,hay-que-re-evaluar,Separar conocimiento reusable de contenido de soporte; evaluar modularizacion/submodule.,# Agent Customization
250,_bmad/_config/agents/bmm-architect.customize.yaml,_bmad,Archivo de configuracion,hay-que-re-evaluar,Separar conocimiento reusable de contenido de soporte; evaluar modularizacion/submodule.,# Agent Customization
251,_bmad/_config/agents/bmm-dev.customize.yaml,_bmad,Archivo de configuracion,hay-que-re-evaluar,Separar conocimiento reusable de contenido de soporte; evaluar modularizacion/submodule.,# Agent Customization
252,_bmad/_config/agents/bmm-pm.customize.yaml,_bmad,Archivo de configuracion,hay-que-re-evaluar,Separar conocimiento reusable de contenido de soporte; evaluar modularizacion/submodule.,# Agent Customization
253,_bmad/_config/agents/bmm-qa.customize.yaml,_bmad,Archivo de configuracion,hay-que-re-evaluar,Separar conocimiento reusable de contenido de soporte; evaluar modularizacion/submodule.,# Agent Customization
254,_bmad/_config/agents/bmm-quick-flow-solo-dev.customize.yaml,_bmad,Archivo de configuracion,hay-que-re-evaluar,Separar conocimiento reusable de contenido de soporte; evaluar modularizacion/submodule.,# Agent Customization
255,_bmad/_config/agents/bmm-sm.customize.yaml,_bmad,Archivo de configuracion,hay-que-re-evaluar,Separar conocimiento reusable de contenido de soporte; evaluar modularizacion/submodule.,# Agent Customization
256,_bmad/_config/agents/bmm-tea.customize.yaml,_bmad,Archivo de configuracion,hay-que-re-evaluar,Separar conocimiento reusable de contenido de soporte; evaluar modularizacion/submodule.,# Agent Customization
257,_bmad/_config/agents/bmm-tech-writer.customize.yaml,_bmad,Archivo de configuracion,hay-que-re-evaluar,Separar conocimiento reusable de contenido de soporte; evaluar modularizacion/submodule.,# Agent Customization
258,_bmad/_config/agents/bmm-ux-designer.customize.yaml,_bmad,Archivo de configuracion,hay-que-re-evaluar,Separar conocimiento reusable de contenido de soporte; evaluar modularizacion/submodule.,# Agent Customization
259,_bmad/_config/agents/cis-brainstorming-coach.customize.yaml,_bmad,Archivo de configuracion,hay-que-re-evaluar,Separar conocimiento reusable de contenido de soporte; evaluar modularizacion/submodule.,# Agent Customization
260,_bmad/_config/agents/cis-creative-problem-solver.customize.yaml,_bmad,Archivo de configuracion,hay-que-re-evaluar,Separar conocimiento reusable de contenido de soporte; evaluar modularizacion/submodule.,# Agent Customization
261,_bmad/_config/agents/cis-design-thinking-coach.customize.yaml,_bmad,Archivo de configuracion,hay-que-re-evaluar,Separar conocimiento reusable de contenido de soporte; evaluar modularizacion/submodule.,# Agent Customization
262,_bmad/_config/agents/cis-innovation-strategist.customize.yaml,_bmad,Archivo de configuracion,hay-que-re-evaluar,Separar conocimiento reusable de contenido de soporte; evaluar modularizacion/submodule.,# Agent Customization
263,_bmad/_config/agents/cis-presentation-master.customize.yaml,_bmad,Archivo de configuracion,hay-que-re-evaluar,Separar conocimiento reusable de contenido de soporte; evaluar modularizacion/submodule.,# Agent Customization
264,_bmad/_config/agents/cis-storyteller.customize.yaml,_bmad,Archivo de configuracion,hay-que-re-evaluar,Separar conocimiento reusable de contenido de soporte; evaluar modularizacion/submodule.,# Agent Customization
265,_bmad/_config/agents/core-bmad-master.customize.yaml,_bmad,Archivo de configuracion,hay-que-re-evaluar,Separar conocimiento reusable de contenido de soporte; evaluar modularizacion/submodule.,# Agent Customization
266,_bmad/_config/agents/tea-tea.customize.yaml,_bmad,Archivo de configuracion,hay-que-re-evaluar,Separar conocimiento reusable de contenido de soporte; evaluar modularizacion/submodule.,# Agent Customization
267,_bmad/_config/bmad-help.csv,_bmad,Framework BMAD y conocimiento interno,hay-que-re-evaluar,Separar conocimiento reusable de contenido de soporte; evaluar modularizacion/submodule.,-
268,_bmad/_config/files-manifest.csv,_bmad,Framework BMAD y conocimiento interno,hay-que-re-evaluar,Separar conocimiento reusable de contenido de soporte; evaluar modularizacion/submodule.,-
269,_bmad/_config/ides/claude-code.yaml,_bmad,Archivo de configuracion,hay-que-re-evaluar,Separar conocimiento reusable de contenido de soporte; evaluar modularizacion/submodule.,ide: claude-code
270,_bmad/_config/ides/codex.yaml,_bmad,Archivo de configuracion,hay-que-re-evaluar,Separar conocimiento reusable de contenido de soporte; evaluar modularizacion/submodule.,ide: codex
271,_bmad/_config/manifest.yaml,_bmad,Archivo de configuracion,hay-que-re-evaluar,Separar conocimiento reusable de contenido de soporte; evaluar modularizacion/submodule.,installation:
272,_bmad/_config/task-manifest.csv,_bmad,Framework BMAD y conocimiento interno,hay-que-re-evaluar,Separar conocimiento reusable de contenido de soporte; evaluar modularizacion/submodule.,-
273,_bmad/_config/tool-manifest.csv,_bmad,Framework BMAD y conocimiento interno,hay-que-re-evaluar,Separar conocimiento reusable de contenido de soporte; evaluar modularizacion/submodule.,-
274,_bmad/_config/workflow-manifest.csv,_bmad,Framework BMAD y conocimiento interno,hay-que-re-evaluar,Separar conocimiento reusable de contenido de soporte; evaluar modularizacion/submodule.,-
275,_bmad/_memory/config.yaml,_bmad,Archivo de configuracion,hay-que-re-evaluar,Separar conocimiento reusable de contenido de soporte; evaluar modularizacion/submodule.,# _MEMORY Module Configuration
276,_bmad/_memory/storyteller-sidecar/stories-told.md,_bmad,Documento de referencia o decision,hay-que-re-evaluar,Separar conocimiento reusable de contenido de soporte; evaluar modularizacion/submodule.,# Story Record Template
277,_bmad/_memory/storyteller-sidecar/story-preferences.md,_bmad,Documento de referencia o decision,hay-que-re-evaluar,Separar conocimiento reusable de contenido de soporte; evaluar modularizacion/submodule.,# Story Record Template
278,_bmad/_memory/tech-writer-sidecar/documentation-standards.md,_bmad,Documento de referencia o decision,hay-que-re-evaluar,Separar conocimiento reusable de contenido de soporte; evaluar modularizacion/submodule.,# Technical Documentation Standards for BMAD
279,_bmad/bmb/agents/agent-builder.md,_bmad,Documento de referencia o decision,hay-que-re-evaluar,Separar conocimiento reusable de contenido de soporte; evaluar modularizacion/submodule.,---
280,_bmad/bmb/agents/module-builder.md,_bmad,Documento de referencia o decision,hay-que-re-evaluar,Separar conocimiento reusable de contenido de soporte; evaluar modularizacion/submodule.,---
281,_bmad/bmb/agents/workflow-builder.md,_bmad,Documento de referencia o decision,hay-que-re-evaluar,Separar conocimiento reusable de contenido de soporte; evaluar modularizacion/submodule.,---
282,_bmad/bmb/config.yaml,_bmad,Archivo de configuracion,hay-que-re-evaluar,Separar conocimiento reusable de contenido de soporte; evaluar modularizacion/submodule.,# BMB Module Configuration
283,_bmad/bmb/module-help.csv,_bmad,Framework BMAD y conocimiento interno,hay-que-re-evaluar,Separar conocimiento reusable de contenido de soporte; evaluar modularizacion/submodule.,-
284,_bmad/bmb/workflows/agent/data/agent-architecture.md,_bmad,Documento de referencia o decision,hay-que-re-evaluar,Separar conocimiento reusable de contenido de soporte; evaluar modularizacion/submodule.,# Agent Architecture
285,_bmad/bmb/workflows/agent/data/agent-compilation.md,_bmad,Documento de referencia o decision,hay-que-re-evaluar,Separar conocimiento reusable de contenido de soporte; evaluar modularizacion/submodule.,# Agent Compilation: YAML → Compiled
286,_bmad/bmb/workflows/agent/data/agent-menu-patterns.md,_bmad,Documento de referencia o decision,hay-que-re-evaluar,Separar conocimiento reusable de contenido de soporte; evaluar modularizacion/submodule.,# Agent Menu Patterns
287,_bmad/bmb/workflows/agent/data/agent-metadata.md,_bmad,Documento de referencia o decision,hay-que-re-evaluar,Separar conocimiento reusable de contenido de soporte; evaluar modularizacion/submodule.,# Agent Metadata Properties
288,_bmad/bmb/workflows/agent/data/agent-validation.md,_bmad,Documento de referencia o decision,hay-que-re-evaluar,Separar conocimiento reusable de contenido de soporte; evaluar modularizacion/submodule.,# Agent Validation
289,_bmad/bmb/workflows/agent/data/brainstorm-context.md,_bmad,Documento de referencia o decision,hay-que-re-evaluar,Separar conocimiento reusable de contenido de soporte; evaluar modularizacion/submodule.,# Agent Brainstorming Context
290,_bmad/bmb/workflows/agent/data/communication-presets.csv,_bmad,Framework BMAD y conocimiento interno,hay-que-re-evaluar,Separar conocimiento reusable de contenido de soporte; evaluar modularizacion/submodule.,-
291,_bmad/bmb/workflows/agent/data/critical-actions.md,_bmad,Documento de referencia o decision,hay-que-re-evaluar,Separar conocimiento reusable de contenido de soporte; evaluar modularizacion/submodule.,# critical_actions
292,_bmad/bmb/workflows/agent/data/persona-properties.md,_bmad,Documento de referencia o decision,hay-que-re-evaluar,Separar conocimiento reusable de contenido de soporte; evaluar modularizacion/submodule.,# Persona Properties
293,_bmad/bmb/workflows/agent/data/principles-crafting.md,_bmad,Documento de referencia o decision,hay-que-re-evaluar,Separar conocimiento reusable de contenido de soporte; evaluar modularizacion/submodule.,# Principles Crafting
294,_bmad/bmb/workflows/agent/data/reference/module-examples/architect.md,_bmad,Documento de referencia o decision,hay-que-re-evaluar,Separar conocimiento reusable de contenido de soporte; evaluar modularizacion/submodule.,---
295,_bmad/bmb/workflows/agent/data/understanding-agent-types.md,_bmad,Documento de referencia o decision,hay-que-re-evaluar,Separar conocimiento reusable de contenido de soporte; evaluar modularizacion/submodule.,# Understanding Agent Types
296,_bmad/bmb/workflows/agent/steps-c/step-01-brainstorm.md,_bmad,Documento de referencia o decision,hay-que-re-evaluar,Separar conocimiento reusable de contenido de soporte; evaluar modularizacion/submodule.,---
297,_bmad/bmb/workflows/agent/steps-c/step-02-discovery.md,_bmad,Documento de referencia o decision,hay-que-re-evaluar,Separar conocimiento reusable de contenido de soporte; evaluar modularizacion/submodule.,---
298,_bmad/bmb/workflows/agent/steps-c/step-03-sidecar-metadata.md,_bmad,Documento de referencia o decision,hay-que-re-evaluar,Separar conocimiento reusable de contenido de soporte; evaluar modularizacion/submodule.,---
299,_bmad/bmb/workflows/agent/steps-c/step-04-persona.md,_bmad,Documento de referencia o decision,hay-que-re-evaluar,Separar conocimiento reusable de contenido de soporte; evaluar modularizacion/submodule.,---
300,_bmad/bmb/workflows/agent/steps-c/step-05-commands-menu.md,_bmad,Documento de referencia o decision,hay-que-re-evaluar,Separar conocimiento reusable de contenido de soporte; evaluar modularizacion/submodule.,---
301,_bmad/bmb/workflows/agent/steps-c/step-06-activation.md,_bmad,Documento de referencia o decision,hay-que-re-evaluar,Separar conocimiento reusable de contenido de soporte; evaluar modularizacion/submodule.,---
302,_bmad/bmb/workflows/agent/steps-c/step-07-build-agent.md,_bmad,Documento de referencia o decision,hay-que-re-evaluar,Separar conocimiento reusable de contenido de soporte; evaluar modularizacion/submodule.,---
303,_bmad/bmb/workflows/agent/steps-c/step-08-celebrate.md,_bmad,Documento de referencia o decision,hay-que-re-evaluar,Separar conocimiento reusable de contenido de soporte; evaluar modularizacion/submodule.,---
304,_bmad/bmb/workflows/agent/steps-e/e-01-load-existing.md,_bmad,Documento de referencia o decision,hay-que-re-evaluar,Separar conocimiento reusable de contenido de soporte; evaluar modularizacion/submodule.,---
305,_bmad/bmb/workflows/agent/steps-e/e-02-discover-edits.md,_bmad,Documento de referencia o decision,hay-que-re-evaluar,Separar conocimiento reusable de contenido de soporte; evaluar modularizacion/submodule.,---
306,_bmad/bmb/workflows/agent/steps-e/e-03-placeholder.md,_bmad,Documento de referencia o decision,hay-que-re-evaluar,Separar conocimiento reusable de contenido de soporte; evaluar modularizacion/submodule.,# Placeholder - do not load this step.
307,_bmad/bmb/workflows/agent/steps-e/e-04-sidecar-metadata.md,_bmad,Documento de referencia o decision,hay-que-re-evaluar,Separar conocimiento reusable de contenido de soporte; evaluar modularizacion/submodule.,---
308,_bmad/bmb/workflows/agent/steps-e/e-05-persona.md,_bmad,Documento de referencia o decision,hay-que-re-evaluar,Separar conocimiento reusable de contenido de soporte; evaluar modularizacion/submodule.,---
309,_bmad/bmb/workflows/agent/steps-e/e-06-commands-menu.md,_bmad,Documento de referencia o decision,hay-que-re-evaluar,Separar conocimiento reusable de contenido de soporte; evaluar modularizacion/submodule.,---
310,_bmad/bmb/workflows/agent/steps-e/e-07-activation.md,_bmad,Documento de referencia o decision,hay-que-re-evaluar,Separar conocimiento reusable de contenido de soporte; evaluar modularizacion/submodule.,---
311,_bmad/bmb/workflows/agent/steps-e/e-08-edit-agent.md,_bmad,Documento de referencia o decision,hay-que-re-evaluar,Separar conocimiento reusable de contenido de soporte; evaluar modularizacion/submodule.,---
312,_bmad/bmb/workflows/agent/steps-e/e-09-celebrate.md,_bmad,Documento de referencia o decision,hay-que-re-evaluar,Separar conocimiento reusable de contenido de soporte; evaluar modularizacion/submodule.,---
313,_bmad/bmb/workflows/agent/steps-v/v-01-load-review.md,_bmad,Documento de referencia o decision,hay-que-re-evaluar,Separar conocimiento reusable de contenido de soporte; evaluar modularizacion/submodule.,---
314,_bmad/bmb/workflows/agent/steps-v/v-02a-validate-metadata.md,_bmad,Documento de referencia o decision,hay-que-re-evaluar,Separar conocimiento reusable de contenido de soporte; evaluar modularizacion/submodule.,---
315,_bmad/bmb/workflows/agent/steps-v/v-02b-validate-persona.md,_bmad,Documento de referencia o decision,hay-que-re-evaluar,Separar conocimiento reusable de contenido de soporte; evaluar modularizacion/submodule.,---
316,_bmad/bmb/workflows/agent/steps-v/v-02c-validate-menu.md,_bmad,Documento de referencia o decision,hay-que-re-evaluar,Separar conocimiento reusable de contenido de soporte; evaluar modularizacion/submodule.,---
317,_bmad/bmb/workflows/agent/steps-v/v-02d-validate-structure.md,_bmad,Documento de referencia o decision,hay-que-re-evaluar,Separar conocimiento reusable de contenido de soporte; evaluar modularizacion/submodule.,---
318,_bmad/bmb/workflows/agent/steps-v/v-02e-validate-sidecar.md,_bmad,Documento de referencia o decision,hay-que-re-evaluar,Separar conocimiento reusable de contenido de soporte; evaluar modularizacion/submodule.,---
319,_bmad/bmb/workflows/agent/steps-v/v-03-summary.md,_bmad,Documento de referencia o decision,hay-que-re-evaluar,Separar conocimiento reusable de contenido de soporte; evaluar modularizacion/submodule.,---
320,_bmad/bmb/workflows/agent/templates/agent-plan.template.md,_bmad,Documento de referencia o decision,hay-que-re-evaluar,Separar conocimiento reusable de contenido de soporte; evaluar modularizacion/submodule.,---
321,_bmad/bmb/workflows/agent/templates/agent-template.md,_bmad,Documento de referencia o decision,hay-que-re-evaluar,Separar conocimiento reusable de contenido de soporte; evaluar modularizacion/submodule.,{{#if comment}}
322,_bmad/bmb/workflows/agent/workflow-create-agent.md,_bmad,Documento de referencia o decision,hay-que-re-evaluar,Separar conocimiento reusable de contenido de soporte; evaluar modularizacion/submodule.,---
323,_bmad/bmb/workflows/agent/workflow-edit-agent.md,_bmad,Documento de referencia o decision,hay-que-re-evaluar,Separar conocimiento reusable de contenido de soporte; evaluar modularizacion/submodule.,---
324,_bmad/bmb/workflows/agent/workflow-validate-agent.md,_bmad,Documento de referencia o decision,hay-que-re-evaluar,Separar conocimiento reusable de contenido de soporte; evaluar modularizacion/submodule.,---
325,_bmad/bmb/workflows/module/data/agent-architecture.md,_bmad,Documento de referencia o decision,hay-que-re-evaluar,Separar conocimiento reusable de contenido de soporte; evaluar modularizacion/submodule.,# Agent Architecture for Modules
326,_bmad/bmb/workflows/module/data/agent-spec-template.md,_bmad,Documento de referencia o decision,hay-que-re-evaluar,Separar conocimiento reusable de contenido de soporte; evaluar modularizacion/submodule.,# Agent Specification: {agent_name}
327,_bmad/bmb/workflows/module/data/module-standards.md,_bmad,Documento de referencia o decision,hay-que-re-evaluar,Separar conocimiento reusable de contenido de soporte; evaluar modularizacion/submodule.,# Module Standards
328,_bmad/bmb/workflows/module/data/module-yaml-conventions.md,_bmad,Documento de referencia o decision,hay-que-re-evaluar,Separar conocimiento reusable de contenido de soporte; evaluar modularizacion/submodule.,# module.yaml Conventions
329,_bmad/bmb/workflows/module/module-help-generate.md,_bmad,Documento de referencia o decision,hay-que-re-evaluar,Separar conocimiento reusable de contenido de soporte; evaluar modularizacion/submodule.,---
330,_bmad/bmb/workflows/module/steps-b/step-01-welcome.md,_bmad,Documento de referencia o decision,hay-que-re-evaluar,Separar conocimiento reusable de contenido de soporte; evaluar modularizacion/submodule.,---
331,_bmad/bmb/workflows/module/steps-b/step-02-spark.md,_bmad,Documento de referencia o decision,hay-que-re-evaluar,Separar conocimiento reusable de contenido de soporte; evaluar modularizacion/submodule.,---
332,_bmad/bmb/workflows/module/steps-b/step-03-module-type.md,_bmad,Documento de referencia o decision,hay-que-re-evaluar,Separar conocimiento reusable de contenido de soporte; evaluar modularizacion/submodule.,---
333,_bmad/bmb/workflows/module/steps-b/step-04-vision.md,_bmad,Documento de referencia o decision,hay-que-re-evaluar,Separar conocimiento reusable de contenido de soporte; evaluar modularizacion/submodule.,---
334,_bmad/bmb/workflows/module/steps-b/step-05-identity.md,_bmad,Documento de referencia o decision,hay-que-re-evaluar,Separar conocimiento reusable de contenido de soporte; evaluar modularizacion/submodule.,---
335,_bmad/bmb/workflows/module/steps-b/step-06-users.md,_bmad,Documento de referencia o decision,hay-que-re-evaluar,Separar conocimiento reusable de contenido de soporte; evaluar modularizacion/submodule.,---
336,_bmad/bmb/workflows/module/steps-b/step-07-value.md,_bmad,Documento de referencia o decision,hay-que-re-evaluar,Separar conocimiento reusable de contenido de soporte; evaluar modularizacion/submodule.,---
337,_bmad/bmb/workflows/module/steps-b/step-08-agents.md,_bmad,Documento de referencia o decision,hay-que-re-evaluar,Separar conocimiento reusable de contenido de soporte; evaluar modularizacion/submodule.,---
338,_bmad/bmb/workflows/module/steps-b/step-09-workflows.md,_bmad,Documento de referencia o decision,hay-que-re-evaluar,Separar conocimiento reusable de contenido de soporte; evaluar modularizacion/submodule.,---
339,_bmad/bmb/workflows/module/steps-b/step-10-tools.md,_bmad,Documento de referencia o decision,hay-que-re-evaluar,Separar conocimiento reusable de contenido de soporte; evaluar modularizacion/submodule.,---
340,_bmad/bmb/workflows/module/steps-b/step-11-scenarios.md,_bmad,Documento de referencia o decision,hay-que-re-evaluar,Separar conocimiento reusable de contenido de soporte; evaluar modularizacion/submodule.,---
341,_bmad/bmb/workflows/module/steps-b/step-12-creative.md,_bmad,Documento de referencia o decision,hay-que-re-evaluar,Separar conocimiento reusable de contenido de soporte; evaluar modularizacion/submodule.,---
342,_bmad/bmb/workflows/module/steps-b/step-13-review.md,_bmad,Documento de referencia o decision,hay-que-re-evaluar,Separar conocimiento reusable de contenido de soporte; evaluar modularizacion/submodule.,---
343,_bmad/bmb/workflows/module/steps-b/step-14-finalize.md,_bmad,Documento de referencia o decision,hay-que-re-evaluar,Separar conocimiento reusable de contenido de soporte; evaluar modularizacion/submodule.,---
344,_bmad/bmb/workflows/module/steps-c/step-01-load-brief.md,_bmad,Documento de referencia o decision,hay-que-re-evaluar,Separar conocimiento reusable de contenido de soporte; evaluar modularizacion/submodule.,---
345,_bmad/bmb/workflows/module/steps-c/step-01b-continue.md,_bmad,Documento de referencia o decision,hay-que-re-evaluar,Separar conocimiento reusable de contenido de soporte; evaluar modularizacion/submodule.,---
346,_bmad/bmb/workflows/module/steps-c/step-02-structure.md,_bmad,Documento de referencia o decision,hay-que-re-evaluar,Separar conocimiento reusable de contenido de soporte; evaluar modularizacion/submodule.,---
347,_bmad/bmb/workflows/module/steps-c/step-03-config.md,_bmad,Documento de referencia o decision,hay-que-re-evaluar,Separar conocimiento reusable de contenido de soporte; evaluar modularizacion/submodule.,---
348,_bmad/bmb/workflows/module/steps-c/step-04-agents.md,_bmad,Documento de referencia o decision,hay-que-re-evaluar,Separar conocimiento reusable de contenido de soporte; evaluar modularizacion/submodule.,---
349,_bmad/bmb/workflows/module/steps-c/step-05-workflows.md,_bmad,Documento de referencia o decision,hay-que-re-evaluar,Separar conocimiento reusable de contenido de soporte; evaluar modularizacion/submodule.,---
350,_bmad/bmb/workflows/module/steps-c/step-06-docs.md,_bmad,Documento de referencia o decision,hay-que-re-evaluar,Separar conocimiento reusable de contenido de soporte; evaluar modularizacion/submodule.,---
351,_bmad/bmb/workflows/module/steps-c/step-07-complete.md,_bmad,Documento de referencia o decision,hay-que-re-evaluar,Separar conocimiento reusable de contenido de soporte; evaluar modularizacion/submodule.,---
352,_bmad/bmb/workflows/module/steps-e/step-01-load-target.md,_bmad,Documento de referencia o decision,hay-que-re-evaluar,Separar conocimiento reusable de contenido de soporte; evaluar modularizacion/submodule.,---
353,_bmad/bmb/workflows/module/steps-e/step-02-select-edit.md,_bmad,Documento de referencia o decision,hay-que-re-evaluar,Separar conocimiento reusable de contenido de soporte; evaluar modularizacion/submodule.,---
354,_bmad/bmb/workflows/module/steps-e/step-03-apply-edit.md,_bmad,Documento de referencia o decision,hay-que-re-evaluar,Separar conocimiento reusable de contenido de soporte; evaluar modularizacion/submodule.,---
355,_bmad/bmb/workflows/module/steps-e/step-04-review.md,_bmad,Documento de referencia o decision,hay-que-re-evaluar,Separar conocimiento reusable de contenido de soporte; evaluar modularizacion/submodule.,---
356,_bmad/bmb/workflows/module/steps-e/step-05-confirm.md,_bmad,Documento de referencia o decision,hay-que-re-evaluar,Separar conocimiento reusable de contenido de soporte; evaluar modularizacion/submodule.,---
357,_bmad/bmb/workflows/module/steps-v/step-01-load-target.md,_bmad,Documento de referencia o decision,hay-que-re-evaluar,Separar conocimiento reusable de contenido de soporte; evaluar modularizacion/submodule.,---
358,_bmad/bmb/workflows/module/steps-v/step-02-file-structure.md,_bmad,Documento de referencia o decision,hay-que-re-evaluar,Separar conocimiento reusable de contenido de soporte; evaluar modularizacion/submodule.,---
359,_bmad/bmb/workflows/module/steps-v/step-03-module-yaml.md,_bmad,Documento de referencia o decision,hay-que-re-evaluar,Separar conocimiento reusable de contenido de soporte; evaluar modularizacion/submodule.,---
360,_bmad/bmb/workflows/module/steps-v/step-04-agent-specs.md,_bmad,Documento de referencia o decision,hay-que-re-evaluar,Separar conocimiento reusable de contenido de soporte; evaluar modularizacion/submodule.,---
361,_bmad/bmb/workflows/module/steps-v/step-05-workflow-specs.md,_bmad,Documento de referencia o decision,hay-que-re-evaluar,Separar conocimiento reusable de contenido de soporte; evaluar modularizacion/submodule.,---
362,_bmad/bmb/workflows/module/steps-v/step-06-documentation.md,_bmad,Documento de referencia o decision,hay-que-re-evaluar,Separar conocimiento reusable de contenido de soporte; evaluar modularizacion/submodule.,---
363,_bmad/bmb/workflows/module/steps-v/step-07-installation.md,_bmad,Documento de referencia o decision,hay-que-re-evaluar,Separar conocimiento reusable de contenido de soporte; evaluar modularizacion/submodule.,---
364,_bmad/bmb/workflows/module/steps-v/step-08-report.md,_bmad,Documento de referencia o decision,hay-que-re-evaluar,Separar conocimiento reusable de contenido de soporte; evaluar modularizacion/submodule.,---
365,_bmad/bmb/workflows/module/templates/brief-template.md,_bmad,Documento de referencia o decision,hay-que-re-evaluar,Separar conocimiento reusable de contenido de soporte; evaluar modularizacion/submodule.,# Module Brief: {module_code}
366,_bmad/bmb/workflows/module/templates/workflow-spec-template.md,_bmad,Documento de referencia o decision,hay-que-re-evaluar,Separar conocimiento reusable de contenido de soporte; evaluar modularizacion/submodule.,# Workflow Specification: {workflow_name}
367,_bmad/bmb/workflows/module/workflow-create-module-brief.md,_bmad,Documento de referencia o decision,hay-que-re-evaluar,Separar conocimiento reusable de contenido de soporte; evaluar modularizacion/submodule.,---
368,_bmad/bmb/workflows/module/workflow-create-module.md,_bmad,Documento de referencia o decision,hay-que-re-evaluar,Separar conocimiento reusable de contenido de soporte; evaluar modularizacion/submodule.,---
369,_bmad/bmb/workflows/module/workflow-edit-module.md,_bmad,Documento de referencia o decision,hay-que-re-evaluar,Separar conocimiento reusable de contenido de soporte; evaluar modularizacion/submodule.,---
370,_bmad/bmb/workflows/module/workflow-validate-module.md,_bmad,Documento de referencia o decision,hay-que-re-evaluar,Separar conocimiento reusable de contenido de soporte; evaluar modularizacion/submodule.,---
371,_bmad/bmb/workflows/workflow/data/architecture.md,_bmad,Documento de referencia o decision,hay-que-re-evaluar,Separar conocimiento reusable de contenido de soporte; evaluar modularizacion/submodule.,# Workflow Architecture
372,_bmad/bmb/workflows/workflow/data/common-workflow-tools.csv,_bmad,Framework BMAD y conocimiento interno,hay-que-re-evaluar,Separar conocimiento reusable de contenido de soporte; evaluar modularizacion/submodule.,-
373,_bmad/bmb/workflows/workflow/data/csv-data-file-standards.md,_bmad,Documento de referencia o decision,hay-que-re-evaluar,Separar conocimiento reusable de contenido de soporte; evaluar modularizacion/submodule.,# CSV Data File Standards
374,_bmad/bmb/workflows/workflow/data/frontmatter-standards.md,_bmad,Documento de referencia o decision,hay-que-re-evaluar,Separar conocimiento reusable de contenido de soporte; evaluar modularizacion/submodule.,# Frontmatter Standards
375,_bmad/bmb/workflows/workflow/data/input-discovery-standards.md,_bmad,Documento de referencia o decision,hay-que-re-evaluar,Separar conocimiento reusable de contenido de soporte; evaluar modularizacion/submodule.,# Input Document Discovery Standards
376,_bmad/bmb/workflows/workflow/data/intent-vs-prescriptive-spectrum.md,_bmad,Documento de referencia o decision,hay-que-re-evaluar,Separar conocimiento reusable de contenido de soporte; evaluar modularizacion/submodule.,# Intent vs Prescriptive Spectrum
377,_bmad/bmb/workflows/workflow/data/menu-handling-standards.md,_bmad,Documento de referencia o decision,hay-que-re-evaluar,Separar conocimiento reusable de contenido de soporte; evaluar modularizacion/submodule.,# Menu Handling Standards
378,_bmad/bmb/workflows/workflow/data/output-format-standards.md,_bmad,Documento de referencia o decision,hay-que-re-evaluar,Separar conocimiento reusable de contenido de soporte; evaluar modularizacion/submodule.,# Output Format Standards
379,_bmad/bmb/workflows/workflow/data/step-file-rules.md,_bmad,Documento de referencia o decision,hay-que-re-evaluar,Separar conocimiento reusable de contenido de soporte; evaluar modularizacion/submodule.,# Step File Rules
380,_bmad/bmb/workflows/workflow/data/step-type-patterns.md,_bmad,Documento de referencia o decision,hay-que-re-evaluar,Separar conocimiento reusable de contenido de soporte; evaluar modularizacion/submodule.,# Step Type Patterns
381,_bmad/bmb/workflows/workflow/data/subprocess-optimization-patterns.md,_bmad,Documento de referencia o decision,hay-que-re-evaluar,Separar conocimiento reusable de contenido de soporte; evaluar modularizacion/submodule.,# Subprocess Optimization Patterns
382,_bmad/bmb/workflows/workflow/data/trimodal-workflow-structure.md,_bmad,Documento de referencia o decision,hay-que-re-evaluar,Separar conocimiento reusable de contenido de soporte; evaluar modularizacion/submodule.,# Tri-Modal Workflow Structure
383,_bmad/bmb/workflows/workflow/data/workflow-chaining-standards.md,_bmad,Documento de referencia o decision,hay-que-re-evaluar,Separar conocimiento reusable de contenido de soporte; evaluar modularizacion/submodule.,# Workflow Chaining Standards
384,_bmad/bmb/workflows/workflow/data/workflow-examples.md,_bmad,Documento de referencia o decision,hay-que-re-evaluar,Separar conocimiento reusable de contenido de soporte; evaluar modularizacion/submodule.,# Novel Workflow Examples
385,_bmad/bmb/workflows/workflow/data/workflow-type-criteria.md,_bmad,Documento de referencia o decision,hay-que-re-evaluar,Separar conocimiento reusable de contenido de soporte; evaluar modularizacion/submodule.,# Workflow Type Criteria
386,_bmad/bmb/workflows/workflow/steps-c/step-00-conversion.md,_bmad,Documento de referencia o decision,hay-que-re-evaluar,Separar conocimiento reusable de contenido de soporte; evaluar modularizacion/submodule.,---
387,_bmad/bmb/workflows/workflow/steps-c/step-01-discovery.md,_bmad,Documento de referencia o decision,hay-que-re-evaluar,Separar conocimiento reusable de contenido de soporte; evaluar modularizacion/submodule.,---
388,_bmad/bmb/workflows/workflow/steps-c/step-01b-continuation.md,_bmad,Documento de referencia o decision,hay-que-re-evaluar,Separar conocimiento reusable de contenido de soporte; evaluar modularizacion/submodule.,# TODO - THIS IS A PLACE HOLDER NOT IMPLEMENTED YET IN THIS FLOW
389,_bmad/bmb/workflows/workflow/steps-c/step-02-classification.md,_bmad,Documento de referencia o decision,hay-que-re-evaluar,Separar conocimiento reusable de contenido de soporte; evaluar modularizacion/submodule.,---
390,_bmad/bmb/workflows/workflow/steps-c/step-03-requirements.md,_bmad,Documento de referencia o decision,hay-que-re-evaluar,Separar conocimiento reusable de contenido de soporte; evaluar modularizacion/submodule.,---
391,_bmad/bmb/workflows/workflow/steps-c/step-04-tools.md,_bmad,Documento de referencia o decision,hay-que-re-evaluar,Separar conocimiento reusable de contenido de soporte; evaluar modularizacion/submodule.,---
392,_bmad/bmb/workflows/workflow/steps-c/step-05-plan-review.md,_bmad,Documento de referencia o decision,hay-que-re-evaluar,Separar conocimiento reusable de contenido de soporte; evaluar modularizacion/submodule.,---
393,_bmad/bmb/workflows/workflow/steps-c/step-06-design.md,_bmad,Documento de referencia o decision,hay-que-re-evaluar,Separar conocimiento reusable de contenido de soporte; evaluar modularizacion/submodule.,---
394,_bmad/bmb/workflows/workflow/steps-c/step-07-foundation.md,_bmad,Documento de referencia o decision,hay-que-re-evaluar,Separar conocimiento reusable de contenido de soporte; evaluar modularizacion/submodule.,---
395,_bmad/bmb/workflows/workflow/steps-c/step-08-build-step-01.md,_bmad,Documento de referencia o decision,hay-que-re-evaluar,Separar conocimiento reusable de contenido de soporte; evaluar modularizacion/submodule.,---
396,_bmad/bmb/workflows/workflow/steps-c/step-09-build-next-step.md,_bmad,Documento de referencia o decision,hay-que-re-evaluar,Separar conocimiento reusable de contenido de soporte; evaluar modularizacion/submodule.,---
397,_bmad/bmb/workflows/workflow/steps-c/step-10-confirmation.md,_bmad,Documento de referencia o decision,hay-que-re-evaluar,Separar conocimiento reusable de contenido de soporte; evaluar modularizacion/submodule.,---
398,_bmad/bmb/workflows/workflow/steps-c/step-11-completion.md,_bmad,Documento de referencia o decision,hay-que-re-evaluar,Separar conocimiento reusable de contenido de soporte; evaluar modularizacion/submodule.,---
399,_bmad/bmb/workflows/workflow/steps-e/step-e-01-assess-workflow.md,_bmad,Documento de referencia o decision,hay-que-re-evaluar,Separar conocimiento reusable de contenido de soporte; evaluar modularizacion/submodule.,---
400,_bmad/bmb/workflows/workflow/steps-e/step-e-02-discover-edits.md,_bmad,Documento de referencia o decision,hay-que-re-evaluar,Separar conocimiento reusable de contenido de soporte; evaluar modularizacion/submodule.,---
401,_bmad/bmb/workflows/workflow/steps-e/step-e-03-fix-validation.md,_bmad,Documento de referencia o decision,hay-que-re-evaluar,Separar conocimiento reusable de contenido de soporte; evaluar modularizacion/submodule.,---
402,_bmad/bmb/workflows/workflow/steps-e/step-e-04-direct-edit.md,_bmad,Documento de referencia o decision,hay-que-re-evaluar,Separar conocimiento reusable de contenido de soporte; evaluar modularizacion/submodule.,---
403,_bmad/bmb/workflows/workflow/steps-e/step-e-05-apply-edit.md,_bmad,Documento de referencia o decision,hay-que-re-evaluar,Separar conocimiento reusable de contenido de soporte; evaluar modularizacion/submodule.,---
404,_bmad/bmb/workflows/workflow/steps-e/step-e-06-validate-after.md,_bmad,Documento de referencia o decision,hay-que-re-evaluar,Separar conocimiento reusable de contenido de soporte; evaluar modularizacion/submodule.,---
405,_bmad/bmb/workflows/workflow/steps-e/step-e-07-complete.md,_bmad,Documento de referencia o decision,hay-que-re-evaluar,Separar conocimiento reusable de contenido de soporte; evaluar modularizacion/submodule.,---
406,_bmad/bmb/workflows/workflow/steps-v/step-01-validate-max-mode.md,_bmad,Documento de referencia o decision,hay-que-re-evaluar,Separar conocimiento reusable de contenido de soporte; evaluar modularizacion/submodule.,---
407,_bmad/bmb/workflows/workflow/steps-v/step-01-validate.md,_bmad,Documento de referencia o decision,hay-que-re-evaluar,Separar conocimiento reusable de contenido de soporte; evaluar modularizacion/submodule.,---
408,_bmad/bmb/workflows/workflow/steps-v/step-01b-structure.md,_bmad,Documento de referencia o decision,hay-que-re-evaluar,Separar conocimiento reusable de contenido de soporte; evaluar modularizacion/submodule.,---
409,_bmad/bmb/workflows/workflow/steps-v/step-02-frontmatter-validation.md,_bmad,Documento de referencia o decision,hay-que-re-evaluar,Separar conocimiento reusable de contenido de soporte; evaluar modularizacion/submodule.,---
410,_bmad/bmb/workflows/workflow/steps-v/step-02b-path-violations.md,_bmad,Documento de referencia o decision,hay-que-re-evaluar,Separar conocimiento reusable de contenido de soporte; evaluar modularizacion/submodule.,---
411,_bmad/bmb/workflows/workflow/steps-v/step-03-menu-validation.md,_bmad,Documento de referencia o decision,hay-que-re-evaluar,Separar conocimiento reusable de contenido de soporte; evaluar modularizacion/submodule.,---
412,_bmad/bmb/workflows/workflow/steps-v/step-04-step-type-validation.md,_bmad,Documento de referencia o decision,hay-que-re-evaluar,Separar conocimiento reusable de contenido de soporte; evaluar modularizacion/submodule.,---
413,_bmad/bmb/workflows/workflow/steps-v/step-05-output-format-validation.md,_bmad,Documento de referencia o decision,hay-que-re-evaluar,Separar conocimiento reusable de contenido de soporte; evaluar modularizacion/submodule.,---
414,_bmad/bmb/workflows/workflow/steps-v/step-06-validation-design-check.md,_bmad,Documento de referencia o decision,hay-que-re-evaluar,Separar conocimiento reusable de contenido de soporte; evaluar modularizacion/submodule.,---
415,_bmad/bmb/workflows/workflow/steps-v/step-07-instruction-style-check.md,_bmad,Documento de referencia o decision,hay-que-re-evaluar,Separar conocimiento reusable de contenido de soporte; evaluar modularizacion/submodule.,---
416,_bmad/bmb/workflows/workflow/steps-v/step-08-collaborative-experience-check.md,_bmad,Documento de referencia o decision,hay-que-re-evaluar,Separar conocimiento reusable de contenido de soporte; evaluar modularizacion/submodule.,---
417,_bmad/bmb/workflows/workflow/steps-v/step-08b-subprocess-optimization.md,_bmad,Documento de referencia o decision,hay-que-re-evaluar,Separar conocimiento reusable de contenido de soporte; evaluar modularizacion/submodule.,---
418,_bmad/bmb/workflows/workflow/steps-v/step-09-cohesive-review.md,_bmad,Documento de referencia o decision,hay-que-re-evaluar,Separar conocimiento reusable de contenido de soporte; evaluar modularizacion/submodule.,---
419,_bmad/bmb/workflows/workflow/steps-v/step-10-report-complete.md,_bmad,Documento de referencia o decision,hay-que-re-evaluar,Separar conocimiento reusable de contenido de soporte; evaluar modularizacion/submodule.,---
420,_bmad/bmb/workflows/workflow/steps-v/step-11-plan-validation.md,_bmad,Documento de referencia o decision,hay-que-re-evaluar,Separar conocimiento reusable de contenido de soporte; evaluar modularizacion/submodule.,---
421,_bmad/bmb/workflows/workflow/templates/minimal-output-template.md,_bmad,Documento de referencia o decision,hay-que-re-evaluar,Separar conocimiento reusable de contenido de soporte; evaluar modularizacion/submodule.,---
422,_bmad/bmb/workflows/workflow/templates/step-01-init-continuable-template.md,_bmad,Documento de referencia o decision,hay-que-re-evaluar,Separar conocimiento reusable de contenido de soporte; evaluar modularizacion/submodule.,# BMAD Continuable Step 01 Init Template
423,_bmad/bmb/workflows/workflow/templates/step-1b-template.md,_bmad,Documento de referencia o decision,hay-que-re-evaluar,Separar conocimiento reusable de contenido de soporte; evaluar modularizacion/submodule.,# BMAD Workflow Step 1B Continuation Template
424,_bmad/bmb/workflows/workflow/templates/step-template.md,_bmad,Documento de referencia o decision,hay-que-re-evaluar,Separar conocimiento reusable de contenido de soporte; evaluar modularizacion/submodule.,# BMAD Workflow Step Template
425,_bmad/bmb/workflows/workflow/templates/workflow-template.md,_bmad,Documento de referencia o decision,hay-que-re-evaluar,Separar conocimiento reusable de contenido de soporte; evaluar modularizacion/submodule.,# BMAD Workflow Template
426,_bmad/bmb/workflows/workflow/workflow-create-workflow.md,_bmad,Documento de referencia o decision,hay-que-re-evaluar,Separar conocimiento reusable de contenido de soporte; evaluar modularizacion/submodule.,---
427,_bmad/bmb/workflows/workflow/workflow-edit-workflow.md,_bmad,Documento de referencia o decision,hay-que-re-evaluar,Separar conocimiento reusable de contenido de soporte; evaluar modularizacion/submodule.,---
428,_bmad/bmb/workflows/workflow/workflow-rework-workflow.md,_bmad,Documento de referencia o decision,hay-que-re-evaluar,Separar conocimiento reusable de contenido de soporte; evaluar modularizacion/submodule.,---
429,_bmad/bmb/workflows/workflow/workflow-validate-max-parallel-workflow.md,_bmad,Documento de referencia o decision,hay-que-re-evaluar,Separar conocimiento reusable de contenido de soporte; evaluar modularizacion/submodule.,---
430,_bmad/bmb/workflows/workflow/workflow-validate-workflow.md,_bmad,Documento de referencia o decision,hay-que-re-evaluar,Separar conocimiento reusable de contenido de soporte; evaluar modularizacion/submodule.,---
431,_bmad/bmm/agents/analyst.md,_bmad,Documento de referencia o decision,hay-que-re-evaluar,Separar conocimiento reusable de contenido de soporte; evaluar modularizacion/submodule.,---
432,_bmad/bmm/agents/architect.md,_bmad,Documento de referencia o decision,hay-que-re-evaluar,Separar conocimiento reusable de contenido de soporte; evaluar modularizacion/submodule.,---
433,_bmad/bmm/agents/dev.md,_bmad,Documento de referencia o decision,hay-que-re-evaluar,Separar conocimiento reusable de contenido de soporte; evaluar modularizacion/submodule.,---
434,_bmad/bmm/agents/pm.md,_bmad,Documento de referencia o decision,hay-que-re-evaluar,Separar conocimiento reusable de contenido de soporte; evaluar modularizacion/submodule.,---
435,_bmad/bmm/agents/qa.md,_bmad,Documento de referencia o decision,hay-que-re-evaluar,Separar conocimiento reusable de contenido de soporte; evaluar modularizacion/submodule.,---
436,_bmad/bmm/agents/quick-flow-solo-dev.md,_bmad,Documento de referencia o decision,hay-que-re-evaluar,Separar conocimiento reusable de contenido de soporte; evaluar modularizacion/submodule.,---
437,_bmad/bmm/agents/sm.md,_bmad,Documento de referencia o decision,hay-que-re-evaluar,Separar conocimiento reusable de contenido de soporte; evaluar modularizacion/submodule.,---
438,_bmad/bmm/agents/tech-writer/tech-writer.md,_bmad,Documento de referencia o decision,hay-que-re-evaluar,Separar conocimiento reusable de contenido de soporte; evaluar modularizacion/submodule.,---
439,_bmad/bmm/agents/ux-designer.md,_bmad,Documento de referencia o decision,hay-que-re-evaluar,Separar conocimiento reusable de contenido de soporte; evaluar modularizacion/submodule.,---
440,_bmad/bmm/config.yaml,_bmad,Archivo de configuracion,hay-que-re-evaluar,Separar conocimiento reusable de contenido de soporte; evaluar modularizacion/submodule.,# BMM Module Configuration
441,_bmad/bmm/data/project-context-template.md,_bmad,Documento de referencia o decision,hay-que-re-evaluar,Separar conocimiento reusable de contenido de soporte; evaluar modularizacion/submodule.,# Project Brainstorming Context Template
442,_bmad/bmm/module-help.csv,_bmad,Framework BMAD y conocimiento interno,hay-que-re-evaluar,Separar conocimiento reusable de contenido de soporte; evaluar modularizacion/submodule.,-
443,_bmad/bmm/teams/default-party.csv,_bmad,Framework BMAD y conocimiento interno,hay-que-re-evaluar,Separar conocimiento reusable de contenido de soporte; evaluar modularizacion/submodule.,-
444,_bmad/bmm/teams/team-fullstack.yaml,_bmad,Archivo de configuracion,hay-que-re-evaluar,Separar conocimiento reusable de contenido de soporte; evaluar modularizacion/submodule.,# <!-- Powered by BMAD-CORE™ -->
445,_bmad/bmm/workflows/1-analysis/create-product-brief/product-brief.template.md,_bmad,Documento de referencia o decision,hay-que-re-evaluar,Separar conocimiento reusable de contenido de soporte; evaluar modularizacion/submodule.,---
446,_bmad/bmm/workflows/1-analysis/create-product-brief/steps/step-01-init.md,_bmad,Documento de referencia o decision,hay-que-re-evaluar,Separar conocimiento reusable de contenido de soporte; evaluar modularizacion/submodule.,---
447,_bmad/bmm/workflows/1-analysis/create-product-brief/steps/step-01b-continue.md,_bmad,Documento de referencia o decision,hay-que-re-evaluar,Separar conocimiento reusable de contenido de soporte; evaluar modularizacion/submodule.,---
448,_bmad/bmm/workflows/1-analysis/create-product-brief/steps/step-02-vision.md,_bmad,Documento de referencia o decision,hay-que-re-evaluar,Separar conocimiento reusable de contenido de soporte; evaluar modularizacion/submodule.,---
449,_bmad/bmm/workflows/1-analysis/create-product-brief/steps/step-03-users.md,_bmad,Documento de referencia o decision,hay-que-re-evaluar,Separar conocimiento reusable de contenido de soporte; evaluar modularizacion/submodule.,---
450,_bmad/bmm/workflows/1-analysis/create-product-brief/steps/step-04-metrics.md,_bmad,Documento de referencia o decision,hay-que-re-evaluar,Separar conocimiento reusable de contenido de soporte; evaluar modularizacion/submodule.,---
451,_bmad/bmm/workflows/1-analysis/create-product-brief/steps/step-05-scope.md,_bmad,Documento de referencia o decision,hay-que-re-evaluar,Separar conocimiento reusable de contenido de soporte; evaluar modularizacion/submodule.,---
452,_bmad/bmm/workflows/1-analysis/create-product-brief/steps/step-06-complete.md,_bmad,Documento de referencia o decision,hay-que-re-evaluar,Separar conocimiento reusable de contenido de soporte; evaluar modularizacion/submodule.,---
453,_bmad/bmm/workflows/1-analysis/create-product-brief/workflow.md,_bmad,Documento de referencia o decision,hay-que-re-evaluar,Separar conocimiento reusable de contenido de soporte; evaluar modularizacion/submodule.,---
454,_bmad/bmm/workflows/1-analysis/research/domain-steps/step-01-init.md,_bmad,Documento de referencia o decision,hay-que-re-evaluar,Separar conocimiento reusable de contenido de soporte; evaluar modularizacion/submodule.,# Domain Research Step 1: Domain Research Scope Confirmation
455,_bmad/bmm/workflows/1-analysis/research/domain-steps/step-02-domain-analysis.md,_bmad,Documento de referencia o decision,hay-que-re-evaluar,Separar conocimiento reusable de contenido de soporte; evaluar modularizacion/submodule.,# Domain Research Step 2: Industry Analysis
456,_bmad/bmm/workflows/1-analysis/research/domain-steps/step-03-competitive-landscape.md,_bmad,Documento de referencia o decision,hay-que-re-evaluar,Separar conocimiento reusable de contenido de soporte; evaluar modularizacion/submodule.,# Domain Research Step 3: Competitive Landscape
457,_bmad/bmm/workflows/1-analysis/research/domain-steps/step-04-regulatory-focus.md,_bmad,Documento de referencia o decision,hay-que-re-evaluar,Separar conocimiento reusable de contenido de soporte; evaluar modularizacion/submodule.,# Domain Research Step 4: Regulatory Focus
458,_bmad/bmm/workflows/1-analysis/research/domain-steps/step-05-technical-trends.md,_bmad,Documento de referencia o decision,hay-que-re-evaluar,Separar conocimiento reusable de contenido de soporte; evaluar modularizacion/submodule.,# Domain Research Step 5: Technical Trends
459,_bmad/bmm/workflows/1-analysis/research/domain-steps/step-06-research-synthesis.md,_bmad,Documento de referencia o decision,hay-que-re-evaluar,Separar conocimiento reusable de contenido de soporte; evaluar modularizacion/submodule.,# Domain Research Step 6: Research Synthesis and Completion
460,_bmad/bmm/workflows/1-analysis/research/market-steps/step-01-init.md,_bmad,Documento de referencia o decision,hay-que-re-evaluar,Separar conocimiento reusable de contenido de soporte; evaluar modularizacion/submodule.,# Market Research Step 1: Market Research Initialization
461,_bmad/bmm/workflows/1-analysis/research/market-steps/step-02-customer-behavior.md,_bmad,Documento de referencia o decision,hay-que-re-evaluar,Separar conocimiento reusable de contenido de soporte; evaluar modularizacion/submodule.,# Market Research Step 2: Customer Behavior and Segments
462,_bmad/bmm/workflows/1-analysis/research/market-steps/step-03-customer-pain-points.md,_bmad,Documento de referencia o decision,hay-que-re-evaluar,Separar conocimiento reusable de contenido de soporte; evaluar modularizacion/submodule.,# Market Research Step 3: Customer Pain Points and Needs
463,_bmad/bmm/workflows/1-analysis/research/market-steps/step-04-customer-decisions.md,_bmad,Documento de referencia o decision,hay-que-re-evaluar,Separar conocimiento reusable de contenido de soporte; evaluar modularizacion/submodule.,# Market Research Step 4: Customer Decisions and Journey
464,_bmad/bmm/workflows/1-analysis/research/market-steps/step-05-competitive-analysis.md,_bmad,Documento de referencia o decision,hay-que-re-evaluar,Separar conocimiento reusable de contenido de soporte; evaluar modularizacion/submodule.,# Market Research Step 5: Competitive Analysis
465,_bmad/bmm/workflows/1-analysis/research/market-steps/step-06-research-completion.md,_bmad,Documento de referencia o decision,hay-que-re-evaluar,Separar conocimiento reusable de contenido de soporte; evaluar modularizacion/submodule.,# Market Research Step 6: Research Completion
466,_bmad/bmm/workflows/1-analysis/research/research.template.md,_bmad,Documento de referencia o decision,hay-que-re-evaluar,Separar conocimiento reusable de contenido de soporte; evaluar modularizacion/submodule.,---
467,_bmad/bmm/workflows/1-analysis/research/technical-steps/step-01-init.md,_bmad,Documento de referencia o decision,hay-que-re-evaluar,Separar conocimiento reusable de contenido de soporte; evaluar modularizacion/submodule.,# Technical Research Step 1: Technical Research Scope Confirmation
468,_bmad/bmm/workflows/1-analysis/research/technical-steps/step-02-technical-overview.md,_bmad,Documento de referencia o decision,hay-que-re-evaluar,Separar conocimiento reusable de contenido de soporte; evaluar modularizacion/submodule.,# Technical Research Step 2: Technology Stack Analysis
469,_bmad/bmm/workflows/1-analysis/research/technical-steps/step-03-integration-patterns.md,_bmad,Documento de referencia o decision,hay-que-re-evaluar,Separar conocimiento reusable de contenido de soporte; evaluar modularizacion/submodule.,# Technical Research Step 3: Integration Patterns
470,_bmad/bmm/workflows/1-analysis/research/technical-steps/step-04-architectural-patterns.md,_bmad,Documento de referencia o decision,hay-que-re-evaluar,Separar conocimiento reusable de contenido de soporte; evaluar modularizacion/submodule.,# Technical Research Step 4: Architectural Patterns
471,_bmad/bmm/workflows/1-analysis/research/technical-steps/step-05-implementation-research.md,_bmad,Documento de referencia o decision,hay-que-re-evaluar,Separar conocimiento reusable de contenido de soporte; evaluar modularizacion/submodule.,# Technical Research Step 5: Implementation Research
472,_bmad/bmm/workflows/1-analysis/research/technical-steps/step-06-research-synthesis.md,_bmad,Documento de referencia o decision,hay-que-re-evaluar,Separar conocimiento reusable de contenido de soporte; evaluar modularizacion/submodule.,# Technical Research Step 6: Technical Synthesis and Completion
473,_bmad/bmm/workflows/1-analysis/research/workflow-domain-research.md,_bmad,Documento de referencia o decision,hay-que-re-evaluar,Separar conocimiento reusable de contenido de soporte; evaluar modularizacion/submodule.,---
474,_bmad/bmm/workflows/1-analysis/research/workflow-market-research.md,_bmad,Documento de referencia o decision,hay-que-re-evaluar,Separar conocimiento reusable de contenido de soporte; evaluar modularizacion/submodule.,---
475,_bmad/bmm/workflows/1-analysis/research/workflow-technical-research.md,_bmad,Documento de referencia o decision,hay-que-re-evaluar,Separar conocimiento reusable de contenido de soporte; evaluar modularizacion/submodule.,---
476,_bmad/bmm/workflows/2-plan-workflows/create-prd/data/domain-complexity.csv,_bmad,Framework BMAD y conocimiento interno,hay-que-re-evaluar,Separar conocimiento reusable de contenido de soporte; evaluar modularizacion/submodule.,-
477,_bmad/bmm/workflows/2-plan-workflows/create-prd/data/prd-purpose.md,_bmad,Documento de referencia o decision,hay-que-re-evaluar,Separar conocimiento reusable de contenido de soporte; evaluar modularizacion/submodule.,# BMAD PRD Purpose
478,_bmad/bmm/workflows/2-plan-workflows/create-prd/data/project-types.csv,_bmad,Framework BMAD y conocimiento interno,hay-que-re-evaluar,Separar conocimiento reusable de contenido de soporte; evaluar modularizacion/submodule.,-
479,_bmad/bmm/workflows/2-plan-workflows/create-prd/steps-c/step-01-init.md,_bmad,Documento de referencia o decision,hay-que-re-evaluar,Separar conocimiento reusable de contenido de soporte; evaluar modularizacion/submodule.,---
480,_bmad/bmm/workflows/2-plan-workflows/create-prd/steps-c/step-01b-continue.md,_bmad,Documento de referencia o decision,hay-que-re-evaluar,Separar conocimiento reusable de contenido de soporte; evaluar modularizacion/submodule.,---
481,_bmad/bmm/workflows/2-plan-workflows/create-prd/steps-c/step-02-discovery.md,_bmad,Documento de referencia o decision,hay-que-re-evaluar,Separar conocimiento reusable de contenido de soporte; evaluar modularizacion/submodule.,---
482,_bmad/bmm/workflows/2-plan-workflows/create-prd/steps-c/step-03-success.md,_bmad,Documento de referencia o decision,hay-que-re-evaluar,Separar conocimiento reusable de contenido de soporte; evaluar modularizacion/submodule.,---
483,_bmad/bmm/workflows/2-plan-workflows/create-prd/steps-c/step-04-journeys.md,_bmad,Documento de referencia o decision,hay-que-re-evaluar,Separar conocimiento reusable de contenido de soporte; evaluar modularizacion/submodule.,---
484,_bmad/bmm/workflows/2-plan-workflows/create-prd/steps-c/step-05-domain.md,_bmad,Documento de referencia o decision,hay-que-re-evaluar,Separar conocimiento reusable de contenido de soporte; evaluar modularizacion/submodule.,---
485,_bmad/bmm/workflows/2-plan-workflows/create-prd/steps-c/step-06-innovation.md,_bmad,Documento de referencia o decision,hay-que-re-evaluar,Separar conocimiento reusable de contenido de soporte; evaluar modularizacion/submodule.,---
486,_bmad/bmm/workflows/2-plan-workflows/create-prd/steps-c/step-07-project-type.md,_bmad,Documento de referencia o decision,hay-que-re-evaluar,Separar conocimiento reusable de contenido de soporte; evaluar modularizacion/submodule.,---
487,_bmad/bmm/workflows/2-plan-workflows/create-prd/steps-c/step-08-scoping.md,_bmad,Documento de referencia o decision,hay-que-re-evaluar,Separar conocimiento reusable de contenido de soporte; evaluar modularizacion/submodule.,---
488,_bmad/bmm/workflows/2-plan-workflows/create-prd/steps-c/step-09-functional.md,_bmad,Documento de referencia o decision,hay-que-re-evaluar,Separar conocimiento reusable de contenido de soporte; evaluar modularizacion/submodule.,---
489,_bmad/bmm/workflows/2-plan-workflows/create-prd/steps-c/step-10-nonfunctional.md,_bmad,Documento de referencia o decision,hay-que-re-evaluar,Separar conocimiento reusable de contenido de soporte; evaluar modularizacion/submodule.,---
490,_bmad/bmm/workflows/2-plan-workflows/create-prd/steps-c/step-11-polish.md,_bmad,Documento de referencia o decision,hay-que-re-evaluar,Separar conocimiento reusable de contenido de soporte; evaluar modularizacion/submodule.,---
491,_bmad/bmm/workflows/2-plan-workflows/create-prd/steps-c/step-12-complete.md,_bmad,Documento de referencia o decision,hay-que-re-evaluar,Separar conocimiento reusable de contenido de soporte; evaluar modularizacion/submodule.,---
492,_bmad/bmm/workflows/2-plan-workflows/create-prd/steps-e/step-e-01-discovery.md,_bmad,Documento de referencia o decision,hay-que-re-evaluar,Separar conocimiento reusable de contenido de soporte; evaluar modularizacion/submodule.,---
493,_bmad/bmm/workflows/2-plan-workflows/create-prd/steps-e/step-e-01b-legacy-conversion.md,_bmad,Documento de referencia o decision,hay-que-re-evaluar,Separar conocimiento reusable de contenido de soporte; evaluar modularizacion/submodule.,---
494,_bmad/bmm/workflows/2-plan-workflows/create-prd/steps-e/step-e-02-review.md,_bmad,Documento de referencia o decision,hay-que-re-evaluar,Separar conocimiento reusable de contenido de soporte; evaluar modularizacion/submodule.,---
495,_bmad/bmm/workflows/2-plan-workflows/create-prd/steps-e/step-e-03-edit.md,_bmad,Documento de referencia o decision,hay-que-re-evaluar,Separar conocimiento reusable de contenido de soporte; evaluar modularizacion/submodule.,---
496,_bmad/bmm/workflows/2-plan-workflows/create-prd/steps-e/step-e-04-complete.md,_bmad,Documento de referencia o decision,hay-que-re-evaluar,Separar conocimiento reusable de contenido de soporte; evaluar modularizacion/submodule.,---
497,_bmad/bmm/workflows/2-plan-workflows/create-prd/steps-v/step-v-01-discovery.md,_bmad,Documento de referencia o decision,hay-que-re-evaluar,Separar conocimiento reusable de contenido de soporte; evaluar modularizacion/submodule.,---
498,_bmad/bmm/workflows/2-plan-workflows/create-prd/steps-v/step-v-02-format-detection.md,_bmad,Documento de referencia o decision,hay-que-re-evaluar,Separar conocimiento reusable de contenido de soporte; evaluar modularizacion/submodule.,---
499,_bmad/bmm/workflows/2-plan-workflows/create-prd/steps-v/step-v-02b-parity-check.md,_bmad,Documento de referencia o decision,hay-que-re-evaluar,Separar conocimiento reusable de contenido de soporte; evaluar modularizacion/submodule.,---
500,_bmad/bmm/workflows/2-plan-workflows/create-prd/steps-v/step-v-03-density-validation.md,_bmad,Documento de referencia o decision,hay-que-re-evaluar,Separar conocimiento reusable de contenido de soporte; evaluar modularizacion/submodule.,---
501,_bmad/bmm/workflows/2-plan-workflows/create-prd/steps-v/step-v-04-brief-coverage-validation.md,_bmad,Documento de referencia o decision,hay-que-re-evaluar,Separar conocimiento reusable de contenido de soporte; evaluar modularizacion/submodule.,---
502,_bmad/bmm/workflows/2-plan-workflows/create-prd/steps-v/step-v-05-measurability-validation.md,_bmad,Documento de referencia o decision,hay-que-re-evaluar,Separar conocimiento reusable de contenido de soporte; evaluar modularizacion/submodule.,---
503,_bmad/bmm/workflows/2-plan-workflows/create-prd/steps-v/step-v-06-traceability-validation.md,_bmad,Documento de referencia o decision,hay-que-re-evaluar,Separar conocimiento reusable de contenido de soporte; evaluar modularizacion/submodule.,---
504,_bmad/bmm/workflows/2-plan-workflows/create-prd/steps-v/step-v-07-implementation-leakage-validation.md,_bmad,Documento de referencia o decision,hay-que-re-evaluar,Separar conocimiento reusable de contenido de soporte; evaluar modularizacion/submodule.,---
505,_bmad/bmm/workflows/2-plan-workflows/create-prd/steps-v/step-v-08-domain-compliance-validation.md,_bmad,Documento de referencia o decision,hay-que-re-evaluar,Separar conocimiento reusable de contenido de soporte; evaluar modularizacion/submodule.,---
506,_bmad/bmm/workflows/2-plan-workflows/create-prd/steps-v/step-v-09-project-type-validation.md,_bmad,Documento de referencia o decision,hay-que-re-evaluar,Separar conocimiento reusable de contenido de soporte; evaluar modularizacion/submodule.,---
507,_bmad/bmm/workflows/2-plan-workflows/create-prd/steps-v/step-v-10-smart-validation.md,_bmad,Documento de referencia o decision,hay-que-re-evaluar,Separar conocimiento reusable de contenido de soporte; evaluar modularizacion/submodule.,---
508,_bmad/bmm/workflows/2-plan-workflows/create-prd/steps-v/step-v-11-holistic-quality-validation.md,_bmad,Documento de referencia o decision,hay-que-re-evaluar,Separar conocimiento reusable de contenido de soporte; evaluar modularizacion/submodule.,---
509,_bmad/bmm/workflows/2-plan-workflows/create-prd/steps-v/step-v-12-completeness-validation.md,_bmad,Documento de referencia o decision,hay-que-re-evaluar,Separar conocimiento reusable de contenido de soporte; evaluar modularizacion/submodule.,---
510,_bmad/bmm/workflows/2-plan-workflows/create-prd/steps-v/step-v-13-report-complete.md,_bmad,Documento de referencia o decision,hay-que-re-evaluar,Separar conocimiento reusable de contenido de soporte; evaluar modularizacion/submodule.,---
511,_bmad/bmm/workflows/2-plan-workflows/create-prd/templates/prd-template.md,_bmad,Documento de referencia o decision,hay-que-re-evaluar,Separar conocimiento reusable de contenido de soporte; evaluar modularizacion/submodule.,---
512,_bmad/bmm/workflows/2-plan-workflows/create-prd/workflow-create-prd.md,_bmad,Documento de referencia o decision,hay-que-re-evaluar,Separar conocimiento reusable de contenido de soporte; evaluar modularizacion/submodule.,---
513,_bmad/bmm/workflows/2-plan-workflows/create-prd/workflow-edit-prd.md,_bmad,Documento de referencia o decision,hay-que-re-evaluar,Separar conocimiento reusable de contenido de soporte; evaluar modularizacion/submodule.,---
514,_bmad/bmm/workflows/2-plan-workflows/create-prd/workflow-validate-prd.md,_bmad,Documento de referencia o decision,hay-que-re-evaluar,Separar conocimiento reusable de contenido de soporte; evaluar modularizacion/submodule.,---
515,_bmad/bmm/workflows/2-plan-workflows/create-ux-design/steps/step-01-init.md,_bmad,Documento de referencia o decision,hay-que-re-evaluar,Separar conocimiento reusable de contenido de soporte; evaluar modularizacion/submodule.,# Step 1: UX Design Workflow Initialization
516,_bmad/bmm/workflows/2-plan-workflows/create-ux-design/steps/step-01b-continue.md,_bmad,Documento de referencia o decision,hay-que-re-evaluar,Separar conocimiento reusable de contenido de soporte; evaluar modularizacion/submodule.,# Step 1B: UX Design Workflow Continuation
517,_bmad/bmm/workflows/2-plan-workflows/create-ux-design/steps/step-02-discovery.md,_bmad,Documento de referencia o decision,hay-que-re-evaluar,Separar conocimiento reusable de contenido de soporte; evaluar modularizacion/submodule.,# Step 2: Project Understanding
518,_bmad/bmm/workflows/2-plan-workflows/create-ux-design/steps/step-03-core-experience.md,_bmad,Documento de referencia o decision,hay-que-re-evaluar,Separar conocimiento reusable de contenido de soporte; evaluar modularizacion/submodule.,# Step 3: Core Experience Definition
519,_bmad/bmm/workflows/2-plan-workflows/create-ux-design/steps/step-04-emotional-response.md,_bmad,Documento de referencia o decision,hay-que-re-evaluar,Separar conocimiento reusable de contenido de soporte; evaluar modularizacion/submodule.,# Step 4: Desired Emotional Response
520,_bmad/bmm/workflows/2-plan-workflows/create-ux-design/steps/step-05-inspiration.md,_bmad,Documento de referencia o decision,hay-que-re-evaluar,Separar conocimiento reusable de contenido de soporte; evaluar modularizacion/submodule.,# Step 5: UX Pattern Analysis & Inspiration
521,_bmad/bmm/workflows/2-plan-workflows/create-ux-design/steps/step-06-design-system.md,_bmad,Documento de referencia o decision,hay-que-re-evaluar,Separar conocimiento reusable de contenido de soporte; evaluar modularizacion/submodule.,# Step 6: Design System Choice
522,_bmad/bmm/workflows/2-plan-workflows/create-ux-design/steps/step-07-defining-experience.md,_bmad,Documento de referencia o decision,hay-que-re-evaluar,Separar conocimiento reusable de contenido de soporte; evaluar modularizacion/submodule.,# Step 7: Defining Core Experience
523,_bmad/bmm/workflows/2-plan-workflows/create-ux-design/steps/step-08-visual-foundation.md,_bmad,Documento de referencia o decision,hay-que-re-evaluar,Separar conocimiento reusable de contenido de soporte; evaluar modularizacion/submodule.,# Step 8: Visual Foundation
524,_bmad/bmm/workflows/2-plan-workflows/create-ux-design/steps/step-09-design-directions.md,_bmad,Documento de referencia o decision,hay-que-re-evaluar,Separar conocimiento reusable de contenido de soporte; evaluar modularizacion/submodule.,# Step 9: Design Direction Mockups
525,_bmad/bmm/workflows/2-plan-workflows/create-ux-design/steps/step-10-user-journeys.md,_bmad,Documento de referencia o decision,hay-que-re-evaluar,Separar conocimiento reusable de contenido de soporte; evaluar modularizacion/submodule.,# Step 10: User Journey Flows
526,_bmad/bmm/workflows/2-plan-workflows/create-ux-design/steps/step-11-component-strategy.md,_bmad,Documento de referencia o decision,hay-que-re-evaluar,Separar conocimiento reusable de contenido de soporte; evaluar modularizacion/submodule.,# Step 11: Component Strategy
527,_bmad/bmm/workflows/2-plan-workflows/create-ux-design/steps/step-12-ux-patterns.md,_bmad,Documento de referencia o decision,hay-que-re-evaluar,Separar conocimiento reusable de contenido de soporte; evaluar modularizacion/submodule.,# Step 12: UX Consistency Patterns
528,_bmad/bmm/workflows/2-plan-workflows/create-ux-design/steps/step-13-responsive-accessibility.md,_bmad,Documento de referencia o decision,hay-que-re-evaluar,Separar conocimiento reusable de contenido de soporte; evaluar modularizacion/submodule.,# Step 13: Responsive Design & Accessibility
529,_bmad/bmm/workflows/2-plan-workflows/create-ux-design/steps/step-14-complete.md,_bmad,Documento de referencia o decision,hay-que-re-evaluar,Separar conocimiento reusable de contenido de soporte; evaluar modularizacion/submodule.,# Step 14: Workflow Completion
530,_bmad/bmm/workflows/2-plan-workflows/create-ux-design/ux-design-template.md,_bmad,Documento de referencia o decision,hay-que-re-evaluar,Separar conocimiento reusable de contenido de soporte; evaluar modularizacion/submodule.,---
531,_bmad/bmm/workflows/2-plan-workflows/create-ux-design/workflow.md,_bmad,Documento de referencia o decision,hay-que-re-evaluar,Separar conocimiento reusable de contenido de soporte; evaluar modularizacion/submodule.,---
532,_bmad/bmm/workflows/3-solutioning/check-implementation-readiness/steps/step-01-document-discovery.md,_bmad,Documento de referencia o decision,hay-que-re-evaluar,Separar conocimiento reusable de contenido de soporte; evaluar modularizacion/submodule.,---
533,_bmad/bmm/workflows/3-solutioning/check-implementation-readiness/steps/step-02-prd-analysis.md,_bmad,Documento de referencia o decision,hay-que-re-evaluar,Separar conocimiento reusable de contenido de soporte; evaluar modularizacion/submodule.,---
534,_bmad/bmm/workflows/3-solutioning/check-implementation-readiness/steps/step-03-epic-coverage-validation.md,_bmad,Documento de referencia o decision,hay-que-re-evaluar,Separar conocimiento reusable de contenido de soporte; evaluar modularizacion/submodule.,---
535,_bmad/bmm/workflows/3-solutioning/check-implementation-readiness/steps/step-04-ux-alignment.md,_bmad,Documento de referencia o decision,hay-que-re-evaluar,Separar conocimiento reusable de contenido de soporte; evaluar modularizacion/submodule.,---
536,_bmad/bmm/workflows/3-solutioning/check-implementation-readiness/steps/step-05-epic-quality-review.md,_bmad,Documento de referencia o decision,hay-que-re-evaluar,Separar conocimiento reusable de contenido de soporte; evaluar modularizacion/submodule.,---
537,_bmad/bmm/workflows/3-solutioning/check-implementation-readiness/steps/step-06-final-assessment.md,_bmad,Documento de referencia o decision,hay-que-re-evaluar,Separar conocimiento reusable de contenido de soporte; evaluar modularizacion/submodule.,---
538,_bmad/bmm/workflows/3-solutioning/check-implementation-readiness/templates/readiness-report-template.md,_bmad,Documento de referencia o decision,hay-que-re-evaluar,Separar conocimiento reusable de contenido de soporte; evaluar modularizacion/submodule.,# Implementation Readiness Assessment Report
539,_bmad/bmm/workflows/3-solutioning/check-implementation-readiness/workflow.md,_bmad,Documento de referencia o decision,hay-que-re-evaluar,Separar conocimiento reusable de contenido de soporte; evaluar modularizacion/submodule.,---
540,_bmad/bmm/workflows/3-solutioning/create-architecture/architecture-decision-template.md,_bmad,Documento de referencia o decision,hay-que-re-evaluar,Separar conocimiento reusable de contenido de soporte; evaluar modularizacion/submodule.,---
541,_bmad/bmm/workflows/3-solutioning/create-architecture/data/domain-complexity.csv,_bmad,Framework BMAD y conocimiento interno,hay-que-re-evaluar,Separar conocimiento reusable de contenido de soporte; evaluar modularizacion/submodule.,-
542,_bmad/bmm/workflows/3-solutioning/create-architecture/data/project-types.csv,_bmad,Framework BMAD y conocimiento interno,hay-que-re-evaluar,Separar conocimiento reusable de contenido de soporte; evaluar modularizacion/submodule.,-
543,_bmad/bmm/workflows/3-solutioning/create-architecture/steps/step-01-init.md,_bmad,Documento de referencia o decision,hay-que-re-evaluar,Separar conocimiento reusable de contenido de soporte; evaluar modularizacion/submodule.,# Step 1: Architecture Workflow Initialization
544,_bmad/bmm/workflows/3-solutioning/create-architecture/steps/step-01b-continue.md,_bmad,Documento de referencia o decision,hay-que-re-evaluar,Separar conocimiento reusable de contenido de soporte; evaluar modularizacion/submodule.,# Step 1b: Workflow Continuation Handler
545,_bmad/bmm/workflows/3-solutioning/create-architecture/steps/step-02-context.md,_bmad,Documento de referencia o decision,hay-que-re-evaluar,Separar conocimiento reusable de contenido de soporte; evaluar modularizacion/submodule.,# Step 2: Project Context Analysis
546,_bmad/bmm/workflows/3-solutioning/create-architecture/steps/step-03-starter.md,_bmad,Documento de referencia o decision,hay-que-re-evaluar,Separar conocimiento reusable de contenido de soporte; evaluar modularizacion/submodule.,# Step 3: Starter Template Evaluation
547,_bmad/bmm/workflows/3-solutioning/create-architecture/steps/step-04-decisions.md,_bmad,Documento de referencia o decision,hay-que-re-evaluar,Separar conocimiento reusable de contenido de soporte; evaluar modularizacion/submodule.,# Step 4: Core Architectural Decisions
548,_bmad/bmm/workflows/3-solutioning/create-architecture/steps/step-05-patterns.md,_bmad,Documento de referencia o decision,hay-que-re-evaluar,Separar conocimiento reusable de contenido de soporte; evaluar modularizacion/submodule.,# Step 5: Implementation Patterns & Consistency Rules
549,_bmad/bmm/workflows/3-solutioning/create-architecture/steps/step-06-structure.md,_bmad,Documento de referencia o decision,hay-que-re-evaluar,Separar conocimiento reusable de contenido de soporte; evaluar modularizacion/submodule.,# Step 6: Project Structure & Boundaries
550,_bmad/bmm/workflows/3-solutioning/create-architecture/steps/step-07-validation.md,_bmad,Documento de referencia o decision,hay-que-re-evaluar,Separar conocimiento reusable de contenido de soporte; evaluar modularizacion/submodule.,# Step 7: Architecture Validation & Completion
551,_bmad/bmm/workflows/3-solutioning/create-architecture/steps/step-08-complete.md,_bmad,Documento de referencia o decision,hay-que-re-evaluar,Separar conocimiento reusable de contenido de soporte; evaluar modularizacion/submodule.,# Step 8: Architecture Completion & Handoff
552,_bmad/bmm/workflows/3-solutioning/create-architecture/workflow.md,_bmad,Documento de referencia o decision,hay-que-re-evaluar,Separar conocimiento reusable de contenido de soporte; evaluar modularizacion/submodule.,---
553,_bmad/bmm/workflows/3-solutioning/create-epics-and-stories/steps/step-01-validate-prerequisites.md,_bmad,Documento de referencia o decision,hay-que-re-evaluar,Separar conocimiento reusable de contenido de soporte; evaluar modularizacion/submodule.,---
554,_bmad/bmm/workflows/3-solutioning/create-epics-and-stories/steps/step-02-design-epics.md,_bmad,Documento de referencia o decision,hay-que-re-evaluar,Separar conocimiento reusable de contenido de soporte; evaluar modularizacion/submodule.,---
555,_bmad/bmm/workflows/3-solutioning/create-epics-and-stories/steps/step-03-create-stories.md,_bmad,Documento de referencia o decision,hay-que-re-evaluar,Separar conocimiento reusable de contenido de soporte; evaluar modularizacion/submodule.,---
556,_bmad/bmm/workflows/3-solutioning/create-epics-and-stories/steps/step-04-final-validation.md,_bmad,Documento de referencia o decision,hay-que-re-evaluar,Separar conocimiento reusable de contenido de soporte; evaluar modularizacion/submodule.,---
557,_bmad/bmm/workflows/3-solutioning/create-epics-and-stories/templates/epics-template.md,_bmad,Documento de referencia o decision,hay-que-re-evaluar,Separar conocimiento reusable de contenido de soporte; evaluar modularizacion/submodule.,---
558,_bmad/bmm/workflows/3-solutioning/create-epics-and-stories/workflow.md,_bmad,Documento de referencia o decision,hay-que-re-evaluar,Separar conocimiento reusable de contenido de soporte; evaluar modularizacion/submodule.,---
559,_bmad/bmm/workflows/4-implementation/code-review/checklist.md,_bmad,Documento de referencia o decision,hay-que-re-evaluar,Separar conocimiento reusable de contenido de soporte; evaluar modularizacion/submodule.,# Senior Developer Review - Validation Checklist
560,_bmad/bmm/workflows/4-implementation/code-review/instructions.xml,_bmad,Framework BMAD y conocimiento interno,hay-que-re-evaluar,Separar conocimiento reusable de contenido de soporte; evaluar modularizacion/submodule.,<workflow>
561,_bmad/bmm/workflows/4-implementation/code-review/workflow.yaml,_bmad,Archivo de configuracion,hay-que-re-evaluar,Separar conocimiento reusable de contenido de soporte; evaluar modularizacion/submodule.,# Review Story Workflow
562,_bmad/bmm/workflows/4-implementation/correct-course/checklist.md,_bmad,Documento de referencia o decision,hay-que-re-evaluar,Separar conocimiento reusable de contenido de soporte; evaluar modularizacion/submodule.,# Change Navigation Checklist
563,_bmad/bmm/workflows/4-implementation/correct-course/instructions.md,_bmad,Documento de referencia o decision,hay-que-re-evaluar,Separar conocimiento reusable de contenido de soporte; evaluar modularizacion/submodule.,# Correct Course - Sprint Change Management Instructions
564,_bmad/bmm/workflows/4-implementation/correct-course/workflow.yaml,_bmad,Archivo de configuracion,hay-que-re-evaluar,Separar conocimiento reusable de contenido de soporte; evaluar modularizacion/submodule.,# Correct Course - Sprint Change Management Workflow
565,_bmad/bmm/workflows/4-implementation/create-story/checklist.md,_bmad,Documento de referencia o decision,hay-que-re-evaluar,Separar conocimiento reusable de contenido de soporte; evaluar modularizacion/submodule.,# 🎯 Story Context Quality Competition Prompt
566,_bmad/bmm/workflows/4-implementation/create-story/instructions.xml,_bmad,Framework BMAD y conocimiento interno,hay-que-re-evaluar,Separar conocimiento reusable de contenido de soporte; evaluar modularizacion/submodule.,<workflow>
567,_bmad/bmm/workflows/4-implementation/create-story/template.md,_bmad,Documento de referencia o decision,hay-que-re-evaluar,Separar conocimiento reusable de contenido de soporte; evaluar modularizacion/submodule.,# Story {{epic_num}}.{{story_num}}: {{story_title}}
568,_bmad/bmm/workflows/4-implementation/create-story/workflow.yaml,_bmad,Archivo de configuracion,hay-que-re-evaluar,Separar conocimiento reusable de contenido de soporte; evaluar modularizacion/submodule.,name: create-story
569,_bmad/bmm/workflows/4-implementation/dev-story/checklist.md,_bmad,Documento de referencia o decision,hay-que-re-evaluar,Separar conocimiento reusable de contenido de soporte; evaluar modularizacion/submodule.,---
570,_bmad/bmm/workflows/4-implementation/dev-story/instructions.xml,_bmad,Framework BMAD y conocimiento interno,hay-que-re-evaluar,Separar conocimiento reusable de contenido de soporte; evaluar modularizacion/submodule.,<workflow>
571,_bmad/bmm/workflows/4-implementation/dev-story/workflow.yaml,_bmad,Archivo de configuracion,hay-que-re-evaluar,Separar conocimiento reusable de contenido de soporte; evaluar modularizacion/submodule.,name: dev-story
572,_bmad/bmm/workflows/4-implementation/retrospective/instructions.md,_bmad,Documento de referencia o decision,hay-que-re-evaluar,Separar conocimiento reusable de contenido de soporte; evaluar modularizacion/submodule.,# Retrospective - Epic Completion Review Instructions
573,_bmad/bmm/workflows/4-implementation/retrospective/workflow.yaml,_bmad,Archivo de configuracion,hay-que-re-evaluar,Separar conocimiento reusable de contenido de soporte; evaluar modularizacion/submodule.,# Retrospective - Epic Completion Review Workflow
574,_bmad/bmm/workflows/4-implementation/sprint-planning/checklist.md,_bmad,Documento de referencia o decision,hay-que-re-evaluar,Separar conocimiento reusable de contenido de soporte; evaluar modularizacion/submodule.,# Sprint Planning Validation Checklist
575,_bmad/bmm/workflows/4-implementation/sprint-planning/instructions.md,_bmad,Documento de referencia o decision,hay-que-re-evaluar,Separar conocimiento reusable de contenido de soporte; evaluar modularizacion/submodule.,# Sprint Planning - Sprint Status Generator
576,_bmad/bmm/workflows/4-implementation/sprint-planning/sprint-status-template.yaml,_bmad,Archivo de configuracion,hay-que-re-evaluar,Separar conocimiento reusable de contenido de soporte; evaluar modularizacion/submodule.,# Sprint Status Template
577,_bmad/bmm/workflows/4-implementation/sprint-planning/workflow.yaml,_bmad,Archivo de configuracion,hay-que-re-evaluar,Separar conocimiento reusable de contenido de soporte; evaluar modularizacion/submodule.,name: sprint-planning
578,_bmad/bmm/workflows/4-implementation/sprint-status/instructions.md,_bmad,Documento de referencia o decision,hay-que-re-evaluar,Separar conocimiento reusable de contenido de soporte; evaluar modularizacion/submodule.,# Sprint Status - Multi-Mode Service
579,_bmad/bmm/workflows/4-implementation/sprint-status/workflow.yaml,_bmad,Archivo de configuracion,hay-que-re-evaluar,Separar conocimiento reusable de contenido de soporte; evaluar modularizacion/submodule.,# Sprint Status - Implementation Tracker
580,_bmad/bmm/workflows/bmad-quick-flow/quick-dev/steps/step-01-mode-detection.md,_bmad,Documento de referencia o decision,hay-que-re-evaluar,Separar conocimiento reusable de contenido de soporte; evaluar modularizacion/submodule.,---
581,_bmad/bmm/workflows/bmad-quick-flow/quick-dev/steps/step-02-context-gathering.md,_bmad,Documento de referencia o decision,hay-que-re-evaluar,Separar conocimiento reusable de contenido de soporte; evaluar modularizacion/submodule.,---
582,_bmad/bmm/workflows/bmad-quick-flow/quick-dev/steps/step-03-execute.md,_bmad,Documento de referencia o decision,hay-que-re-evaluar,Separar conocimiento reusable de contenido de soporte; evaluar modularizacion/submodule.,---
583,_bmad/bmm/workflows/bmad-quick-flow/quick-dev/steps/step-04-self-check.md,_bmad,Documento de referencia o decision,hay-que-re-evaluar,Separar conocimiento reusable de contenido de soporte; evaluar modularizacion/submodule.,---
584,_bmad/bmm/workflows/bmad-quick-flow/quick-dev/steps/step-05-adversarial-review.md,_bmad,Documento de referencia o decision,hay-que-re-evaluar,Separar conocimiento reusable de contenido de soporte; evaluar modularizacion/submodule.,---
585,_bmad/bmm/workflows/bmad-quick-flow/quick-dev/steps/step-06-resolve-findings.md,_bmad,Documento de referencia o decision,hay-que-re-evaluar,Separar conocimiento reusable de contenido de soporte; evaluar modularizacion/submodule.,---
586,_bmad/bmm/workflows/bmad-quick-flow/quick-dev/workflow.md,_bmad,Documento de referencia o decision,hay-que-re-evaluar,Separar conocimiento reusable de contenido de soporte; evaluar modularizacion/submodule.,---
587,_bmad/bmm/workflows/bmad-quick-flow/quick-spec/steps/step-01-understand.md,_bmad,Documento de referencia o decision,hay-que-re-evaluar,Separar conocimiento reusable de contenido de soporte; evaluar modularizacion/submodule.,---
588,_bmad/bmm/workflows/bmad-quick-flow/quick-spec/steps/step-02-investigate.md,_bmad,Documento de referencia o decision,hay-que-re-evaluar,Separar conocimiento reusable de contenido de soporte; evaluar modularizacion/submodule.,---
589,_bmad/bmm/workflows/bmad-quick-flow/quick-spec/steps/step-03-generate.md,_bmad,Documento de referencia o decision,hay-que-re-evaluar,Separar conocimiento reusable de contenido de soporte; evaluar modularizacion/submodule.,---
590,_bmad/bmm/workflows/bmad-quick-flow/quick-spec/steps/step-04-review.md,_bmad,Documento de referencia o decision,hay-que-re-evaluar,Separar conocimiento reusable de contenido de soporte; evaluar modularizacion/submodule.,---
591,_bmad/bmm/workflows/bmad-quick-flow/quick-spec/tech-spec-template.md,_bmad,Documento de referencia o decision,hay-que-re-evaluar,Separar conocimiento reusable de contenido de soporte; evaluar modularizacion/submodule.,---
592,_bmad/bmm/workflows/bmad-quick-flow/quick-spec/workflow.md,_bmad,Documento de referencia o decision,hay-que-re-evaluar,Separar conocimiento reusable de contenido de soporte; evaluar modularizacion/submodule.,---
593,_bmad/bmm/workflows/document-project/checklist.md,_bmad,Documento de referencia o decision,hay-que-re-evaluar,Separar conocimiento reusable de contenido de soporte; evaluar modularizacion/submodule.,# Document Project Workflow - Validation Checklist
594,_bmad/bmm/workflows/document-project/documentation-requirements.csv,_bmad,Framework BMAD y conocimiento interno,hay-que-re-evaluar,Separar conocimiento reusable de contenido de soporte; evaluar modularizacion/submodule.,-
595,_bmad/bmm/workflows/document-project/instructions.md,_bmad,Documento de referencia o decision,hay-que-re-evaluar,Separar conocimiento reusable de contenido de soporte; evaluar modularizacion/submodule.,# Document Project Workflow Router
596,_bmad/bmm/workflows/document-project/templates/deep-dive-template.md,_bmad,Documento de referencia o decision,hay-que-re-evaluar,Separar conocimiento reusable de contenido de soporte; evaluar modularizacion/submodule.,# {{target_name}} - Deep Dive Documentation
597,_bmad/bmm/workflows/document-project/templates/index-template.md,_bmad,Documento de referencia o decision,hay-que-re-evaluar,Separar conocimiento reusable de contenido de soporte; evaluar modularizacion/submodule.,# {{project_name}} Documentation Index
598,_bmad/bmm/workflows/document-project/templates/project-overview-template.md,_bmad,Documento de referencia o decision,hay-que-re-evaluar,Separar conocimiento reusable de contenido de soporte; evaluar modularizacion/submodule.,# {{project_name}} - Project Overview
599,_bmad/bmm/workflows/document-project/templates/project-scan-report-schema.json,_bmad,Archivo de configuracion,hay-que-re-evaluar,Separar conocimiento reusable de contenido de soporte; evaluar modularizacion/submodule.,{
600,_bmad/bmm/workflows/document-project/templates/source-tree-template.md,_bmad,Documento de referencia o decision,hay-que-re-evaluar,Separar conocimiento reusable de contenido de soporte; evaluar modularizacion/submodule.,# {{project_name}} - Source Tree Analysis
601,_bmad/bmm/workflows/document-project/workflow.yaml,_bmad,Archivo de configuracion,hay-que-re-evaluar,Separar conocimiento reusable de contenido de soporte; evaluar modularizacion/submodule.,# Document Project Workflow Configuration
602,_bmad/bmm/workflows/document-project/workflows/deep-dive-instructions.md,_bmad,Documento de referencia o decision,hay-que-re-evaluar,Separar conocimiento reusable de contenido de soporte; evaluar modularizacion/submodule.,# Deep-Dive Documentation Instructions
603,_bmad/bmm/workflows/document-project/workflows/deep-dive.yaml,_bmad,Archivo de configuracion,hay-que-re-evaluar,Separar conocimiento reusable de contenido de soporte; evaluar modularizacion/submodule.,# Deep-Dive Documentation Workflow Configuration
604,_bmad/bmm/workflows/document-project/workflows/full-scan-instructions.md,_bmad,Documento de referencia o decision,hay-que-re-evaluar,Separar conocimiento reusable de contenido de soporte; evaluar modularizacion/submodule.,# Full Project Scan Instructions
605,_bmad/bmm/workflows/document-project/workflows/full-scan.yaml,_bmad,Archivo de configuracion,hay-que-re-evaluar,Separar conocimiento reusable de contenido de soporte; evaluar modularizacion/submodule.,# Full Project Scan Workflow Configuration
606,_bmad/bmm/workflows/generate-project-context/project-context-template.md,_bmad,Documento de referencia o decision,hay-que-re-evaluar,Separar conocimiento reusable de contenido de soporte; evaluar modularizacion/submodule.,---
607,_bmad/bmm/workflows/generate-project-context/steps/step-01-discover.md,_bmad,Documento de referencia o decision,hay-que-re-evaluar,Separar conocimiento reusable de contenido de soporte; evaluar modularizacion/submodule.,# Step 1: Context Discovery & Initialization
608,_bmad/bmm/workflows/generate-project-context/steps/step-02-generate.md,_bmad,Documento de referencia o decision,hay-que-re-evaluar,Separar conocimiento reusable de contenido de soporte; evaluar modularizacion/submodule.,# Step 2: Context Rules Generation
609,_bmad/bmm/workflows/generate-project-context/steps/step-03-complete.md,_bmad,Documento de referencia o decision,hay-que-re-evaluar,Separar conocimiento reusable de contenido de soporte; evaluar modularizacion/submodule.,# Step 3: Context Completion & Finalization
610,_bmad/bmm/workflows/generate-project-context/workflow.md,_bmad,Documento de referencia o decision,hay-que-re-evaluar,Separar conocimiento reusable de contenido de soporte; evaluar modularizacion/submodule.,---
611,_bmad/bmm/workflows/qa/automate/checklist.md,_bmad,Documento de referencia o decision,hay-que-re-evaluar,Separar conocimiento reusable de contenido de soporte; evaluar modularizacion/submodule.,# Quinn Automate - Validation Checklist
612,_bmad/bmm/workflows/qa/automate/instructions.md,_bmad,Documento de referencia o decision,hay-que-re-evaluar,Separar conocimiento reusable de contenido de soporte; evaluar modularizacion/submodule.,# Quinn QA - Automate
613,_bmad/bmm/workflows/qa/automate/workflow.yaml,_bmad,Archivo de configuracion,hay-que-re-evaluar,Separar conocimiento reusable de contenido de soporte; evaluar modularizacion/submodule.,# Quinn QA workflow: Automate
614,_bmad/cis/agents/brainstorming-coach.md,_bmad,Documento de referencia o decision,hay-que-re-evaluar,Separar conocimiento reusable de contenido de soporte; evaluar modularizacion/submodule.,---
615,_bmad/cis/agents/creative-problem-solver.md,_bmad,Documento de referencia o decision,hay-que-re-evaluar,Separar conocimiento reusable de contenido de soporte; evaluar modularizacion/submodule.,---
616,_bmad/cis/agents/design-thinking-coach.md,_bmad,Documento de referencia o decision,hay-que-re-evaluar,Separar conocimiento reusable de contenido de soporte; evaluar modularizacion/submodule.,---
617,_bmad/cis/agents/innovation-strategist.md,_bmad,Documento de referencia o decision,hay-que-re-evaluar,Separar conocimiento reusable de contenido de soporte; evaluar modularizacion/submodule.,---
618,_bmad/cis/agents/presentation-master.md,_bmad,Documento de referencia o decision,hay-que-re-evaluar,Separar conocimiento reusable de contenido de soporte; evaluar modularizacion/submodule.,---
619,_bmad/cis/agents/storyteller/storyteller.md,_bmad,Documento de referencia o decision,hay-que-re-evaluar,Separar conocimiento reusable de contenido de soporte; evaluar modularizacion/submodule.,---
620,_bmad/cis/config.yaml,_bmad,Archivo de configuracion,hay-que-re-evaluar,Separar conocimiento reusable de contenido de soporte; evaluar modularizacion/submodule.,# CIS Module Configuration
621,_bmad/cis/module-help.csv,_bmad,Framework BMAD y conocimiento interno,hay-que-re-evaluar,Separar conocimiento reusable de contenido de soporte; evaluar modularizacion/submodule.,-
622,_bmad/cis/teams/creative-squad.yaml,_bmad,Archivo de configuracion,hay-que-re-evaluar,Separar conocimiento reusable de contenido de soporte; evaluar modularizacion/submodule.,# <!-- Powered by BMAD-CORE™ -->
623,_bmad/cis/teams/default-party.csv,_bmad,Framework BMAD y conocimiento interno,hay-que-re-evaluar,Separar conocimiento reusable de contenido de soporte; evaluar modularizacion/submodule.,-
624,_bmad/cis/workflows/README.md,_bmad,Documento de referencia o decision,hay-que-re-evaluar,Separar conocimiento reusable de contenido de soporte; evaluar modularizacion/submodule.,# CIS Workflows
625,_bmad/cis/workflows/design-thinking/README.md,_bmad,Documento de referencia o decision,hay-que-re-evaluar,Separar conocimiento reusable de contenido de soporte; evaluar modularizacion/submodule.,---
626,_bmad/cis/workflows/design-thinking/design-methods.csv,_bmad,Framework BMAD y conocimiento interno,hay-que-re-evaluar,Separar conocimiento reusable de contenido de soporte; evaluar modularizacion/submodule.,-
627,_bmad/cis/workflows/design-thinking/instructions.md,_bmad,Documento de referencia o decision,hay-que-re-evaluar,Separar conocimiento reusable de contenido de soporte; evaluar modularizacion/submodule.,# Design Thinking Workflow Instructions
628,_bmad/cis/workflows/design-thinking/template.md,_bmad,Documento de referencia o decision,hay-que-re-evaluar,Separar conocimiento reusable de contenido de soporte; evaluar modularizacion/submodule.,# Design Thinking Session: {{project_name}}
629,_bmad/cis/workflows/design-thinking/workflow.yaml,_bmad,Archivo de configuracion,hay-que-re-evaluar,Separar conocimiento reusable de contenido de soporte; evaluar modularizacion/submodule.,# Design Thinking Workflow Configuration
630,_bmad/cis/workflows/innovation-strategy/README.md,_bmad,Documento de referencia o decision,hay-que-re-evaluar,Separar conocimiento reusable de contenido de soporte; evaluar modularizacion/submodule.,---
631,_bmad/cis/workflows/innovation-strategy/innovation-frameworks.csv,_bmad,Framework BMAD y conocimiento interno,hay-que-re-evaluar,Separar conocimiento reusable de contenido de soporte; evaluar modularizacion/submodule.,-
632,_bmad/cis/workflows/innovation-strategy/instructions.md,_bmad,Documento de referencia o decision,hay-que-re-evaluar,Separar conocimiento reusable de contenido de soporte; evaluar modularizacion/submodule.,# Innovation Strategy Workflow Instructions
633,_bmad/cis/workflows/innovation-strategy/template.md,_bmad,Documento de referencia o decision,hay-que-re-evaluar,Separar conocimiento reusable de contenido de soporte; evaluar modularizacion/submodule.,# Innovation Strategy: {{company_name}}
634,_bmad/cis/workflows/innovation-strategy/workflow.yaml,_bmad,Archivo de configuracion,hay-que-re-evaluar,Separar conocimiento reusable de contenido de soporte; evaluar modularizacion/submodule.,# Innovation Strategy Workflow Configuration
635,_bmad/cis/workflows/problem-solving/README.md,_bmad,Documento de referencia o decision,hay-que-re-evaluar,Separar conocimiento reusable de contenido de soporte; evaluar modularizacion/submodule.,---
636,_bmad/cis/workflows/problem-solving/instructions.md,_bmad,Documento de referencia o decision,hay-que-re-evaluar,Separar conocimiento reusable de contenido de soporte; evaluar modularizacion/submodule.,# Problem Solving Workflow Instructions
637,_bmad/cis/workflows/problem-solving/solving-methods.csv,_bmad,Framework BMAD y conocimiento interno,hay-que-re-evaluar,Separar conocimiento reusable de contenido de soporte; evaluar modularizacion/submodule.,-
638,_bmad/cis/workflows/problem-solving/template.md,_bmad,Documento de referencia o decision,hay-que-re-evaluar,Separar conocimiento reusable de contenido de soporte; evaluar modularizacion/submodule.,# Problem Solving Session: {{problem_title}}
639,_bmad/cis/workflows/problem-solving/workflow.yaml,_bmad,Archivo de configuracion,hay-que-re-evaluar,Separar conocimiento reusable de contenido de soporte; evaluar modularizacion/submodule.,# Problem Solving Workflow Configuration
640,_bmad/cis/workflows/storytelling/README.md,_bmad,Documento de referencia o decision,hay-que-re-evaluar,Separar conocimiento reusable de contenido de soporte; evaluar modularizacion/submodule.,---
641,_bmad/cis/workflows/storytelling/instructions.md,_bmad,Documento de referencia o decision,hay-que-re-evaluar,Separar conocimiento reusable de contenido de soporte; evaluar modularizacion/submodule.,# Storytelling Workflow Instructions
642,_bmad/cis/workflows/storytelling/story-types.csv,_bmad,Framework BMAD y conocimiento interno,hay-que-re-evaluar,Separar conocimiento reusable de contenido de soporte; evaluar modularizacion/submodule.,-
643,_bmad/cis/workflows/storytelling/template.md,_bmad,Documento de referencia o decision,hay-que-re-evaluar,Separar conocimiento reusable de contenido de soporte; evaluar modularizacion/submodule.,# Story Output
644,_bmad/cis/workflows/storytelling/workflow.yaml,_bmad,Archivo de configuracion,hay-que-re-evaluar,Separar conocimiento reusable de contenido de soporte; evaluar modularizacion/submodule.,# Storytelling Workflow Configuration
645,_bmad/core/agents/bmad-master.md,_bmad,Documento de referencia o decision,hay-que-re-evaluar,Separar conocimiento reusable de contenido de soporte; evaluar modularizacion/submodule.,---
646,_bmad/core/config.yaml,_bmad,Archivo de configuracion,hay-que-re-evaluar,Separar conocimiento reusable de contenido de soporte; evaluar modularizacion/submodule.,# CORE Module Configuration
647,_bmad/core/module-help.csv,_bmad,Framework BMAD y conocimiento interno,hay-que-re-evaluar,Separar conocimiento reusable de contenido de soporte; evaluar modularizacion/submodule.,-
648,_bmad/core/resources/excalidraw/README.md,_bmad,Documento de referencia o decision,hay-que-re-evaluar,Separar conocimiento reusable de contenido de soporte; evaluar modularizacion/submodule.,# Core Excalidraw Resources
649,_bmad/core/resources/excalidraw/excalidraw-helpers.md,_bmad,Documento de referencia o decision,hay-que-re-evaluar,Separar conocimiento reusable de contenido de soporte; evaluar modularizacion/submodule.,# Excalidraw Element Creation Guidelines
650,_bmad/core/resources/excalidraw/library-loader.md,_bmad,Documento de referencia o decision,hay-que-re-evaluar,Separar conocimiento reusable de contenido de soporte; evaluar modularizacion/submodule.,# External Library Loader
651,_bmad/core/resources/excalidraw/validate-json-instructions.md,_bmad,Documento de referencia o decision,hay-que-re-evaluar,Separar conocimiento reusable de contenido de soporte; evaluar modularizacion/submodule.,# JSON Validation Instructions
652,_bmad/core/tasks/editorial-review-prose.xml,_bmad,Framework BMAD y conocimiento interno,hay-que-re-evaluar,Separar conocimiento reusable de contenido de soporte; evaluar modularizacion/submodule.,"<task id=""_bmad/core/tasks/editorial-review-prose.xml"""
653,_bmad/core/tasks/editorial-review-structure.xml,_bmad,Framework BMAD y conocimiento interno,hay-que-re-evaluar,Separar conocimiento reusable de contenido de soporte; evaluar modularizacion/submodule.,"<?xml version=""1.0""?>"
654,_bmad/core/tasks/help.md,_bmad,Documento de referencia o decision,hay-que-re-evaluar,Separar conocimiento reusable de contenido de soporte; evaluar modularizacion/submodule.,---
655,_bmad/core/tasks/index-docs.xml,_bmad,Framework BMAD y conocimiento interno,hay-que-re-evaluar,Separar conocimiento reusable de contenido de soporte; evaluar modularizacion/submodule.,"<task id=""_bmad/core/tasks/index-docs"" name=""Index Docs"""
656,_bmad/core/tasks/review-adversarial-general.xml,_bmad,Framework BMAD y conocimiento interno,hay-que-re-evaluar,Separar conocimiento reusable de contenido de soporte; evaluar modularizacion/submodule.,"<!-- if possible, run this in a separate subagent or process with read access to the project,"
657,_bmad/core/tasks/shard-doc.xml,_bmad,Framework BMAD y conocimiento interno,hay-que-re-evaluar,Separar conocimiento reusable de contenido de soporte; evaluar modularizacion/submodule.,"<task id=""_bmad/core/tasks/shard-doc"" name=""Shard Document"""
658,_bmad/core/tasks/workflow.xml,_bmad,Framework BMAD y conocimiento interno,hay-que-re-evaluar,Separar conocimiento reusable de contenido de soporte; evaluar modularizacion/submodule.,"<task id=""_bmad/core/tasks/workflow.xml"" name=""Execute Workflow"" internal=""true"">"
659,_bmad/core/workflows/advanced-elicitation/methods.csv,_bmad,Framework BMAD y conocimiento interno,hay-que-re-evaluar,Separar conocimiento reusable de contenido de soporte; evaluar modularizacion/submodule.,-
660,_bmad/core/workflows/advanced-elicitation/workflow.xml,_bmad,Framework BMAD y conocimiento interno,hay-que-re-evaluar,Separar conocimiento reusable de contenido de soporte; evaluar modularizacion/submodule.,"<task id=""_bmad/core/workflows/advanced-elicitation/workflow.xml"" name=""Advanced Elicitation"""
661,_bmad/core/workflows/brainstorming/brain-methods.csv,_bmad,Framework BMAD y conocimiento interno,hay-que-re-evaluar,Separar conocimiento reusable de contenido de soporte; evaluar modularizacion/submodule.,-
662,_bmad/core/workflows/brainstorming/steps/step-01-session-setup.md,_bmad,Documento de referencia o decision,hay-que-re-evaluar,Separar conocimiento reusable de contenido de soporte; evaluar modularizacion/submodule.,# Step 1: Session Setup and Continuation Detection
663,_bmad/core/workflows/brainstorming/steps/step-01b-continue.md,_bmad,Documento de referencia o decision,hay-que-re-evaluar,Separar conocimiento reusable de contenido de soporte; evaluar modularizacion/submodule.,# Step 1b: Workflow Continuation
664,_bmad/core/workflows/brainstorming/steps/step-02a-user-selected.md,_bmad,Documento de referencia o decision,hay-que-re-evaluar,Separar conocimiento reusable de contenido de soporte; evaluar modularizacion/submodule.,# Step 2a: User-Selected Techniques
665,_bmad/core/workflows/brainstorming/steps/step-02b-ai-recommended.md,_bmad,Documento de referencia o decision,hay-que-re-evaluar,Separar conocimiento reusable de contenido de soporte; evaluar modularizacion/submodule.,# Step 2b: AI-Recommended Techniques
666,_bmad/core/workflows/brainstorming/steps/step-02c-random-selection.md,_bmad,Documento de referencia o decision,hay-que-re-evaluar,Separar conocimiento reusable de contenido de soporte; evaluar modularizacion/submodule.,# Step 2c: Random Technique Selection
667,_bmad/core/workflows/brainstorming/steps/step-02d-progressive-flow.md,_bmad,Documento de referencia o decision,hay-que-re-evaluar,Separar conocimiento reusable de contenido de soporte; evaluar modularizacion/submodule.,# Step 2d: Progressive Technique Flow
668,_bmad/core/workflows/brainstorming/steps/step-03-technique-execution.md,_bmad,Documento de referencia o decision,hay-que-re-evaluar,Separar conocimiento reusable de contenido de soporte; evaluar modularizacion/submodule.,# Step 3: Interactive Technique Execution and Facilitation
669,_bmad/core/workflows/brainstorming/steps/step-04-idea-organization.md,_bmad,Documento de referencia o decision,hay-que-re-evaluar,Separar conocimiento reusable de contenido de soporte; evaluar modularizacion/submodule.,# Step 4: Idea Organization and Action Planning
670,_bmad/core/workflows/brainstorming/template.md,_bmad,Documento de referencia o decision,hay-que-re-evaluar,Separar conocimiento reusable de contenido de soporte; evaluar modularizacion/submodule.,---
671,_bmad/core/workflows/brainstorming/workflow.md,_bmad,Documento de referencia o decision,hay-que-re-evaluar,Separar conocimiento reusable de contenido de soporte; evaluar modularizacion/submodule.,---
672,_bmad/core/workflows/party-mode/steps/step-01-agent-loading.md,_bmad,Documento de referencia o decision,hay-que-re-evaluar,Separar conocimiento reusable de contenido de soporte; evaluar modularizacion/submodule.,# Step 1: Agent Loading and Party Mode Initialization
673,_bmad/core/workflows/party-mode/steps/step-02-discussion-orchestration.md,_bmad,Documento de referencia o decision,hay-que-re-evaluar,Separar conocimiento reusable de contenido de soporte; evaluar modularizacion/submodule.,# Step 2: Discussion Orchestration and Multi-Agent Conversation
674,_bmad/core/workflows/party-mode/steps/step-03-graceful-exit.md,_bmad,Documento de referencia o decision,hay-que-re-evaluar,Separar conocimiento reusable de contenido de soporte; evaluar modularizacion/submodule.,# Step 3: Graceful Exit and Party Mode Conclusion
675,_bmad/core/workflows/party-mode/workflow.md,_bmad,Documento de referencia o decision,hay-que-re-evaluar,Separar conocimiento reusable de contenido de soporte; evaluar modularizacion/submodule.,---
676,_bmad/tea/agents/tea.md,_bmad,Documento de referencia o decision,hay-que-re-evaluar,Separar conocimiento reusable de contenido de soporte; evaluar modularizacion/submodule.,---
677,_bmad/tea/config.yaml,_bmad,Archivo de configuracion,hay-que-re-evaluar,Separar conocimiento reusable de contenido de soporte; evaluar modularizacion/submodule.,# TEA Module Configuration
678,_bmad/tea/module-help.csv,_bmad,Framework BMAD y conocimiento interno,hay-que-re-evaluar,Separar conocimiento reusable de contenido de soporte; evaluar modularizacion/submodule.,-
679,_bmad/tea/teams/default-party.csv,_bmad,Framework BMAD y conocimiento interno,hay-que-re-evaluar,Separar conocimiento reusable de contenido de soporte; evaluar modularizacion/submodule.,-
680,_bmad/tea/testarch/knowledge/adr-quality-readiness-checklist.md,_bmad,Documento de referencia o decision,hay-que-re-evaluar,Separar conocimiento reusable de contenido de soporte; evaluar modularizacion/submodule.,# ADR Quality Readiness Checklist
681,_bmad/tea/testarch/knowledge/api-request.md,_bmad,Documento de referencia o decision,hay-que-re-evaluar,Separar conocimiento reusable de contenido de soporte; evaluar modularizacion/submodule.,# API Request Utility
682,_bmad/tea/testarch/knowledge/api-testing-patterns.md,_bmad,Documento de referencia o decision,hay-que-re-evaluar,Separar conocimiento reusable de contenido de soporte; evaluar modularizacion/submodule.,# API Testing Patterns
683,_bmad/tea/testarch/knowledge/auth-session.md,_bmad,Documento de referencia o decision,hay-que-re-evaluar,Separar conocimiento reusable de contenido de soporte; evaluar modularizacion/submodule.,# Auth Session Utility
684,_bmad/tea/testarch/knowledge/burn-in.md,_bmad,Documento de referencia o decision,hay-que-re-evaluar,Separar conocimiento reusable de contenido de soporte; evaluar modularizacion/submodule.,# Burn-in Test Runner
685,_bmad/tea/testarch/knowledge/ci-burn-in.md,_bmad,Documento de referencia o decision,hay-que-re-evaluar,Separar conocimiento reusable de contenido de soporte; evaluar modularizacion/submodule.,# CI Pipeline and Burn-In Strategy
686,_bmad/tea/testarch/knowledge/component-tdd.md,_bmad,Documento de referencia o decision,hay-que-re-evaluar,Separar conocimiento reusable de contenido de soporte; evaluar modularizacion/submodule.,# Component Test-Driven Development Loop
687,_bmad/tea/testarch/knowledge/contract-testing.md,_bmad,Documento de referencia o decision,hay-que-re-evaluar,Separar conocimiento reusable de contenido de soporte; evaluar modularizacion/submodule.,# Contract Testing Essentials (Pact)
688,_bmad/tea/testarch/knowledge/data-factories.md,_bmad,Documento de referencia o decision,hay-que-re-evaluar,Separar conocimiento reusable de contenido de soporte; evaluar modularizacion/submodule.,# Data Factories and API-First Setup
689,_bmad/tea/testarch/knowledge/email-auth.md,_bmad,Documento de referencia o decision,hay-que-re-evaluar,Separar conocimiento reusable de contenido de soporte; evaluar modularizacion/submodule.,# Email-Based Authentication Testing
690,_bmad/tea/testarch/knowledge/error-handling.md,_bmad,Documento de referencia o decision,hay-que-re-evaluar,Separar conocimiento reusable de contenido de soporte; evaluar modularizacion/submodule.,# Error Handling and Resilience Checks
691,_bmad/tea/testarch/knowledge/feature-flags.md,_bmad,Documento de referencia o decision,hay-que-re-evaluar,Separar conocimiento reusable de contenido de soporte; evaluar modularizacion/submodule.,# Feature Flag Governance
692,_bmad/tea/testarch/knowledge/file-utils.md,_bmad,Documento de referencia o decision,hay-que-re-evaluar,Separar conocimiento reusable de contenido de soporte; evaluar modularizacion/submodule.,# File Utilities
693,_bmad/tea/testarch/knowledge/fixture-architecture.md,_bmad,Documento de referencia o decision,hay-que-re-evaluar,Separar conocimiento reusable de contenido de soporte; evaluar modularizacion/submodule.,# Fixture Architecture Playbook
694,_bmad/tea/testarch/knowledge/fixtures-composition.md,_bmad,Documento de referencia o decision,hay-que-re-evaluar,Separar conocimiento reusable de contenido de soporte; evaluar modularizacion/submodule.,# Fixtures Composition with mergeTests
695,_bmad/tea/testarch/knowledge/intercept-network-call.md,_bmad,Documento de referencia o decision,hay-que-re-evaluar,Separar conocimiento reusable de contenido de soporte; evaluar modularizacion/submodule.,# Intercept Network Call Utility
696,_bmad/tea/testarch/knowledge/log.md,_bmad,Documento de referencia o decision,hay-que-re-evaluar,Separar conocimiento reusable de contenido de soporte; evaluar modularizacion/submodule.,# Log Utility
697,_bmad/tea/testarch/knowledge/network-error-monitor.md,_bmad,Documento de referencia o decision,hay-que-re-evaluar,Separar conocimiento reusable de contenido de soporte; evaluar modularizacion/submodule.,# Network Error Monitor
698,_bmad/tea/testarch/knowledge/network-first.md,_bmad,Documento de referencia o decision,hay-que-re-evaluar,Separar conocimiento reusable de contenido de soporte; evaluar modularizacion/submodule.,# Network-First Safeguards
699,_bmad/tea/testarch/knowledge/network-recorder.md,_bmad,Documento de referencia o decision,hay-que-re-evaluar,Separar conocimiento reusable de contenido de soporte; evaluar modularizacion/submodule.,# Network Recorder Utility
700,_bmad/tea/testarch/knowledge/nfr-criteria.md,_bmad,Documento de referencia o decision,hay-que-re-evaluar,Separar conocimiento reusable de contenido de soporte; evaluar modularizacion/submodule.,# Non-Functional Requirements (NFR) Criteria
701,_bmad/tea/testarch/knowledge/overview.md,_bmad,Documento de referencia o decision,hay-que-re-evaluar,Separar conocimiento reusable de contenido de soporte; evaluar modularizacion/submodule.,# Playwright Utils Overview
702,_bmad/tea/testarch/knowledge/playwright-cli.md,_bmad,Documento de referencia o decision,hay-que-re-evaluar,Separar conocimiento reusable de contenido de soporte; evaluar modularizacion/submodule.,# Playwright CLI — Browser Automation for Coding Agents
703,_bmad/tea/testarch/knowledge/playwright-config.md,_bmad,Documento de referencia o decision,hay-que-re-evaluar,Separar conocimiento reusable de contenido de soporte; evaluar modularizacion/submodule.,# Playwright Configuration Guardrails
704,_bmad/tea/testarch/knowledge/probability-impact.md,_bmad,Documento de referencia o decision,hay-que-re-evaluar,Separar conocimiento reusable de contenido de soporte; evaluar modularizacion/submodule.,# Probability and Impact Scale
705,_bmad/tea/testarch/knowledge/recurse.md,_bmad,Documento de referencia o decision,hay-que-re-evaluar,Separar conocimiento reusable de contenido de soporte; evaluar modularizacion/submodule.,# Recurse (Polling) Utility
706,_bmad/tea/testarch/knowledge/risk-governance.md,_bmad,Documento de referencia o decision,hay-que-re-evaluar,Separar conocimiento reusable de contenido de soporte; evaluar modularizacion/submodule.,# Risk Governance and Gatekeeping
707,_bmad/tea/testarch/knowledge/selective-testing.md,_bmad,Documento de referencia o decision,hay-que-re-evaluar,Separar conocimiento reusable de contenido de soporte; evaluar modularizacion/submodule.,# Selective and Targeted Test Execution
708,_bmad/tea/testarch/knowledge/selector-resilience.md,_bmad,Documento de referencia o decision,hay-que-re-evaluar,Separar conocimiento reusable de contenido de soporte; evaluar modularizacion/submodule.,# Selector Resilience
709,_bmad/tea/testarch/knowledge/test-healing-patterns.md,_bmad,Documento de referencia o decision,hay-que-re-evaluar,Separar conocimiento reusable de contenido de soporte; evaluar modularizacion/submodule.,# Test Healing Patterns
710,_bmad/tea/testarch/knowledge/test-levels-framework.md,_bmad,Documento de referencia o decision,hay-que-re-evaluar,Separar conocimiento reusable de contenido de soporte; evaluar modularizacion/submodule.,<!-- Powered by BMAD-CORE™ -->
711,_bmad/tea/testarch/knowledge/test-priorities-matrix.md,_bmad,Documento de referencia o decision,hay-que-re-evaluar,Separar conocimiento reusable de contenido de soporte; evaluar modularizacion/submodule.,<!-- Powered by BMAD-CORE™ -->
712,_bmad/tea/testarch/knowledge/test-quality.md,_bmad,Documento de referencia o decision,hay-que-re-evaluar,Separar conocimiento reusable de contenido de soporte; evaluar modularizacion/submodule.,# Test Quality Definition of Done
713,_bmad/tea/testarch/knowledge/timing-debugging.md,_bmad,Documento de referencia o decision,hay-que-re-evaluar,Separar conocimiento reusable de contenido de soporte; evaluar modularizacion/submodule.,# Timing Debugging and Race Condition Fixes
714,_bmad/tea/testarch/knowledge/visual-debugging.md,_bmad,Documento de referencia o decision,hay-que-re-evaluar,Separar conocimiento reusable de contenido de soporte; evaluar modularizacion/submodule.,# Visual Debugging and Developer Ergonomics
715,_bmad/tea/testarch/tea-index.csv,_bmad,Framework BMAD y conocimiento interno,hay-que-re-evaluar,Separar conocimiento reusable de contenido de soporte; evaluar modularizacion/submodule.,-
716,_bmad/tea/workflows/testarch/README.md,_bmad,Documento de referencia o decision,hay-que-re-evaluar,Separar conocimiento reusable de contenido de soporte; evaluar modularizacion/submodule.,# TEA Workflow Step Files
717,_bmad/tea/workflows/testarch/atdd/atdd-checklist-template.md,_bmad,Documento de referencia o decision,hay-que-re-evaluar,Separar conocimiento reusable de contenido de soporte; evaluar modularizacion/submodule.,---
718,_bmad/tea/workflows/testarch/atdd/checklist.md,_bmad,Documento de referencia o decision,hay-que-re-evaluar,Separar conocimiento reusable de contenido de soporte; evaluar modularizacion/submodule.,# ATDD Workflow Validation Checklist
719,_bmad/tea/workflows/testarch/atdd/instructions.md,_bmad,Documento de referencia o decision,hay-que-re-evaluar,Separar conocimiento reusable de contenido de soporte; evaluar modularizacion/submodule.,<!-- Powered by BMAD-CORE™ -->
720,_bmad/tea/workflows/testarch/atdd/steps-c/step-01-preflight-and-context.md,_bmad,Documento de referencia o decision,hay-que-re-evaluar,Separar conocimiento reusable de contenido de soporte; evaluar modularizacion/submodule.,---
721,_bmad/tea/workflows/testarch/atdd/steps-c/step-01b-resume.md,_bmad,Documento de referencia o decision,hay-que-re-evaluar,Separar conocimiento reusable de contenido de soporte; evaluar modularizacion/submodule.,---
722,_bmad/tea/workflows/testarch/atdd/steps-c/step-02-generation-mode.md,_bmad,Documento de referencia o decision,hay-que-re-evaluar,Separar conocimiento reusable de contenido de soporte; evaluar modularizacion/submodule.,---
723,_bmad/tea/workflows/testarch/atdd/steps-c/step-03-test-strategy.md,_bmad,Documento de referencia o decision,hay-que-re-evaluar,Separar conocimiento reusable de contenido de soporte; evaluar modularizacion/submodule.,---
724,_bmad/tea/workflows/testarch/atdd/steps-c/step-04-generate-tests.md,_bmad,Documento de referencia o decision,hay-que-re-evaluar,Separar conocimiento reusable de contenido de soporte; evaluar modularizacion/submodule.,---
725,_bmad/tea/workflows/testarch/atdd/steps-c/step-04a-subprocess-api-failing.md,_bmad,Documento de referencia o decision,hay-que-re-evaluar,Separar conocimiento reusable de contenido de soporte; evaluar modularizacion/submodule.,---
726,_bmad/tea/workflows/testarch/atdd/steps-c/step-04b-subprocess-e2e-failing.md,_bmad,Documento de referencia o decision,hay-que-re-evaluar,Separar conocimiento reusable de contenido de soporte; evaluar modularizacion/submodule.,---
727,_bmad/tea/workflows/testarch/atdd/steps-c/step-04c-aggregate.md,_bmad,Documento de referencia o decision,hay-que-re-evaluar,Separar conocimiento reusable de contenido de soporte; evaluar modularizacion/submodule.,---
728,_bmad/tea/workflows/testarch/atdd/steps-c/step-05-validate-and-complete.md,_bmad,Documento de referencia o decision,hay-que-re-evaluar,Separar conocimiento reusable de contenido de soporte; evaluar modularizacion/submodule.,---
729,_bmad/tea/workflows/testarch/atdd/steps-e/step-01-assess.md,_bmad,Documento de referencia o decision,hay-que-re-evaluar,Separar conocimiento reusable de contenido de soporte; evaluar modularizacion/submodule.,---
730,_bmad/tea/workflows/testarch/atdd/steps-e/step-02-apply-edit.md,_bmad,Documento de referencia o decision,hay-que-re-evaluar,Separar conocimiento reusable de contenido de soporte; evaluar modularizacion/submodule.,---
731,_bmad/tea/workflows/testarch/atdd/steps-v/step-01-validate.md,_bmad,Documento de referencia o decision,hay-que-re-evaluar,Separar conocimiento reusable de contenido de soporte; evaluar modularizacion/submodule.,---
732,_bmad/tea/workflows/testarch/atdd/validation-report-20260127-095021.md,_bmad,Documento de referencia o decision,hay-que-re-evaluar,Separar conocimiento reusable de contenido de soporte; evaluar modularizacion/submodule.,---
733,_bmad/tea/workflows/testarch/atdd/validation-report-20260127-102401.md,_bmad,Documento de referencia o decision,hay-que-re-evaluar,Separar conocimiento reusable de contenido de soporte; evaluar modularizacion/submodule.,---
734,_bmad/tea/workflows/testarch/atdd/workflow-plan.md,_bmad,Documento de referencia o decision,hay-que-re-evaluar,Separar conocimiento reusable de contenido de soporte; evaluar modularizacion/submodule.,# Workflow Plan: testarch-atdd
735,_bmad/tea/workflows/testarch/atdd/workflow.md,_bmad,Documento de referencia o decision,hay-que-re-evaluar,Separar conocimiento reusable de contenido de soporte; evaluar modularizacion/submodule.,---
736,_bmad/tea/workflows/testarch/atdd/workflow.yaml,_bmad,Archivo de configuracion,hay-que-re-evaluar,Separar conocimiento reusable de contenido de soporte; evaluar modularizacion/submodule.,# Test Architect workflow: atdd
737,_bmad/tea/workflows/testarch/automate/checklist.md,_bmad,Documento de referencia o decision,hay-que-re-evaluar,Separar conocimiento reusable de contenido de soporte; evaluar modularizacion/submodule.,# Automate Workflow Validation Checklist
738,_bmad/tea/workflows/testarch/automate/instructions.md,_bmad,Documento de referencia o decision,hay-que-re-evaluar,Separar conocimiento reusable de contenido de soporte; evaluar modularizacion/submodule.,<!-- Powered by BMAD-CORE™ -->
739,_bmad/tea/workflows/testarch/automate/steps-c/step-01-preflight-and-context.md,_bmad,Documento de referencia o decision,hay-que-re-evaluar,Separar conocimiento reusable de contenido de soporte; evaluar modularizacion/submodule.,---
740,_bmad/tea/workflows/testarch/automate/steps-c/step-01b-resume.md,_bmad,Documento de referencia o decision,hay-que-re-evaluar,Separar conocimiento reusable de contenido de soporte; evaluar modularizacion/submodule.,---
741,_bmad/tea/workflows/testarch/automate/steps-c/step-02-identify-targets.md,_bmad,Documento de referencia o decision,hay-que-re-evaluar,Separar conocimiento reusable de contenido de soporte; evaluar modularizacion/submodule.,---
742,_bmad/tea/workflows/testarch/automate/steps-c/step-03-generate-tests.md,_bmad,Documento de referencia o decision,hay-que-re-evaluar,Separar conocimiento reusable de contenido de soporte; evaluar modularizacion/submodule.,---
743,_bmad/tea/workflows/testarch/automate/steps-c/step-03a-subprocess-api.md,_bmad,Documento de referencia o decision,hay-que-re-evaluar,Separar conocimiento reusable de contenido de soporte; evaluar modularizacion/submodule.,---
744,_bmad/tea/workflows/testarch/automate/steps-c/step-03b-subprocess-e2e.md,_bmad,Documento de referencia o decision,hay-que-re-evaluar,Separar conocimiento reusable de contenido de soporte; evaluar modularizacion/submodule.,---
745,_bmad/tea/workflows/testarch/automate/steps-c/step-03c-aggregate.md,_bmad,Documento de referencia o decision,hay-que-re-evaluar,Separar conocimiento reusable de contenido de soporte; evaluar modularizacion/submodule.,---
746,_bmad/tea/workflows/testarch/automate/steps-c/step-04-validate-and-summarize.md,_bmad,Documento de referencia o decision,hay-que-re-evaluar,Separar conocimiento reusable de contenido de soporte; evaluar modularizacion/submodule.,---
747,_bmad/tea/workflows/testarch/automate/steps-e/step-01-assess.md,_bmad,Documento de referencia o decision,hay-que-re-evaluar,Separar conocimiento reusable de contenido de soporte; evaluar modularizacion/submodule.,---
748,_bmad/tea/workflows/testarch/automate/steps-e/step-02-apply-edit.md,_bmad,Documento de referencia o decision,hay-que-re-evaluar,Separar conocimiento reusable de contenido de soporte; evaluar modularizacion/submodule.,---
749,_bmad/tea/workflows/testarch/automate/steps-v/step-01-validate.md,_bmad,Documento de referencia o decision,hay-que-re-evaluar,Separar conocimiento reusable de contenido de soporte; evaluar modularizacion/submodule.,---
750,_bmad/tea/workflows/testarch/automate/validation-report-20260127-095021.md,_bmad,Documento de referencia o decision,hay-que-re-evaluar,Separar conocimiento reusable de contenido de soporte; evaluar modularizacion/submodule.,---
751,_bmad/tea/workflows/testarch/automate/validation-report-20260127-102401.md,_bmad,Documento de referencia o decision,hay-que-re-evaluar,Separar conocimiento reusable de contenido de soporte; evaluar modularizacion/submodule.,---
752,_bmad/tea/workflows/testarch/automate/workflow-plan.md,_bmad,Documento de referencia o decision,hay-que-re-evaluar,Separar conocimiento reusable de contenido de soporte; evaluar modularizacion/submodule.,# Workflow Plan: testarch-automate
753,_bmad/tea/workflows/testarch/automate/workflow.md,_bmad,Documento de referencia o decision,hay-que-re-evaluar,Separar conocimiento reusable de contenido de soporte; evaluar modularizacion/submodule.,---
754,_bmad/tea/workflows/testarch/automate/workflow.yaml,_bmad,Archivo de configuracion,hay-que-re-evaluar,Separar conocimiento reusable de contenido de soporte; evaluar modularizacion/submodule.,# Test Architect workflow: automate
755,_bmad/tea/workflows/testarch/ci/checklist.md,_bmad,Documento de referencia o decision,hay-que-re-evaluar,Separar conocimiento reusable de contenido de soporte; evaluar modularizacion/submodule.,# CI/CD Pipeline Setup - Validation Checklist
756,_bmad/tea/workflows/testarch/ci/github-actions-template.yaml,_bmad,Archivo de configuracion,hay-que-re-evaluar,Separar conocimiento reusable de contenido de soporte; evaluar modularizacion/submodule.,# GitHub Actions CI/CD Pipeline for Test Execution
757,_bmad/tea/workflows/testarch/ci/gitlab-ci-template.yaml,_bmad,Archivo de configuracion,hay-que-re-evaluar,Separar conocimiento reusable de contenido de soporte; evaluar modularizacion/submodule.,# GitLab CI/CD Pipeline for Test Execution
758,_bmad/tea/workflows/testarch/ci/instructions.md,_bmad,Documento de referencia o decision,hay-que-re-evaluar,Separar conocimiento reusable de contenido de soporte; evaluar modularizacion/submodule.,<!-- Powered by BMAD-CORE™ -->
759,_bmad/tea/workflows/testarch/ci/steps-c/step-01-preflight.md,_bmad,Documento de referencia o decision,hay-que-re-evaluar,Separar conocimiento reusable de contenido de soporte; evaluar modularizacion/submodule.,---
760,_bmad/tea/workflows/testarch/ci/steps-c/step-01b-resume.md,_bmad,Documento de referencia o decision,hay-que-re-evaluar,Separar conocimiento reusable de contenido de soporte; evaluar modularizacion/submodule.,---
761,_bmad/tea/workflows/testarch/ci/steps-c/step-02-generate-pipeline.md,_bmad,Documento de referencia o decision,hay-que-re-evaluar,Separar conocimiento reusable de contenido de soporte; evaluar modularizacion/submodule.,---
762,_bmad/tea/workflows/testarch/ci/steps-c/step-03-configure-quality-gates.md,_bmad,Documento de referencia o decision,hay-que-re-evaluar,Separar conocimiento reusable de contenido de soporte; evaluar modularizacion/submodule.,---
763,_bmad/tea/workflows/testarch/ci/steps-c/step-04-validate-and-summary.md,_bmad,Documento de referencia o decision,hay-que-re-evaluar,Separar conocimiento reusable de contenido de soporte; evaluar modularizacion/submodule.,---
764,_bmad/tea/workflows/testarch/ci/steps-e/step-01-assess.md,_bmad,Documento de referencia o decision,hay-que-re-evaluar,Separar conocimiento reusable de contenido de soporte; evaluar modularizacion/submodule.,---
765,_bmad/tea/workflows/testarch/ci/steps-e/step-02-apply-edit.md,_bmad,Documento de referencia o decision,hay-que-re-evaluar,Separar conocimiento reusable de contenido de soporte; evaluar modularizacion/submodule.,---
766,_bmad/tea/workflows/testarch/ci/steps-v/step-01-validate.md,_bmad,Documento de referencia o decision,hay-que-re-evaluar,Separar conocimiento reusable de contenido de soporte; evaluar modularizacion/submodule.,---
767,_bmad/tea/workflows/testarch/ci/validation-report-20260127-095021.md,_bmad,Documento de referencia o decision,hay-que-re-evaluar,Separar conocimiento reusable de contenido de soporte; evaluar modularizacion/submodule.,---
768,_bmad/tea/workflows/testarch/ci/validation-report-20260127-102401.md,_bmad,Documento de referencia o decision,hay-que-re-evaluar,Separar conocimiento reusable de contenido de soporte; evaluar modularizacion/submodule.,---
769,_bmad/tea/workflows/testarch/ci/workflow-plan.md,_bmad,Documento de referencia o decision,hay-que-re-evaluar,Separar conocimiento reusable de contenido de soporte; evaluar modularizacion/submodule.,# Workflow Plan: testarch-ci
770,_bmad/tea/workflows/testarch/ci/workflow.md,_bmad,Documento de referencia o decision,hay-que-re-evaluar,Separar conocimiento reusable de contenido de soporte; evaluar modularizacion/submodule.,---
771,_bmad/tea/workflows/testarch/ci/workflow.yaml,_bmad,Archivo de configuracion,hay-que-re-evaluar,Separar conocimiento reusable de contenido de soporte; evaluar modularizacion/submodule.,# Test Architect workflow: ci
772,_bmad/tea/workflows/testarch/framework/checklist.md,_bmad,Documento de referencia o decision,hay-que-re-evaluar,Separar conocimiento reusable de contenido de soporte; evaluar modularizacion/submodule.,# Test Framework Setup - Validation Checklist
773,_bmad/tea/workflows/testarch/framework/instructions.md,_bmad,Documento de referencia o decision,hay-que-re-evaluar,Separar conocimiento reusable de contenido de soporte; evaluar modularizacion/submodule.,<!-- Powered by BMAD-CORE™ -->
774,_bmad/tea/workflows/testarch/framework/steps-c/step-01-preflight.md,_bmad,Documento de referencia o decision,hay-que-re-evaluar,Separar conocimiento reusable de contenido de soporte; evaluar modularizacion/submodule.,---
775,_bmad/tea/workflows/testarch/framework/steps-c/step-01b-resume.md,_bmad,Documento de referencia o decision,hay-que-re-evaluar,Separar conocimiento reusable de contenido de soporte; evaluar modularizacion/submodule.,---
776,_bmad/tea/workflows/testarch/framework/steps-c/step-02-select-framework.md,_bmad,Documento de referencia o decision,hay-que-re-evaluar,Separar conocimiento reusable de contenido de soporte; evaluar modularizacion/submodule.,---
777,_bmad/tea/workflows/testarch/framework/steps-c/step-03-scaffold-framework.md,_bmad,Documento de referencia o decision,hay-que-re-evaluar,Separar conocimiento reusable de contenido de soporte; evaluar modularizacion/submodule.,---
778,_bmad/tea/workflows/testarch/framework/steps-c/step-04-docs-and-scripts.md,_bmad,Documento de referencia o decision,hay-que-re-evaluar,Separar conocimiento reusable de contenido de soporte; evaluar modularizacion/submodule.,---
779,_bmad/tea/workflows/testarch/framework/steps-c/step-05-validate-and-summary.md,_bmad,Documento de referencia o decision,hay-que-re-evaluar,Separar conocimiento reusable de contenido de soporte; evaluar modularizacion/submodule.,---
780,_bmad/tea/workflows/testarch/framework/steps-e/step-01-assess.md,_bmad,Documento de referencia o decision,hay-que-re-evaluar,Separar conocimiento reusable de contenido de soporte; evaluar modularizacion/submodule.,---
781,_bmad/tea/workflows/testarch/framework/steps-e/step-02-apply-edit.md,_bmad,Documento de referencia o decision,hay-que-re-evaluar,Separar conocimiento reusable de contenido de soporte; evaluar modularizacion/submodule.,---
782,_bmad/tea/workflows/testarch/framework/steps-v/step-01-validate.md,_bmad,Documento de referencia o decision,hay-que-re-evaluar,Separar conocimiento reusable de contenido de soporte; evaluar modularizacion/submodule.,---
783,_bmad/tea/workflows/testarch/framework/validation-report-20260127-095021.md,_bmad,Documento de referencia o decision,hay-que-re-evaluar,Separar conocimiento reusable de contenido de soporte; evaluar modularizacion/submodule.,---
784,_bmad/tea/workflows/testarch/framework/validation-report-20260127-102401.md,_bmad,Documento de referencia o decision,hay-que-re-evaluar,Separar conocimiento reusable de contenido de soporte; evaluar modularizacion/submodule.,---
785,_bmad/tea/workflows/testarch/framework/workflow-plan.md,_bmad,Documento de referencia o decision,hay-que-re-evaluar,Separar conocimiento reusable de contenido de soporte; evaluar modularizacion/submodule.,# Workflow Plan: testarch-framework
786,_bmad/tea/workflows/testarch/framework/workflow.md,_bmad,Documento de referencia o decision,hay-que-re-evaluar,Separar conocimiento reusable de contenido de soporte; evaluar modularizacion/submodule.,---
787,_bmad/tea/workflows/testarch/framework/workflow.yaml,_bmad,Archivo de configuracion,hay-que-re-evaluar,Separar conocimiento reusable de contenido de soporte; evaluar modularizacion/submodule.,# Test Architect workflow: framework
788,_bmad/tea/workflows/testarch/nfr-assess/checklist.md,_bmad,Documento de referencia o decision,hay-que-re-evaluar,Separar conocimiento reusable de contenido de soporte; evaluar modularizacion/submodule.,# Non-Functional Requirements Assessment - Validation Checklist
789,_bmad/tea/workflows/testarch/nfr-assess/instructions.md,_bmad,Documento de referencia o decision,hay-que-re-evaluar,Separar conocimiento reusable de contenido de soporte; evaluar modularizacion/submodule.,# Non-Functional Requirements Assessment
790,_bmad/tea/workflows/testarch/nfr-assess/nfr-report-template.md,_bmad,Documento de referencia o decision,hay-que-re-evaluar,Separar conocimiento reusable de contenido de soporte; evaluar modularizacion/submodule.,---
791,_bmad/tea/workflows/testarch/nfr-assess/steps-c/step-01-load-context.md,_bmad,Documento de referencia o decision,hay-que-re-evaluar,Separar conocimiento reusable de contenido de soporte; evaluar modularizacion/submodule.,---
792,_bmad/tea/workflows/testarch/nfr-assess/steps-c/step-01b-resume.md,_bmad,Documento de referencia o decision,hay-que-re-evaluar,Separar conocimiento reusable de contenido de soporte; evaluar modularizacion/submodule.,---
793,_bmad/tea/workflows/testarch/nfr-assess/steps-c/step-02-define-thresholds.md,_bmad,Documento de referencia o decision,hay-que-re-evaluar,Separar conocimiento reusable de contenido de soporte; evaluar modularizacion/submodule.,---
794,_bmad/tea/workflows/testarch/nfr-assess/steps-c/step-03-gather-evidence.md,_bmad,Documento de referencia o decision,hay-que-re-evaluar,Separar conocimiento reusable de contenido de soporte; evaluar modularizacion/submodule.,---
795,_bmad/tea/workflows/testarch/nfr-assess/steps-c/step-04-evaluate-and-score.md,_bmad,Documento de referencia o decision,hay-que-re-evaluar,Separar conocimiento reusable de contenido de soporte; evaluar modularizacion/submodule.,---
796,_bmad/tea/workflows/testarch/nfr-assess/steps-c/step-04a-subprocess-security.md,_bmad,Documento de referencia o decision,hay-que-re-evaluar,Separar conocimiento reusable de contenido de soporte; evaluar modularizacion/submodule.,---
797,_bmad/tea/workflows/testarch/nfr-assess/steps-c/step-04b-subprocess-performance.md,_bmad,Documento de referencia o decision,hay-que-re-evaluar,Separar conocimiento reusable de contenido de soporte; evaluar modularizacion/submodule.,---
798,_bmad/tea/workflows/testarch/nfr-assess/steps-c/step-04c-subprocess-reliability.md,_bmad,Documento de referencia o decision,hay-que-re-evaluar,Separar conocimiento reusable de contenido de soporte; evaluar modularizacion/submodule.,---
799,_bmad/tea/workflows/testarch/nfr-assess/steps-c/step-04d-subprocess-scalability.md,_bmad,Documento de referencia o decision,hay-que-re-evaluar,Separar conocimiento reusable de contenido de soporte; evaluar modularizacion/submodule.,---
800,_bmad/tea/workflows/testarch/nfr-assess/steps-c/step-04e-aggregate-nfr.md,_bmad,Documento de referencia o decision,hay-que-re-evaluar,Separar conocimiento reusable de contenido de soporte; evaluar modularizacion/submodule.,---
801,_bmad/tea/workflows/testarch/nfr-assess/steps-c/step-05-generate-report.md,_bmad,Documento de referencia o decision,hay-que-re-evaluar,Separar conocimiento reusable de contenido de soporte; evaluar modularizacion/submodule.,---
802,_bmad/tea/workflows/testarch/nfr-assess/steps-e/step-01-assess.md,_bmad,Documento de referencia o decision,hay-que-re-evaluar,Separar conocimiento reusable de contenido de soporte; evaluar modularizacion/submodule.,---
803,_bmad/tea/workflows/testarch/nfr-assess/steps-e/step-02-apply-edit.md,_bmad,Documento de referencia o decision,hay-que-re-evaluar,Separar conocimiento reusable de contenido de soporte; evaluar modularizacion/submodule.,---
804,_bmad/tea/workflows/testarch/nfr-assess/steps-v/step-01-validate.md,_bmad,Documento de referencia o decision,hay-que-re-evaluar,Separar conocimiento reusable de contenido de soporte; evaluar modularizacion/submodule.,---
805,_bmad/tea/workflows/testarch/nfr-assess/validation-report-20260127-095021.md,_bmad,Documento de referencia o decision,hay-que-re-evaluar,Separar conocimiento reusable de contenido de soporte; evaluar modularizacion/submodule.,---
806,_bmad/tea/workflows/testarch/nfr-assess/validation-report-20260127-102401.md,_bmad,Documento de referencia o decision,hay-que-re-evaluar,Separar conocimiento reusable de contenido de soporte; evaluar modularizacion/submodule.,---
807,_bmad/tea/workflows/testarch/nfr-assess/workflow-plan.md,_bmad,Documento de referencia o decision,hay-que-re-evaluar,Separar conocimiento reusable de contenido de soporte; evaluar modularizacion/submodule.,# Workflow Plan: testarch-nfr
808,_bmad/tea/workflows/testarch/nfr-assess/workflow.md,_bmad,Documento de referencia o decision,hay-que-re-evaluar,Separar conocimiento reusable de contenido de soporte; evaluar modularizacion/submodule.,---
809,_bmad/tea/workflows/testarch/nfr-assess/workflow.yaml,_bmad,Archivo de configuracion,hay-que-re-evaluar,Separar conocimiento reusable de contenido de soporte; evaluar modularizacion/submodule.,# Test Architect workflow: nfr-assess
810,_bmad/tea/workflows/testarch/teach-me-testing/checklist.md,_bmad,Documento de referencia o decision,hay-que-re-evaluar,Separar conocimiento reusable de contenido de soporte; evaluar modularizacion/submodule.,# Teach Me Testing - Quality Checklist
811,_bmad/tea/workflows/testarch/teach-me-testing/data/curriculum.yaml,_bmad,Archivo de configuracion,hay-que-re-evaluar,Separar conocimiento reusable de contenido de soporte; evaluar modularizacion/submodule.,# TEA Academy Curriculum Structure
812,_bmad/tea/workflows/testarch/teach-me-testing/data/quiz-questions.yaml,_bmad,Archivo de configuracion,hay-que-re-evaluar,Separar conocimiento reusable de contenido de soporte; evaluar modularizacion/submodule.,# Quiz Questions Bank
813,_bmad/tea/workflows/testarch/teach-me-testing/data/role-paths.yaml,_bmad,Archivo de configuracion,hay-que-re-evaluar,Separar conocimiento reusable de contenido de soporte; evaluar modularizacion/submodule.,# Role-Based Content Customization
814,_bmad/tea/workflows/testarch/teach-me-testing/data/session-content-map.yaml,_bmad,Archivo de configuracion,hay-que-re-evaluar,Separar conocimiento reusable de contenido de soporte; evaluar modularizacion/submodule.,# Session Content Mapping
815,_bmad/tea/workflows/testarch/teach-me-testing/data/tea-resources-index.yaml,_bmad,Archivo de configuracion,hay-que-re-evaluar,Separar conocimiento reusable de contenido de soporte; evaluar modularizacion/submodule.,# TEA Resources Index
816,_bmad/tea/workflows/testarch/teach-me-testing/instructions.md,_bmad,Documento de referencia o decision,hay-que-re-evaluar,Separar conocimiento reusable de contenido de soporte; evaluar modularizacion/submodule.,# Teach Me Testing - Usage Instructions
817,_bmad/tea/workflows/testarch/teach-me-testing/steps-c/step-01-init.md,_bmad,Documento de referencia o decision,hay-que-re-evaluar,Separar conocimiento reusable de contenido de soporte; evaluar modularizacion/submodule.,---
818,_bmad/tea/workflows/testarch/teach-me-testing/steps-c/step-01b-continue.md,_bmad,Documento de referencia o decision,hay-que-re-evaluar,Separar conocimiento reusable de contenido de soporte; evaluar modularizacion/submodule.,---
819,_bmad/tea/workflows/testarch/teach-me-testing/steps-c/step-02-assess.md,_bmad,Documento de referencia o decision,hay-que-re-evaluar,Separar conocimiento reusable de contenido de soporte; evaluar modularizacion/submodule.,---
820,_bmad/tea/workflows/testarch/teach-me-testing/steps-c/step-03-session-menu.md,_bmad,Documento de referencia o decision,hay-que-re-evaluar,Separar conocimiento reusable de contenido de soporte; evaluar modularizacion/submodule.,---
821,_bmad/tea/workflows/testarch/teach-me-testing/steps-c/step-04-session-01.md,_bmad,Documento de referencia o decision,hay-que-re-evaluar,Separar conocimiento reusable de contenido de soporte; evaluar modularizacion/submodule.,---
822,_bmad/tea/workflows/testarch/teach-me-testing/steps-c/step-04-session-02.md,_bmad,Documento de referencia o decision,hay-que-re-evaluar,Separar conocimiento reusable de contenido de soporte; evaluar modularizacion/submodule.,---
823,_bmad/tea/workflows/testarch/teach-me-testing/steps-c/step-04-session-03.md,_bmad,Documento de referencia o decision,hay-que-re-evaluar,Separar conocimiento reusable de contenido de soporte; evaluar modularizacion/submodule.,---
824,_bmad/tea/workflows/testarch/teach-me-testing/steps-c/step-04-session-04.md,_bmad,Documento de referencia o decision,hay-que-re-evaluar,Separar conocimiento reusable de contenido de soporte; evaluar modularizacion/submodule.,---
825,_bmad/tea/workflows/testarch/teach-me-testing/steps-c/step-04-session-05.md,_bmad,Documento de referencia o decision,hay-que-re-evaluar,Separar conocimiento reusable de contenido de soporte; evaluar modularizacion/submodule.,---
826,_bmad/tea/workflows/testarch/teach-me-testing/steps-c/step-04-session-06.md,_bmad,Documento de referencia o decision,hay-que-re-evaluar,Separar conocimiento reusable de contenido de soporte; evaluar modularizacion/submodule.,---
827,_bmad/tea/workflows/testarch/teach-me-testing/steps-c/step-04-session-07.md,_bmad,Documento de referencia o decision,hay-que-re-evaluar,Separar conocimiento reusable de contenido de soporte; evaluar modularizacion/submodule.,---
828,_bmad/tea/workflows/testarch/teach-me-testing/steps-c/step-05-completion.md,_bmad,Documento de referencia o decision,hay-que-re-evaluar,Separar conocimiento reusable de contenido de soporte; evaluar modularizacion/submodule.,---
829,_bmad/tea/workflows/testarch/teach-me-testing/steps-e/step-e-01-assess-workflow.md,_bmad,Documento de referencia o decision,hay-que-re-evaluar,Separar conocimiento reusable de contenido de soporte; evaluar modularizacion/submodule.,---
830,_bmad/tea/workflows/testarch/teach-me-testing/steps-e/step-e-02-apply-edits.md,_bmad,Documento de referencia o decision,hay-que-re-evaluar,Separar conocimiento reusable de contenido de soporte; evaluar modularizacion/submodule.,---
831,_bmad/tea/workflows/testarch/teach-me-testing/steps-v/step-v-01-validate.md,_bmad,Documento de referencia o decision,hay-que-re-evaluar,Separar conocimiento reusable de contenido de soporte; evaluar modularizacion/submodule.,---
832,_bmad/tea/workflows/testarch/teach-me-testing/templates/certificate-template.md,_bmad,Documento de referencia o decision,hay-que-re-evaluar,Separar conocimiento reusable de contenido de soporte; evaluar modularizacion/submodule.,---
833,_bmad/tea/workflows/testarch/teach-me-testing/templates/progress-template.yaml,_bmad,Archivo de configuracion,hay-que-re-evaluar,Separar conocimiento reusable de contenido de soporte; evaluar modularizacion/submodule.,---
834,_bmad/tea/workflows/testarch/teach-me-testing/templates/session-notes-template.md,_bmad,Documento de referencia o decision,hay-que-re-evaluar,Separar conocimiento reusable de contenido de soporte; evaluar modularizacion/submodule.,---
835,_bmad/tea/workflows/testarch/teach-me-testing/workflow-plan-teach-me-testing.md,_bmad,Documento de referencia o decision,hay-que-re-evaluar,Separar conocimiento reusable de contenido de soporte; evaluar modularizacion/submodule.,---
836,_bmad/tea/workflows/testarch/teach-me-testing/workflow.md,_bmad,Documento de referencia o decision,hay-que-re-evaluar,Separar conocimiento reusable de contenido de soporte; evaluar modularizacion/submodule.,---
837,_bmad/tea/workflows/testarch/test-design/checklist.md,_bmad,Documento de referencia o decision,hay-que-re-evaluar,Separar conocimiento reusable de contenido de soporte; evaluar modularizacion/submodule.,# Test Design and Risk Assessment - Validation Checklist
838,_bmad/tea/workflows/testarch/test-design/instructions.md,_bmad,Documento de referencia o decision,hay-que-re-evaluar,Separar conocimiento reusable de contenido de soporte; evaluar modularizacion/submodule.,<!-- Powered by BMAD-CORE™ -->
839,_bmad/tea/workflows/testarch/test-design/steps-c/step-01-detect-mode.md,_bmad,Documento de referencia o decision,hay-que-re-evaluar,Separar conocimiento reusable de contenido de soporte; evaluar modularizacion/submodule.,---
840,_bmad/tea/workflows/testarch/test-design/steps-c/step-01b-resume.md,_bmad,Documento de referencia o decision,hay-que-re-evaluar,Separar conocimiento reusable de contenido de soporte; evaluar modularizacion/submodule.,---
841,_bmad/tea/workflows/testarch/test-design/steps-c/step-02-load-context.md,_bmad,Documento de referencia o decision,hay-que-re-evaluar,Separar conocimiento reusable de contenido de soporte; evaluar modularizacion/submodule.,---
842,_bmad/tea/workflows/testarch/test-design/steps-c/step-03-risk-and-testability.md,_bmad,Documento de referencia o decision,hay-que-re-evaluar,Separar conocimiento reusable de contenido de soporte; evaluar modularizacion/submodule.,---
843,_bmad/tea/workflows/testarch/test-design/steps-c/step-04-coverage-plan.md,_bmad,Documento de referencia o decision,hay-que-re-evaluar,Separar conocimiento reusable de contenido de soporte; evaluar modularizacion/submodule.,---
844,_bmad/tea/workflows/testarch/test-design/steps-c/step-05-generate-output.md,_bmad,Documento de referencia o decision,hay-que-re-evaluar,Separar conocimiento reusable de contenido de soporte; evaluar modularizacion/submodule.,---
845,_bmad/tea/workflows/testarch/test-design/steps-e/step-01-assess.md,_bmad,Documento de referencia o decision,hay-que-re-evaluar,Separar conocimiento reusable de contenido de soporte; evaluar modularizacion/submodule.,---
846,_bmad/tea/workflows/testarch/test-design/steps-e/step-02-apply-edit.md,_bmad,Documento de referencia o decision,hay-que-re-evaluar,Separar conocimiento reusable de contenido de soporte; evaluar modularizacion/submodule.,---
847,_bmad/tea/workflows/testarch/test-design/steps-v/step-01-validate.md,_bmad,Documento de referencia o decision,hay-que-re-evaluar,Separar conocimiento reusable de contenido de soporte; evaluar modularizacion/submodule.,---
848,_bmad/tea/workflows/testarch/test-design/test-design-architecture-template.md,_bmad,Documento de referencia o decision,hay-que-re-evaluar,Separar conocimiento reusable de contenido de soporte; evaluar modularizacion/submodule.,---
849,_bmad/tea/workflows/testarch/test-design/test-design-qa-template.md,_bmad,Documento de referencia o decision,hay-que-re-evaluar,Separar conocimiento reusable de contenido de soporte; evaluar modularizacion/submodule.,---
850,_bmad/tea/workflows/testarch/test-design/test-design-template.md,_bmad,Documento de referencia o decision,hay-que-re-evaluar,Separar conocimiento reusable de contenido de soporte; evaluar modularizacion/submodule.,---
851,_bmad/tea/workflows/testarch/test-design/validation-report-20260127-095021.md,_bmad,Documento de referencia o decision,hay-que-re-evaluar,Separar conocimiento reusable de contenido de soporte; evaluar modularizacion/submodule.,---
852,_bmad/tea/workflows/testarch/test-design/validation-report-20260127-102401.md,_bmad,Documento de referencia o decision,hay-que-re-evaluar,Separar conocimiento reusable de contenido de soporte; evaluar modularizacion/submodule.,---
853,_bmad/tea/workflows/testarch/test-design/workflow-plan.md,_bmad,Documento de referencia o decision,hay-que-re-evaluar,Separar conocimiento reusable de contenido de soporte; evaluar modularizacion/submodule.,# Workflow Plan: testarch-test-design
854,_bmad/tea/workflows/testarch/test-design/workflow.md,_bmad,Documento de referencia o decision,hay-que-re-evaluar,Separar conocimiento reusable de contenido de soporte; evaluar modularizacion/submodule.,---
855,_bmad/tea/workflows/testarch/test-design/workflow.yaml,_bmad,Archivo de configuracion,hay-que-re-evaluar,Separar conocimiento reusable de contenido de soporte; evaluar modularizacion/submodule.,# Test Architect workflow: test-design
856,_bmad/tea/workflows/testarch/test-review/checklist.md,_bmad,Documento de referencia o decision,hay-que-re-evaluar,Separar conocimiento reusable de contenido de soporte; evaluar modularizacion/submodule.,# Test Quality Review - Validation Checklist
857,_bmad/tea/workflows/testarch/test-review/instructions.md,_bmad,Documento de referencia o decision,hay-que-re-evaluar,Separar conocimiento reusable de contenido de soporte; evaluar modularizacion/submodule.,# Test Quality Review
858,_bmad/tea/workflows/testarch/test-review/steps-c/step-01-load-context.md,_bmad,Documento de referencia o decision,hay-que-re-evaluar,Separar conocimiento reusable de contenido de soporte; evaluar modularizacion/submodule.,---
859,_bmad/tea/workflows/testarch/test-review/steps-c/step-01b-resume.md,_bmad,Documento de referencia o decision,hay-que-re-evaluar,Separar conocimiento reusable de contenido de soporte; evaluar modularizacion/submodule.,---
860,_bmad/tea/workflows/testarch/test-review/steps-c/step-02-discover-tests.md,_bmad,Documento de referencia o decision,hay-que-re-evaluar,Separar conocimiento reusable de contenido de soporte; evaluar modularizacion/submodule.,---
861,_bmad/tea/workflows/testarch/test-review/steps-c/step-03-quality-evaluation.md,_bmad,Documento de referencia o decision,hay-que-re-evaluar,Separar conocimiento reusable de contenido de soporte; evaluar modularizacion/submodule.,---
862,_bmad/tea/workflows/testarch/test-review/steps-c/step-03a-subprocess-determinism.md,_bmad,Documento de referencia o decision,hay-que-re-evaluar,Separar conocimiento reusable de contenido de soporte; evaluar modularizacion/submodule.,---
863,_bmad/tea/workflows/testarch/test-review/steps-c/step-03b-subprocess-isolation.md,_bmad,Documento de referencia o decision,hay-que-re-evaluar,Separar conocimiento reusable de contenido de soporte; evaluar modularizacion/submodule.,---
864,_bmad/tea/workflows/testarch/test-review/steps-c/step-03c-subprocess-maintainability.md,_bmad,Documento de referencia o decision,hay-que-re-evaluar,Separar conocimiento reusable de contenido de soporte; evaluar modularizacion/submodule.,---
865,_bmad/tea/workflows/testarch/test-review/steps-c/step-03e-subprocess-performance.md,_bmad,Documento de referencia o decision,hay-que-re-evaluar,Separar conocimiento reusable de contenido de soporte; evaluar modularizacion/submodule.,---
866,_bmad/tea/workflows/testarch/test-review/steps-c/step-03f-aggregate-scores.md,_bmad,Documento de referencia o decision,hay-que-re-evaluar,Separar conocimiento reusable de contenido de soporte; evaluar modularizacion/submodule.,---
867,_bmad/tea/workflows/testarch/test-review/steps-c/step-04-generate-report.md,_bmad,Documento de referencia o decision,hay-que-re-evaluar,Separar conocimiento reusable de contenido de soporte; evaluar modularizacion/submodule.,---
868,_bmad/tea/workflows/testarch/test-review/steps-e/step-01-assess.md,_bmad,Documento de referencia o decision,hay-que-re-evaluar,Separar conocimiento reusable de contenido de soporte; evaluar modularizacion/submodule.,---
869,_bmad/tea/workflows/testarch/test-review/steps-e/step-02-apply-edit.md,_bmad,Documento de referencia o decision,hay-que-re-evaluar,Separar conocimiento reusable de contenido de soporte; evaluar modularizacion/submodule.,---
870,_bmad/tea/workflows/testarch/test-review/steps-v/step-01-validate.md,_bmad,Documento de referencia o decision,hay-que-re-evaluar,Separar conocimiento reusable de contenido de soporte; evaluar modularizacion/submodule.,---
871,_bmad/tea/workflows/testarch/test-review/test-review-template.md,_bmad,Documento de referencia o decision,hay-que-re-evaluar,Separar conocimiento reusable de contenido de soporte; evaluar modularizacion/submodule.,---
872,_bmad/tea/workflows/testarch/test-review/validation-report-20260127-095021.md,_bmad,Documento de referencia o decision,hay-que-re-evaluar,Separar conocimiento reusable de contenido de soporte; evaluar modularizacion/submodule.,---
873,_bmad/tea/workflows/testarch/test-review/validation-report-20260127-102401.md,_bmad,Documento de referencia o decision,hay-que-re-evaluar,Separar conocimiento reusable de contenido de soporte; evaluar modularizacion/submodule.,---
874,_bmad/tea/workflows/testarch/test-review/workflow-plan.md,_bmad,Documento de referencia o decision,hay-que-re-evaluar,Separar conocimiento reusable de contenido de soporte; evaluar modularizacion/submodule.,# Workflow Plan: testarch-test-review
875,_bmad/tea/workflows/testarch/test-review/workflow.md,_bmad,Documento de referencia o decision,hay-que-re-evaluar,Separar conocimiento reusable de contenido de soporte; evaluar modularizacion/submodule.,---
876,_bmad/tea/workflows/testarch/test-review/workflow.yaml,_bmad,Archivo de configuracion,hay-que-re-evaluar,Separar conocimiento reusable de contenido de soporte; evaluar modularizacion/submodule.,# Test Architect workflow: test-review
877,_bmad/tea/workflows/testarch/trace/checklist.md,_bmad,Documento de referencia o decision,hay-que-re-evaluar,Separar conocimiento reusable de contenido de soporte; evaluar modularizacion/submodule.,# Requirements Traceability & Gate Decision - Validation Checklist
878,_bmad/tea/workflows/testarch/trace/instructions.md,_bmad,Documento de referencia o decision,hay-que-re-evaluar,Separar conocimiento reusable de contenido de soporte; evaluar modularizacion/submodule.,# Requirements Traceability & Quality Gate
879,_bmad/tea/workflows/testarch/trace/steps-c/step-01-load-context.md,_bmad,Documento de referencia o decision,hay-que-re-evaluar,Separar conocimiento reusable de contenido de soporte; evaluar modularizacion/submodule.,---
880,_bmad/tea/workflows/testarch/trace/steps-c/step-01b-resume.md,_bmad,Documento de referencia o decision,hay-que-re-evaluar,Separar conocimiento reusable de contenido de soporte; evaluar modularizacion/submodule.,---
881,_bmad/tea/workflows/testarch/trace/steps-c/step-02-discover-tests.md,_bmad,Documento de referencia o decision,hay-que-re-evaluar,Separar conocimiento reusable de contenido de soporte; evaluar modularizacion/submodule.,---
882,_bmad/tea/workflows/testarch/trace/steps-c/step-03-map-criteria.md,_bmad,Documento de referencia o decision,hay-que-re-evaluar,Separar conocimiento reusable de contenido de soporte; evaluar modularizacion/submodule.,---
883,_bmad/tea/workflows/testarch/trace/steps-c/step-04-analyze-gaps.md,_bmad,Documento de referencia o decision,hay-que-re-evaluar,Separar conocimiento reusable de contenido de soporte; evaluar modularizacion/submodule.,---
884,_bmad/tea/workflows/testarch/trace/steps-c/step-05-gate-decision.md,_bmad,Documento de referencia o decision,hay-que-re-evaluar,Separar conocimiento reusable de contenido de soporte; evaluar modularizacion/submodule.,---
885,_bmad/tea/workflows/testarch/trace/steps-e/step-01-assess.md,_bmad,Documento de referencia o decision,hay-que-re-evaluar,Separar conocimiento reusable de contenido de soporte; evaluar modularizacion/submodule.,---
886,_bmad/tea/workflows/testarch/trace/steps-e/step-02-apply-edit.md,_bmad,Documento de referencia o decision,hay-que-re-evaluar,Separar conocimiento reusable de contenido de soporte; evaluar modularizacion/submodule.,---
887,_bmad/tea/workflows/testarch/trace/steps-v/step-01-validate.md,_bmad,Documento de referencia o decision,hay-que-re-evaluar,Separar conocimiento reusable de contenido de soporte; evaluar modularizacion/submodule.,---
888,_bmad/tea/workflows/testarch/trace/trace-template.md,_bmad,Documento de referencia o decision,hay-que-re-evaluar,Separar conocimiento reusable de contenido de soporte; evaluar modularizacion/submodule.,---
889,_bmad/tea/workflows/testarch/trace/validation-report-20260127-095021.md,_bmad,Documento de referencia o decision,hay-que-re-evaluar,Separar conocimiento reusable de contenido de soporte; evaluar modularizacion/submodule.,---
890,_bmad/tea/workflows/testarch/trace/validation-report-20260127-102401.md,_bmad,Documento de referencia o decision,hay-que-re-evaluar,Separar conocimiento reusable de contenido de soporte; evaluar modularizacion/submodule.,---
891,_bmad/tea/workflows/testarch/trace/workflow-plan.md,_bmad,Documento de referencia o decision,hay-que-re-evaluar,Separar conocimiento reusable de contenido de soporte; evaluar modularizacion/submodule.,# Workflow Plan: testarch-trace
892,_bmad/tea/workflows/testarch/trace/workflow.md,_bmad,Documento de referencia o decision,hay-que-re-evaluar,Separar conocimiento reusable de contenido de soporte; evaluar modularizacion/submodule.,---
893,_bmad/tea/workflows/testarch/trace/workflow.yaml,_bmad,Archivo de configuracion,hay-que-re-evaluar,Separar conocimiento reusable de contenido de soporte; evaluar modularizacion/submodule.,# Test Architect workflow: trace (enhanced with gate decision)
894,ai-toolings/Makefile,ai-toolings,Tooling AI externo/vendido integrado,resuelto,Sin accion inmediata; mantener bajo control de cambios y pruebas smoke.,setup/opencode:
895,ai-toolings/open-code/README.md,ai-toolings,Documento de referencia o decision,hay-que-re-evaluar,Documentar estrategia vendor/submodule y politica de actualizacion upstream.,-
896,ai-toolings/open-code/oh-my-opencode/.github/FUNDING.yml,ai-toolings,Archivo de configuracion,hay-que-re-evaluar,Documentar estrategia vendor/submodule y politica de actualizacion upstream.,# These are supported funding model platforms
897,ai-toolings/open-code/oh-my-opencode/.github/assets/google.jpg,ai-toolings,Asset o artefacto binario,hay-que-re-evaluar,Documentar estrategia vendor/submodule y politica de actualizacion upstream.,-
898,ai-toolings/open-code/oh-my-opencode/.github/assets/hero.jpg,ai-toolings,Asset o artefacto binario,hay-que-re-evaluar,Documentar estrategia vendor/submodule y politica de actualizacion upstream.,-
899,ai-toolings/open-code/oh-my-opencode/.github/assets/indent.jpg,ai-toolings,Asset o artefacto binario,hay-que-re-evaluar,Documentar estrategia vendor/submodule y politica de actualizacion upstream.,-
900,ai-toolings/open-code/oh-my-opencode/.github/assets/microsoft.jpg,ai-toolings,Asset o artefacto binario,hay-que-re-evaluar,Documentar estrategia vendor/submodule y politica de actualizacion upstream.,-
901,ai-toolings/open-code/oh-my-opencode/.github/assets/omo.png,ai-toolings,Asset o artefacto binario,hay-que-re-evaluar,Documentar estrategia vendor/submodule y politica de actualizacion upstream.,-
902,ai-toolings/open-code/oh-my-opencode/.github/assets/orchestrator-sisyphus.png,ai-toolings,Asset o artefacto binario,hay-que-re-evaluar,Documentar estrategia vendor/submodule y politica de actualizacion upstream.,-
903,ai-toolings/open-code/oh-my-opencode/.github/assets/sisyphus.png,ai-toolings,Asset o artefacto binario,hay-que-re-evaluar,Documentar estrategia vendor/submodule y politica de actualizacion upstream.,-
904,ai-toolings/open-code/oh-my-opencode/.github/pull_request_template.md,ai-toolings,Documento de referencia o decision,hay-que-re-evaluar,Documentar estrategia vendor/submodule y politica de actualizacion upstream.,## Summary
905,ai-toolings/open-code/oh-my-opencode/.github/workflows/ci.yml,ai-toolings,Workflow de automatizacion CI/CD,hay-que-re-evaluar,Documentar estrategia vendor/submodule y politica de actualizacion upstream.,name: CI
906,ai-toolings/open-code/oh-my-opencode/.github/workflows/cla.yml,ai-toolings,Workflow de automatizacion CI/CD,hay-que-re-evaluar,Documentar estrategia vendor/submodule y politica de actualizacion upstream.,name: CLA Assistant
907,ai-toolings/open-code/oh-my-opencode/.github/workflows/lint-workflows.yml,ai-toolings,Workflow de automatizacion CI/CD,hay-que-re-evaluar,Documentar estrategia vendor/submodule y politica de actualizacion upstream.,name: Lint Workflows
908,ai-toolings/open-code/oh-my-opencode/.github/workflows/publish.yml,ai-toolings,Workflow de automatizacion CI/CD,hay-que-re-evaluar,Documentar estrategia vendor/submodule y politica de actualizacion upstream.,name: publish
909,ai-toolings/open-code/oh-my-opencode/.github/workflows/sisyphus-agent.yml,ai-toolings,Workflow de automatizacion CI/CD,hay-que-re-evaluar,Documentar estrategia vendor/submodule y politica de actualizacion upstream.,name: Sisyphus Agent
910,ai-toolings/open-code/oh-my-opencode/.gitignore,ai-toolings,Tooling AI externo/vendido integrado,hay-que-re-evaluar,Documentar estrategia vendor/submodule y politica de actualizacion upstream.,# Dependencies
911,ai-toolings/open-code/oh-my-opencode/.opencode/background-tasks.json,ai-toolings,Archivo de configuracion,hay-que-re-evaluar,Documentar estrategia vendor/submodule y politica de actualizacion upstream.,[
912,ai-toolings/open-code/oh-my-opencode/.opencode/command/get-unpublished-changes.md,ai-toolings,Documento de referencia o decision,hay-que-re-evaluar,Documentar estrategia vendor/submodule y politica de actualizacion upstream.,---
913,ai-toolings/open-code/oh-my-opencode/.opencode/command/omomomo.md,ai-toolings,Documento de referencia o decision,hay-que-re-evaluar,Documentar estrategia vendor/submodule y politica de actualizacion upstream.,---
914,ai-toolings/open-code/oh-my-opencode/.opencode/command/publish.md,ai-toolings,Documento de referencia o decision,hay-que-re-evaluar,Documentar estrategia vendor/submodule y politica de actualizacion upstream.,---
915,ai-toolings/open-code/oh-my-opencode/AGENTS.md,ai-toolings,Documento de referencia o decision,hay-que-re-evaluar,Documentar estrategia vendor/submodule y politica de actualizacion upstream.,# PROJECT KNOWLEDGE BASE
916,ai-toolings/open-code/oh-my-opencode/CLA.md,ai-toolings,Documento de referencia o decision,hay-que-re-evaluar,Documentar estrategia vendor/submodule y politica de actualizacion upstream.,# Contributor License Agreement
917,ai-toolings/open-code/oh-my-opencode/CONTRIBUTING.md,ai-toolings,Documento de referencia o decision,hay-que-re-evaluar,Documentar estrategia vendor/submodule y politica de actualizacion upstream.,# Contributing to Oh My OpenCode
918,ai-toolings/open-code/oh-my-opencode/LICENSE.md,ai-toolings,Documento de referencia o decision,hay-que-re-evaluar,Documentar estrategia vendor/submodule y politica de actualizacion upstream.,# License
919,ai-toolings/open-code/oh-my-opencode/README.ja.md,ai-toolings,Documento de referencia o decision,hay-que-re-evaluar,Documentar estrategia vendor/submodule y politica de actualizacion upstream.,> [!NOTE]
920,ai-toolings/open-code/oh-my-opencode/README.ko.md,ai-toolings,Documento de referencia o decision,hay-que-re-evaluar,Documentar estrategia vendor/submodule y politica de actualizacion upstream.,> [!NOTE]
921,ai-toolings/open-code/oh-my-opencode/README.md,ai-toolings,Documento de referencia o decision,hay-que-re-evaluar,Documentar estrategia vendor/submodule y politica de actualizacion upstream.,> [!NOTE]
922,ai-toolings/open-code/oh-my-opencode/README.zh-cn.md,ai-toolings,Documento de referencia o decision,hay-que-re-evaluar,Documentar estrategia vendor/submodule y politica de actualizacion upstream.,> [!NOTE]
923,ai-toolings/open-code/oh-my-opencode/assets/oh-my-opencode.schema.json,ai-toolings,Archivo de configuracion,hay-que-re-evaluar,Documentar estrategia vendor/submodule y politica de actualizacion upstream.,{
924,ai-toolings/open-code/oh-my-opencode/bun.lock,ai-toolings,Lockfile para reproducibilidad,hay-que-re-evaluar,Documentar estrategia vendor/submodule y politica de actualizacion upstream.,{
925,ai-toolings/open-code/oh-my-opencode/package.json,ai-toolings,Archivo de configuracion,hay-que-re-evaluar,Documentar estrategia vendor/submodule y politica de actualizacion upstream.,{
926,ai-toolings/open-code/oh-my-opencode/script/build-schema.ts,ai-toolings,Codigo fuente,hay-que-re-evaluar,Documentar estrategia vendor/submodule y politica de actualizacion upstream.,#!/usr/bin/env bun
927,ai-toolings/open-code/oh-my-opencode/script/generate-changelog.ts,ai-toolings,Codigo fuente,hay-que-re-evaluar,Documentar estrategia vendor/submodule y politica de actualizacion upstream.,#!/usr/bin/env bun
928,ai-toolings/open-code/oh-my-opencode/script/publish.ts,ai-toolings,Codigo fuente,hay-que-re-evaluar,Documentar estrategia vendor/submodule y politica de actualizacion upstream.,#!/usr/bin/env bun
929,ai-toolings/open-code/oh-my-opencode/signatures/cla.json,ai-toolings,Archivo de configuracion,hay-que-re-evaluar,Documentar estrategia vendor/submodule y politica de actualizacion upstream.,{
930,ai-toolings/open-code/oh-my-opencode/src/agents/AGENTS.md,ai-toolings,Documento de referencia o decision,hay-que-re-evaluar,Documentar estrategia vendor/submodule y politica de actualizacion upstream.,# AGENTS KNOWLEDGE BASE
931,ai-toolings/open-code/oh-my-opencode/src/agents/build-prompt.ts,ai-toolings,Codigo fuente,hay-que-re-evaluar,Documentar estrategia vendor/submodule y politica de actualizacion upstream.,/**
932,ai-toolings/open-code/oh-my-opencode/src/agents/document-writer.ts,ai-toolings,Codigo fuente,hay-que-re-evaluar,Documentar estrategia vendor/submodule y politica de actualizacion upstream.,"import type { AgentConfig } from ""@opencode-ai/sdk"""
933,ai-toolings/open-code/oh-my-opencode/src/agents/explore.ts,ai-toolings,Codigo fuente,hay-que-re-evaluar,Documentar estrategia vendor/submodule y politica de actualizacion upstream.,"import type { AgentConfig } from ""@opencode-ai/sdk"""
934,ai-toolings/open-code/oh-my-opencode/src/agents/frontend-ui-ux-engineer.ts,ai-toolings,Codigo fuente,hay-que-re-evaluar,Documentar estrategia vendor/submodule y politica de actualizacion upstream.,"import type { AgentConfig } from ""@opencode-ai/sdk"""
935,ai-toolings/open-code/oh-my-opencode/src/agents/index.ts,ai-toolings,Codigo fuente,hay-que-re-evaluar,Documentar estrategia vendor/submodule y politica de actualizacion upstream.,"import type { AgentConfig } from ""@opencode-ai/sdk"""
936,ai-toolings/open-code/oh-my-opencode/src/agents/librarian.ts,ai-toolings,Codigo fuente,hay-que-re-evaluar,Documentar estrategia vendor/submodule y politica de actualizacion upstream.,"import type { AgentConfig } from ""@opencode-ai/sdk"""
937,ai-toolings/open-code/oh-my-opencode/src/agents/multimodal-looker.ts,ai-toolings,Codigo fuente,hay-que-re-evaluar,Documentar estrategia vendor/submodule y politica de actualizacion upstream.,"import type { AgentConfig } from ""@opencode-ai/sdk"""
938,ai-toolings/open-code/oh-my-opencode/src/agents/oracle.ts,ai-toolings,Codigo fuente,hay-que-re-evaluar,Documentar estrategia vendor/submodule y politica de actualizacion upstream.,"import type { AgentConfig } from ""@opencode-ai/sdk"""
939,ai-toolings/open-code/oh-my-opencode/src/agents/plan-prompt.ts,ai-toolings,Codigo fuente,hay-que-re-evaluar,Documentar estrategia vendor/submodule y politica de actualizacion upstream.,/**
940,ai-toolings/open-code/oh-my-opencode/src/agents/sisyphus-prompt-builder.ts,ai-toolings,Codigo fuente,hay-que-re-evaluar,Documentar estrategia vendor/submodule y politica de actualizacion upstream.,"import type { AgentPromptMetadata, BuiltinAgentName } from ""./types"""
941,ai-toolings/open-code/oh-my-opencode/src/agents/sisyphus.ts,ai-toolings,Codigo fuente,hay-que-re-evaluar,Documentar estrategia vendor/submodule y politica de actualizacion upstream.,"import type { AgentConfig } from ""@opencode-ai/sdk"""
942,ai-toolings/open-code/oh-my-opencode/src/agents/types.ts,ai-toolings,Codigo fuente,hay-que-re-evaluar,Documentar estrategia vendor/submodule y politica de actualizacion upstream.,"import type { AgentConfig } from ""@opencode-ai/sdk"""
943,ai-toolings/open-code/oh-my-opencode/src/agents/utils.test.ts,ai-toolings,Codigo fuente,hay-que-re-evaluar,Documentar estrategia vendor/submodule y politica de actualizacion upstream.,"import { describe, test, expect } from ""bun:test"""
944,ai-toolings/open-code/oh-my-opencode/src/agents/utils.ts,ai-toolings,Codigo fuente,hay-que-re-evaluar,Documentar estrategia vendor/submodule y politica de actualizacion upstream.,"import type { AgentConfig } from ""@opencode-ai/sdk"""
945,ai-toolings/open-code/oh-my-opencode/src/auth/AGENTS.md,ai-toolings,Documento de referencia o decision,hay-que-re-evaluar,Documentar estrategia vendor/submodule y politica de actualizacion upstream.,# AUTH KNOWLEDGE BASE
946,ai-toolings/open-code/oh-my-opencode/src/auth/antigravity/constants.ts,ai-toolings,Codigo fuente,pendiente,Revisar/rotar posible secreto hardcodeado y migrar a entorno seguro o validar que sea publico.,/**
947,ai-toolings/open-code/oh-my-opencode/src/auth/antigravity/fetch.ts,ai-toolings,Codigo fuente,hay-que-re-evaluar,Documentar estrategia vendor/submodule y politica de actualizacion upstream.,/**
948,ai-toolings/open-code/oh-my-opencode/src/auth/antigravity/index.ts,ai-toolings,Codigo fuente,hay-que-re-evaluar,Documentar estrategia vendor/submodule y politica de actualizacion upstream.,"export * from ""./types"""
949,ai-toolings/open-code/oh-my-opencode/src/auth/antigravity/message-converter.ts,ai-toolings,Codigo fuente,hay-que-re-evaluar,Documentar estrategia vendor/submodule y politica de actualizacion upstream.,/**
950,ai-toolings/open-code/oh-my-opencode/src/auth/antigravity/oauth.ts,ai-toolings,Codigo fuente,hay-que-re-evaluar,Documentar estrategia vendor/submodule y politica de actualizacion upstream.,/**
951,ai-toolings/open-code/oh-my-opencode/src/auth/antigravity/plugin.ts,ai-toolings,Codigo fuente,hay-que-re-evaluar,Documentar estrategia vendor/submodule y politica de actualizacion upstream.,/**
952,ai-toolings/open-code/oh-my-opencode/src/auth/antigravity/project.ts,ai-toolings,Codigo fuente,hay-que-re-evaluar,Documentar estrategia vendor/submodule y politica de actualizacion upstream.,/**
953,ai-toolings/open-code/oh-my-opencode/src/auth/antigravity/request.ts,ai-toolings,Codigo fuente,hay-que-re-evaluar,Documentar estrategia vendor/submodule y politica de actualizacion upstream.,/**
954,ai-toolings/open-code/oh-my-opencode/src/auth/antigravity/response.ts,ai-toolings,Codigo fuente,hay-que-re-evaluar,Documentar estrategia vendor/submodule y politica de actualizacion upstream.,/**
955,ai-toolings/open-code/oh-my-opencode/src/auth/antigravity/thinking.ts,ai-toolings,Codigo fuente,hay-que-re-evaluar,Documentar estrategia vendor/submodule y politica de actualizacion upstream.,/**
956,ai-toolings/open-code/oh-my-opencode/src/auth/antigravity/thought-signature-store.ts,ai-toolings,Codigo fuente,hay-que-re-evaluar,Documentar estrategia vendor/submodule y politica de actualizacion upstream.,/**
957,ai-toolings/open-code/oh-my-opencode/src/auth/antigravity/token.ts,ai-toolings,Codigo fuente,hay-que-re-evaluar,Documentar estrategia vendor/submodule y politica de actualizacion upstream.,import {
958,ai-toolings/open-code/oh-my-opencode/src/auth/antigravity/tools.ts,ai-toolings,Codigo fuente,hay-que-re-evaluar,Documentar estrategia vendor/submodule y politica de actualizacion upstream.,/**
959,ai-toolings/open-code/oh-my-opencode/src/auth/antigravity/types.ts,ai-toolings,Codigo fuente,hay-que-re-evaluar,Documentar estrategia vendor/submodule y politica de actualizacion upstream.,/**
960,ai-toolings/open-code/oh-my-opencode/src/cli/AGENTS.md,ai-toolings,Documento de referencia o decision,hay-que-re-evaluar,Documentar estrategia vendor/submodule y politica de actualizacion upstream.,# CLI KNOWLEDGE BASE
961,ai-toolings/open-code/oh-my-opencode/src/cli/config-manager.test.ts,ai-toolings,Codigo fuente,hay-que-re-evaluar,Documentar estrategia vendor/submodule y politica de actualizacion upstream.,"import { describe, expect, test } from ""bun:test"""
962,ai-toolings/open-code/oh-my-opencode/src/cli/config-manager.ts,ai-toolings,Codigo fuente,hay-que-re-evaluar,Documentar estrategia vendor/submodule y politica de actualizacion upstream.,"import { existsSync, mkdirSync, readFileSync, writeFileSync, statSync } from ""node:fs"""
963,ai-toolings/open-code/oh-my-opencode/src/cli/doctor/checks/auth.test.ts,ai-toolings,Codigo fuente,hay-que-re-evaluar,Documentar estrategia vendor/submodule y politica de actualizacion upstream.,"import { describe, it, expect, spyOn, afterEach } from ""bun:test"""
964,ai-toolings/open-code/oh-my-opencode/src/cli/doctor/checks/auth.ts,ai-toolings,Codigo fuente,hay-que-re-evaluar,Documentar estrategia vendor/submodule y politica de actualizacion upstream.,"import { existsSync, readFileSync } from ""node:fs"""
965,ai-toolings/open-code/oh-my-opencode/src/cli/doctor/checks/config.test.ts,ai-toolings,Codigo fuente,hay-que-re-evaluar,Documentar estrategia vendor/submodule y politica de actualizacion upstream.,"import { describe, it, expect, spyOn, afterEach } from ""bun:test"""
966,ai-toolings/open-code/oh-my-opencode/src/cli/doctor/checks/config.ts,ai-toolings,Codigo fuente,hay-que-re-evaluar,Documentar estrategia vendor/submodule y politica de actualizacion upstream.,"import { existsSync, readFileSync } from ""node:fs"""
967,ai-toolings/open-code/oh-my-opencode/src/cli/doctor/checks/dependencies.test.ts,ai-toolings,Codigo fuente,hay-que-re-evaluar,Documentar estrategia vendor/submodule y politica de actualizacion upstream.,"import { describe, it, expect, spyOn, afterEach } from ""bun:test"""
968,ai-toolings/open-code/oh-my-opencode/src/cli/doctor/checks/dependencies.ts,ai-toolings,Codigo fuente,hay-que-re-evaluar,Documentar estrategia vendor/submodule y politica de actualizacion upstream.,"import type { CheckResult, CheckDefinition, DependencyInfo } from ""../types"""
969,ai-toolings/open-code/oh-my-opencode/src/cli/doctor/checks/gh.test.ts,ai-toolings,Codigo fuente,hay-que-re-evaluar,Documentar estrategia vendor/submodule y politica de actualizacion upstream.,"import { describe, it, expect, spyOn, afterEach } from ""bun:test"""
970,ai-toolings/open-code/oh-my-opencode/src/cli/doctor/checks/gh.ts,ai-toolings,Codigo fuente,hay-que-re-evaluar,Documentar estrategia vendor/submodule y politica de actualizacion upstream.,"import type { CheckResult, CheckDefinition } from ""../types"""
971,ai-toolings/open-code/oh-my-opencode/src/cli/doctor/checks/index.ts,ai-toolings,Codigo fuente,hay-que-re-evaluar,Documentar estrategia vendor/submodule y politica de actualizacion upstream.,"import type { CheckDefinition } from ""../types"""
972,ai-toolings/open-code/oh-my-opencode/src/cli/doctor/checks/lsp.test.ts,ai-toolings,Codigo fuente,hay-que-re-evaluar,Documentar estrategia vendor/submodule y politica de actualizacion upstream.,"import { describe, it, expect, spyOn, afterEach } from ""bun:test"""
973,ai-toolings/open-code/oh-my-opencode/src/cli/doctor/checks/lsp.ts,ai-toolings,Codigo fuente,hay-que-re-evaluar,Documentar estrategia vendor/submodule y politica de actualizacion upstream.,"import type { CheckResult, CheckDefinition, LspServerInfo } from ""../types"""
974,ai-toolings/open-code/oh-my-opencode/src/cli/doctor/checks/mcp.test.ts,ai-toolings,Codigo fuente,hay-que-re-evaluar,Documentar estrategia vendor/submodule y politica de actualizacion upstream.,"import { describe, it, expect, spyOn, afterEach } from ""bun:test"""
975,ai-toolings/open-code/oh-my-opencode/src/cli/doctor/checks/mcp.ts,ai-toolings,Codigo fuente,hay-que-re-evaluar,Documentar estrategia vendor/submodule y politica de actualizacion upstream.,"import { existsSync, readFileSync } from ""node:fs"""
976,ai-toolings/open-code/oh-my-opencode/src/cli/doctor/checks/opencode.test.ts,ai-toolings,Codigo fuente,hay-que-re-evaluar,Documentar estrategia vendor/submodule y politica de actualizacion upstream.,"import { describe, it, expect, spyOn, beforeEach, afterEach } from ""bun:test"""
977,ai-toolings/open-code/oh-my-opencode/src/cli/doctor/checks/opencode.ts,ai-toolings,Codigo fuente,hay-que-re-evaluar,Documentar estrategia vendor/submodule y politica de actualizacion upstream.,"import type { CheckResult, CheckDefinition, OpenCodeInfo } from ""../types"""
978,ai-toolings/open-code/oh-my-opencode/src/cli/doctor/checks/plugin.test.ts,ai-toolings,Codigo fuente,hay-que-re-evaluar,Documentar estrategia vendor/submodule y politica de actualizacion upstream.,"import { describe, it, expect, spyOn, afterEach } from ""bun:test"""
979,ai-toolings/open-code/oh-my-opencode/src/cli/doctor/checks/plugin.ts,ai-toolings,Codigo fuente,hay-que-re-evaluar,Documentar estrategia vendor/submodule y politica de actualizacion upstream.,"import { existsSync, readFileSync } from ""node:fs"""
980,ai-toolings/open-code/oh-my-opencode/src/cli/doctor/checks/version.test.ts,ai-toolings,Codigo fuente,hay-que-re-evaluar,Documentar estrategia vendor/submodule y politica de actualizacion upstream.,"import { describe, it, expect, spyOn, afterEach } from ""bun:test"""
981,ai-toolings/open-code/oh-my-opencode/src/cli/doctor/checks/version.ts,ai-toolings,Codigo fuente,hay-que-re-evaluar,Documentar estrategia vendor/submodule y politica de actualizacion upstream.,"import type { CheckResult, CheckDefinition, VersionCheckInfo } from ""../types"""
982,ai-toolings/open-code/oh-my-opencode/src/cli/doctor/constants.ts,ai-toolings,Codigo fuente,hay-que-re-evaluar,Documentar estrategia vendor/submodule y politica de actualizacion upstream.,"import color from ""picocolors"""
983,ai-toolings/open-code/oh-my-opencode/src/cli/doctor/formatter.test.ts,ai-toolings,Codigo fuente,hay-que-re-evaluar,Documentar estrategia vendor/submodule y politica de actualizacion upstream.,"import { describe, it, expect } from ""bun:test"""
984,ai-toolings/open-code/oh-my-opencode/src/cli/doctor/formatter.ts,ai-toolings,Codigo fuente,hay-que-re-evaluar,Documentar estrategia vendor/submodule y politica de actualizacion upstream.,"import color from ""picocolors"""
985,ai-toolings/open-code/oh-my-opencode/src/cli/doctor/index.ts,ai-toolings,Codigo fuente,hay-que-re-evaluar,Documentar estrategia vendor/submodule y politica de actualizacion upstream.,"import type { DoctorOptions } from ""./types"""
986,ai-toolings/open-code/oh-my-opencode/src/cli/doctor/runner.test.ts,ai-toolings,Codigo fuente,hay-que-re-evaluar,Documentar estrategia vendor/submodule y politica de actualizacion upstream.,"import { describe, it, expect, spyOn, afterEach } from ""bun:test"""
987,ai-toolings/open-code/oh-my-opencode/src/cli/doctor/runner.ts,ai-toolings,Codigo fuente,hay-que-re-evaluar,Documentar estrategia vendor/submodule y politica de actualizacion upstream.,import type {
988,ai-toolings/open-code/oh-my-opencode/src/cli/doctor/types.ts,ai-toolings,Codigo fuente,hay-que-re-evaluar,Documentar estrategia vendor/submodule y politica de actualizacion upstream.,"export type CheckStatus = ""pass"" | ""fail"" | ""warn"" | ""skip"""
989,ai-toolings/open-code/oh-my-opencode/src/cli/get-local-version/formatter.ts,ai-toolings,Codigo fuente,hay-que-re-evaluar,Documentar estrategia vendor/submodule y politica de actualizacion upstream.,"import color from ""picocolors"""
990,ai-toolings/open-code/oh-my-opencode/src/cli/get-local-version/index.ts,ai-toolings,Codigo fuente,hay-que-re-evaluar,Documentar estrategia vendor/submodule y politica de actualizacion upstream.,"import { getCachedVersion, getLatestVersion, isLocalDevMode, findPluginEntry } from ""../../hooks/auto-update-checker/checker"""
991,ai-toolings/open-code/oh-my-opencode/src/cli/get-local-version/types.ts,ai-toolings,Codigo fuente,hay-que-re-evaluar,Documentar estrategia vendor/submodule y politica de actualizacion upstream.,export interface VersionInfo {
992,ai-toolings/open-code/oh-my-opencode/src/cli/index.ts,ai-toolings,Codigo fuente,hay-que-re-evaluar,Documentar estrategia vendor/submodule y politica de actualizacion upstream.,#!/usr/bin/env bun
993,ai-toolings/open-code/oh-my-opencode/src/cli/install.ts,ai-toolings,Codigo fuente,hay-que-re-evaluar,Documentar estrategia vendor/submodule y politica de actualizacion upstream.,"import * as p from ""@clack/prompts"""
994,ai-toolings/open-code/oh-my-opencode/src/cli/run/completion.test.ts,ai-toolings,Codigo fuente,hay-que-re-evaluar,Documentar estrategia vendor/submodule y politica de actualizacion upstream.,"import { describe, it, expect, mock, spyOn } from ""bun:test"""
995,ai-toolings/open-code/oh-my-opencode/src/cli/run/completion.ts,ai-toolings,Codigo fuente,hay-que-re-evaluar,Documentar estrategia vendor/submodule y politica de actualizacion upstream.,"import pc from ""picocolors"""
996,ai-toolings/open-code/oh-my-opencode/src/cli/run/events.test.ts,ai-toolings,Codigo fuente,hay-que-re-evaluar,Documentar estrategia vendor/submodule y politica de actualizacion upstream.,"import { describe, it, expect } from ""bun:test"""
997,ai-toolings/open-code/oh-my-opencode/src/cli/run/events.ts,ai-toolings,Codigo fuente,hay-que-re-evaluar,Documentar estrategia vendor/submodule y politica de actualizacion upstream.,"import pc from ""picocolors"""
998,ai-toolings/open-code/oh-my-opencode/src/cli/run/index.ts,ai-toolings,Codigo fuente,hay-que-re-evaluar,Documentar estrategia vendor/submodule y politica de actualizacion upstream.,"export { run } from ""./runner"""
999,ai-toolings/open-code/oh-my-opencode/src/cli/run/runner.ts,ai-toolings,Codigo fuente,hay-que-re-evaluar,Documentar estrategia vendor/submodule y politica de actualizacion upstream.,"import { createOpencode } from ""@opencode-ai/sdk"""
1000,ai-toolings/open-code/oh-my-opencode/src/cli/run/types.ts,ai-toolings,Codigo fuente,hay-que-re-evaluar,Documentar estrategia vendor/submodule y politica de actualizacion upstream.,"import type { OpencodeClient } from ""@opencode-ai/sdk"""
1001,ai-toolings/open-code/oh-my-opencode/src/cli/types.ts,ai-toolings,Codigo fuente,hay-que-re-evaluar,Documentar estrategia vendor/submodule y politica de actualizacion upstream.,"export type ClaudeSubscription = ""no"" | ""yes"" | ""max20"""
1002,ai-toolings/open-code/oh-my-opencode/src/config/index.ts,ai-toolings,Codigo fuente,hay-que-re-evaluar,Documentar estrategia vendor/submodule y politica de actualizacion upstream.,export {
1003,ai-toolings/open-code/oh-my-opencode/src/config/schema.ts,ai-toolings,Codigo fuente,hay-que-re-evaluar,Documentar estrategia vendor/submodule y politica de actualizacion upstream.,"import { z } from ""zod"""
1004,ai-toolings/open-code/oh-my-opencode/src/features/AGENTS.md,ai-toolings,Documento de referencia o decision,hay-que-re-evaluar,Documentar estrategia vendor/submodule y politica de actualizacion upstream.,# FEATURES KNOWLEDGE BASE
1005,ai-toolings/open-code/oh-my-opencode/src/features/background-agent/index.ts,ai-toolings,Codigo fuente,hay-que-re-evaluar,Documentar estrategia vendor/submodule y politica de actualizacion upstream.,"export * from ""./types"""
1006,ai-toolings/open-code/oh-my-opencode/src/features/background-agent/manager.test.ts,ai-toolings,Codigo fuente,hay-que-re-evaluar,Documentar estrategia vendor/submodule y politica de actualizacion upstream.,"import { describe, test, expect, beforeEach } from ""bun:test"""
1007,ai-toolings/open-code/oh-my-opencode/src/features/background-agent/manager.ts,ai-toolings,Codigo fuente,hay-que-re-evaluar,Documentar estrategia vendor/submodule y politica de actualizacion upstream.,"import { existsSync, readdirSync } from ""node:fs"""
1008,ai-toolings/open-code/oh-my-opencode/src/features/background-agent/types.ts,ai-toolings,Codigo fuente,hay-que-re-evaluar,Documentar estrategia vendor/submodule y politica de actualizacion upstream.,export type BackgroundTaskStatus =
1009,ai-toolings/open-code/oh-my-opencode/src/features/builtin-commands/commands.ts,ai-toolings,Codigo fuente,hay-que-re-evaluar,Documentar estrategia vendor/submodule y politica de actualizacion upstream.,"import type { CommandDefinition } from ""../claude-code-command-loader"""
1010,ai-toolings/open-code/oh-my-opencode/src/features/builtin-commands/index.ts,ai-toolings,Codigo fuente,hay-que-re-evaluar,Documentar estrategia vendor/submodule y politica de actualizacion upstream.,"export * from ""./types"""
1011,ai-toolings/open-code/oh-my-opencode/src/features/builtin-commands/templates/init-deep.ts,ai-toolings,Codigo fuente,hay-que-re-evaluar,Documentar estrategia vendor/submodule y politica de actualizacion upstream.,export const INIT_DEEP_TEMPLATE = `# /init-deep
1012,ai-toolings/open-code/oh-my-opencode/src/features/builtin-commands/templates/ralph-loop.ts,ai-toolings,Codigo fuente,hay-que-re-evaluar,Documentar estrategia vendor/submodule y politica de actualizacion upstream.,export const RALPH_LOOP_TEMPLATE = `You are starting a Ralph Loop - a self-referential development loop that runs until task completion.
1013,ai-toolings/open-code/oh-my-opencode/src/features/builtin-commands/types.ts,ai-toolings,Codigo fuente,hay-que-re-evaluar,Documentar estrategia vendor/submodule y politica de actualizacion upstream.,"import type { CommandDefinition } from ""../claude-code-command-loader"""
1014,ai-toolings/open-code/oh-my-opencode/src/features/builtin-skills/index.ts,ai-toolings,Codigo fuente,hay-que-re-evaluar,Documentar estrategia vendor/submodule y politica de actualizacion upstream.,"export * from ""./types"""
1015,ai-toolings/open-code/oh-my-opencode/src/features/builtin-skills/skills.ts,ai-toolings,Codigo fuente,hay-que-re-evaluar,Documentar estrategia vendor/submodule y politica de actualizacion upstream.,"import type { BuiltinSkill } from ""./types"""
1016,ai-toolings/open-code/oh-my-opencode/src/features/builtin-skills/types.ts,ai-toolings,Codigo fuente,hay-que-re-evaluar,Documentar estrategia vendor/submodule y politica de actualizacion upstream.,"import type { SkillMcpConfig } from ""../skill-mcp-manager/types"""
1017,ai-toolings/open-code/oh-my-opencode/src/features/claude-code-agent-loader/index.ts,ai-toolings,Codigo fuente,hay-que-re-evaluar,Documentar estrategia vendor/submodule y politica de actualizacion upstream.,"export * from ""./types"""
1018,ai-toolings/open-code/oh-my-opencode/src/features/claude-code-agent-loader/loader.ts,ai-toolings,Codigo fuente,hay-que-re-evaluar,Documentar estrategia vendor/submodule y politica de actualizacion upstream.,"import { existsSync, readdirSync, readFileSync } from ""fs"""
1019,ai-toolings/open-code/oh-my-opencode/src/features/claude-code-agent-loader/types.ts,ai-toolings,Codigo fuente,hay-que-re-evaluar,Documentar estrategia vendor/submodule y politica de actualizacion upstream.,"import type { AgentConfig } from ""@opencode-ai/sdk"""
1020,ai-toolings/open-code/oh-my-opencode/src/features/claude-code-command-loader/index.ts,ai-toolings,Codigo fuente,hay-que-re-evaluar,Documentar estrategia vendor/submodule y politica de actualizacion upstream.,"export * from ""./types"""
1021,ai-toolings/open-code/oh-my-opencode/src/features/claude-code-command-loader/loader.ts,ai-toolings,Codigo fuente,hay-que-re-evaluar,Documentar estrategia vendor/submodule y politica de actualizacion upstream.,"import { existsSync, readdirSync, readFileSync, realpathSync, type Dirent } from ""fs"""
1022,ai-toolings/open-code/oh-my-opencode/src/features/claude-code-command-loader/types.ts,ai-toolings,Codigo fuente,hay-que-re-evaluar,Documentar estrategia vendor/submodule y politica de actualizacion upstream.,"export type CommandScope = ""user"" | ""project"" | ""opencode"" | ""opencode-project"""
1023,ai-toolings/open-code/oh-my-opencode/src/features/claude-code-mcp-loader/env-expander.ts,ai-toolings,Codigo fuente,hay-que-re-evaluar,Documentar estrategia vendor/submodule y politica de actualizacion upstream.,export function expandEnvVars(value: string): string {
1024,ai-toolings/open-code/oh-my-opencode/src/features/claude-code-mcp-loader/index.ts,ai-toolings,Codigo fuente,hay-que-re-evaluar,Documentar estrategia vendor/submodule y politica de actualizacion upstream.,/**
1025,ai-toolings/open-code/oh-my-opencode/src/features/claude-code-mcp-loader/loader.test.ts,ai-toolings,Codigo fuente,hay-que-re-evaluar,Documentar estrategia vendor/submodule y politica de actualizacion upstream.,"import { describe, it, expect, beforeEach, afterEach } from ""bun:test"""
1026,ai-toolings/open-code/oh-my-opencode/src/features/claude-code-mcp-loader/loader.ts,ai-toolings,Codigo fuente,hay-que-re-evaluar,Documentar estrategia vendor/submodule y politica de actualizacion upstream.,"import { existsSync, readFileSync } from ""fs"""
1027,ai-toolings/open-code/oh-my-opencode/src/features/claude-code-mcp-loader/transformer.ts,ai-toolings,Codigo fuente,hay-que-re-evaluar,Documentar estrategia vendor/submodule y politica de actualizacion upstream.,import type {
1028,ai-toolings/open-code/oh-my-opencode/src/features/claude-code-mcp-loader/types.ts,ai-toolings,Codigo fuente,hay-que-re-evaluar,Documentar estrategia vendor/submodule y politica de actualizacion upstream.,"export type McpScope = ""user"" | ""project"" | ""local"""
1029,ai-toolings/open-code/oh-my-opencode/src/features/claude-code-plugin-loader/index.ts,ai-toolings,Codigo fuente,hay-que-re-evaluar,Documentar estrategia vendor/submodule y politica de actualizacion upstream.,"export * from ""./types"""
1030,ai-toolings/open-code/oh-my-opencode/src/features/claude-code-plugin-loader/loader.ts,ai-toolings,Codigo fuente,hay-que-re-evaluar,Documentar estrategia vendor/submodule y politica de actualizacion upstream.,"import { existsSync, readdirSync, readFileSync } from ""fs"""
1031,ai-toolings/open-code/oh-my-opencode/src/features/claude-code-plugin-loader/types.ts,ai-toolings,Codigo fuente,hay-que-re-evaluar,Documentar estrategia vendor/submodule y politica de actualizacion upstream.,/**
1032,ai-toolings/open-code/oh-my-opencode/src/features/claude-code-session-state/index.ts,ai-toolings,Codigo fuente,hay-que-re-evaluar,Documentar estrategia vendor/submodule y politica de actualizacion upstream.,"export * from ""./state"""
1033,ai-toolings/open-code/oh-my-opencode/src/features/claude-code-session-state/state.ts,ai-toolings,Codigo fuente,hay-que-re-evaluar,Documentar estrategia vendor/submodule y politica de actualizacion upstream.,export const subagentSessions = new Set<string>()
1034,ai-toolings/open-code/oh-my-opencode/src/features/context-injector/collector.test.ts,ai-toolings,Codigo fuente,hay-que-re-evaluar,Documentar estrategia vendor/submodule y politica de actualizacion upstream.,"import { describe, it, expect, beforeEach } from ""bun:test"""
1035,ai-toolings/open-code/oh-my-opencode/src/features/context-injector/collector.ts,ai-toolings,Codigo fuente,hay-que-re-evaluar,Documentar estrategia vendor/submodule y politica de actualizacion upstream.,import type {
1036,ai-toolings/open-code/oh-my-opencode/src/features/context-injector/index.ts,ai-toolings,Codigo fuente,hay-que-re-evaluar,Documentar estrategia vendor/submodule y politica de actualizacion upstream.,"export { ContextCollector, contextCollector } from ""./collector"""
1037,ai-toolings/open-code/oh-my-opencode/src/features/context-injector/injector.test.ts,ai-toolings,Codigo fuente,hay-que-re-evaluar,Documentar estrategia vendor/submodule y politica de actualizacion upstream.,"import { describe, it, expect, beforeEach } from ""bun:test"""
1038,ai-toolings/open-code/oh-my-opencode/src/features/context-injector/injector.ts,ai-toolings,Codigo fuente,hay-que-re-evaluar,Documentar estrategia vendor/submodule y politica de actualizacion upstream.,"import type { ContextCollector } from ""./collector"""
1039,ai-toolings/open-code/oh-my-opencode/src/features/context-injector/types.ts,ai-toolings,Codigo fuente,hay-que-re-evaluar,Documentar estrategia vendor/submodule y politica de actualizacion upstream.,/**
1040,ai-toolings/open-code/oh-my-opencode/src/features/hook-message-injector/constants.ts,ai-toolings,Codigo fuente,hay-que-re-evaluar,Documentar estrategia vendor/submodule y politica de actualizacion upstream.,"import { join } from ""node:path"""
1041,ai-toolings/open-code/oh-my-opencode/src/features/hook-message-injector/index.ts,ai-toolings,Codigo fuente,hay-que-re-evaluar,Documentar estrategia vendor/submodule y politica de actualizacion upstream.,"export { injectHookMessage, findNearestMessageWithFields } from ""./injector"""
1042,ai-toolings/open-code/oh-my-opencode/src/features/hook-message-injector/injector.ts,ai-toolings,Codigo fuente,hay-que-re-evaluar,Documentar estrategia vendor/submodule y politica de actualizacion upstream.,"import { existsSync, mkdirSync, readFileSync, readdirSync, writeFileSync } from ""node:fs"""
1043,ai-toolings/open-code/oh-my-opencode/src/features/hook-message-injector/types.ts,ai-toolings,Codigo fuente,hay-que-re-evaluar,Documentar estrategia vendor/submodule y politica de actualizacion upstream.,export interface MessageMeta {
1044,ai-toolings/open-code/oh-my-opencode/src/features/opencode-skill-loader/index.ts,ai-toolings,Codigo fuente,hay-que-re-evaluar,Documentar estrategia vendor/submodule y politica de actualizacion upstream.,"export * from ""./types"""
1045,ai-toolings/open-code/oh-my-opencode/src/features/opencode-skill-loader/loader.test.ts,ai-toolings,Codigo fuente,hay-que-re-evaluar,Documentar estrategia vendor/submodule y politica de actualizacion upstream.,"import { describe, it, expect, beforeEach, afterEach } from ""bun:test"""
1046,ai-toolings/open-code/oh-my-opencode/src/features/opencode-skill-loader/loader.ts,ai-toolings,Codigo fuente,hay-que-re-evaluar,Documentar estrategia vendor/submodule y politica de actualizacion upstream.,"import { existsSync, readdirSync, readFileSync } from ""fs"""
1047,ai-toolings/open-code/oh-my-opencode/src/features/opencode-skill-loader/merger.ts,ai-toolings,Codigo fuente,hay-que-re-evaluar,Documentar estrategia vendor/submodule y politica de actualizacion upstream.,"import type { LoadedSkill, SkillScope, SkillMetadata } from ""./types"""
1048,ai-toolings/open-code/oh-my-opencode/src/features/opencode-skill-loader/types.ts,ai-toolings,Codigo fuente,hay-que-re-evaluar,Documentar estrategia vendor/submodule y politica de actualizacion upstream.,"import type { CommandDefinition } from ""../claude-code-command-loader/types"""
1049,ai-toolings/open-code/oh-my-opencode/src/features/skill-mcp-manager/env-cleaner.test.ts,ai-toolings,Codigo fuente,hay-que-re-evaluar,Documentar estrategia vendor/submodule y politica de actualizacion upstream.,"import { describe, it, expect, beforeEach, afterEach } from ""bun:test"""
1050,ai-toolings/open-code/oh-my-opencode/src/features/skill-mcp-manager/env-cleaner.ts,ai-toolings,Codigo fuente,hay-que-re-evaluar,Documentar estrategia vendor/submodule y politica de actualizacion upstream.,// Filters npm/pnpm/yarn config env vars that break MCP servers in pnpm projects (#456)
1051,ai-toolings/open-code/oh-my-opencode/src/features/skill-mcp-manager/index.ts,ai-toolings,Codigo fuente,hay-que-re-evaluar,Documentar estrategia vendor/submodule y politica de actualizacion upstream.,"export * from ""./types"""
1052,ai-toolings/open-code/oh-my-opencode/src/features/skill-mcp-manager/manager.test.ts,ai-toolings,Codigo fuente,hay-que-re-evaluar,Documentar estrategia vendor/submodule y politica de actualizacion upstream.,"import { describe, it, expect, beforeEach, afterEach, mock, spyOn } from ""bun:test"""
1053,ai-toolings/open-code/oh-my-opencode/src/features/skill-mcp-manager/manager.ts,ai-toolings,Codigo fuente,hay-que-re-evaluar,Documentar estrategia vendor/submodule y politica de actualizacion upstream.,"import { Client } from ""@modelcontextprotocol/sdk/client/index.js"""
1054,ai-toolings/open-code/oh-my-opencode/src/features/skill-mcp-manager/types.ts,ai-toolings,Codigo fuente,hay-que-re-evaluar,Documentar estrategia vendor/submodule y politica de actualizacion upstream.,"import type { ClaudeCodeMcpServer } from ""../claude-code-mcp-loader/types"""
1055,ai-toolings/open-code/oh-my-opencode/src/google-auth.ts,ai-toolings,Codigo fuente,hay-que-re-evaluar,Documentar estrategia vendor/submodule y politica de actualizacion upstream.,"import type { Plugin } from ""@opencode-ai/plugin"""
1056,ai-toolings/open-code/oh-my-opencode/src/hooks/AGENTS.md,ai-toolings,Documento de referencia o decision,hay-que-re-evaluar,Documentar estrategia vendor/submodule y politica de actualizacion upstream.,# HOOKS KNOWLEDGE BASE
1057,ai-toolings/open-code/oh-my-opencode/src/hooks/agent-usage-reminder/constants.ts,ai-toolings,Codigo fuente,hay-que-re-evaluar,Documentar estrategia vendor/submodule y politica de actualizacion upstream.,"import { join } from ""node:path"";"
1058,ai-toolings/open-code/oh-my-opencode/src/hooks/agent-usage-reminder/index.ts,ai-toolings,Codigo fuente,hay-que-re-evaluar,Documentar estrategia vendor/submodule y politica de actualizacion upstream.,"import type { PluginInput } from ""@opencode-ai/plugin"";"
1059,ai-toolings/open-code/oh-my-opencode/src/hooks/agent-usage-reminder/storage.ts,ai-toolings,Codigo fuente,hay-que-re-evaluar,Documentar estrategia vendor/submodule y politica de actualizacion upstream.,import {
1060,ai-toolings/open-code/oh-my-opencode/src/hooks/agent-usage-reminder/types.ts,ai-toolings,Codigo fuente,hay-que-re-evaluar,Documentar estrategia vendor/submodule y politica de actualizacion upstream.,export interface AgentUsageState {
1061,ai-toolings/open-code/oh-my-opencode/src/hooks/anthropic-context-window-limit-recovery/executor.test.ts,ai-toolings,Codigo fuente,hay-que-re-evaluar,Documentar estrategia vendor/submodule y politica de actualizacion upstream.,"import { describe, test, expect, mock, beforeEach, spyOn } from ""bun:test"""
1062,ai-toolings/open-code/oh-my-opencode/src/hooks/anthropic-context-window-limit-recovery/executor.ts,ai-toolings,Codigo fuente,hay-que-re-evaluar,Documentar estrategia vendor/submodule y politica de actualizacion upstream.,import type {
1063,ai-toolings/open-code/oh-my-opencode/src/hooks/anthropic-context-window-limit-recovery/index.ts,ai-toolings,Codigo fuente,hay-que-re-evaluar,Documentar estrategia vendor/submodule y politica de actualizacion upstream.,"import type { PluginInput } from ""@opencode-ai/plugin"""
1064,ai-toolings/open-code/oh-my-opencode/src/hooks/anthropic-context-window-limit-recovery/parser.ts,ai-toolings,Codigo fuente,hay-que-re-evaluar,Documentar estrategia vendor/submodule y politica de actualizacion upstream.,"import type { ParsedTokenLimitError } from ""./types"""
1065,ai-toolings/open-code/oh-my-opencode/src/hooks/anthropic-context-window-limit-recovery/pruning-deduplication.test.ts,ai-toolings,Codigo fuente,hay-que-re-evaluar,Documentar estrategia vendor/submodule y politica de actualizacion upstream.,"import { describe, test, expect } from ""bun:test"""
1066,ai-toolings/open-code/oh-my-opencode/src/hooks/anthropic-context-window-limit-recovery/pruning-deduplication.ts,ai-toolings,Codigo fuente,hay-que-re-evaluar,Documentar estrategia vendor/submodule y politica de actualizacion upstream.,"import { existsSync, readdirSync, readFileSync } from ""node:fs"""
1067,ai-toolings/open-code/oh-my-opencode/src/hooks/anthropic-context-window-limit-recovery/pruning-executor.ts,ai-toolings,Codigo fuente,hay-que-re-evaluar,Documentar estrategia vendor/submodule y politica de actualizacion upstream.,"import type { DynamicContextPruningConfig } from ""../../config"""
1068,ai-toolings/open-code/oh-my-opencode/src/hooks/anthropic-context-window-limit-recovery/pruning-purge-errors.ts,ai-toolings,Codigo fuente,hay-que-re-evaluar,Documentar estrategia vendor/submodule y politica de actualizacion upstream.,"import { existsSync, readdirSync, readFileSync } from ""node:fs"""
1069,ai-toolings/open-code/oh-my-opencode/src/hooks/anthropic-context-window-limit-recovery/pruning-storage.ts,ai-toolings,Codigo fuente,hay-que-re-evaluar,Documentar estrategia vendor/submodule y politica de actualizacion upstream.,"import { existsSync, readdirSync, readFileSync, writeFileSync } from ""node:fs"""
1070,ai-toolings/open-code/oh-my-opencode/src/hooks/anthropic-context-window-limit-recovery/pruning-supersede.ts,ai-toolings,Codigo fuente,hay-que-re-evaluar,Documentar estrategia vendor/submodule y politica de actualizacion upstream.,"import { existsSync, readdirSync, readFileSync } from ""node:fs"""
1071,ai-toolings/open-code/oh-my-opencode/src/hooks/anthropic-context-window-limit-recovery/pruning-types.ts,ai-toolings,Codigo fuente,hay-que-re-evaluar,Documentar estrategia vendor/submodule y politica de actualizacion upstream.,export interface ToolCallSignature {
1072,ai-toolings/open-code/oh-my-opencode/src/hooks/anthropic-context-window-limit-recovery/storage.test.ts,ai-toolings,Codigo fuente,hay-que-re-evaluar,Documentar estrategia vendor/submodule y politica de actualizacion upstream.,"import { describe, test, expect, mock, beforeEach } from ""bun:test"""
1073,ai-toolings/open-code/oh-my-opencode/src/hooks/anthropic-context-window-limit-recovery/storage.ts,ai-toolings,Codigo fuente,hay-que-re-evaluar,Documentar estrategia vendor/submodule y politica de actualizacion upstream.,"import { existsSync, readdirSync, readFileSync, writeFileSync } from ""node:fs"""
1074,ai-toolings/open-code/oh-my-opencode/src/hooks/anthropic-context-window-limit-recovery/types.ts,ai-toolings,Codigo fuente,hay-que-re-evaluar,Documentar estrategia vendor/submodule y politica de actualizacion upstream.,export interface ParsedTokenLimitError {
1075,ai-toolings/open-code/oh-my-opencode/src/hooks/auto-slash-command/constants.ts,ai-toolings,Codigo fuente,hay-que-re-evaluar,Documentar estrategia vendor/submodule y politica de actualizacion upstream.,"export const HOOK_NAME = ""auto-slash-command"" as const"
1076,ai-toolings/open-code/oh-my-opencode/src/hooks/auto-slash-command/detector.test.ts,ai-toolings,Codigo fuente,hay-que-re-evaluar,Documentar estrategia vendor/submodule y politica de actualizacion upstream.,"import { describe, expect, it } from ""bun:test"""
1077,ai-toolings/open-code/oh-my-opencode/src/hooks/auto-slash-command/detector.ts,ai-toolings,Codigo fuente,hay-que-re-evaluar,Documentar estrategia vendor/submodule y politica de actualizacion upstream.,import {
1078,ai-toolings/open-code/oh-my-opencode/src/hooks/auto-slash-command/executor.ts,ai-toolings,Codigo fuente,hay-que-re-evaluar,Documentar estrategia vendor/submodule y politica de actualizacion upstream.,"import { existsSync, readdirSync, readFileSync } from ""fs"""
1079,ai-toolings/open-code/oh-my-opencode/src/hooks/auto-slash-command/index.test.ts,ai-toolings,Codigo fuente,hay-que-re-evaluar,Documentar estrategia vendor/submodule y politica de actualizacion upstream.,"import { describe, expect, it, beforeEach, mock, spyOn } from ""bun:test"""
1080,ai-toolings/open-code/oh-my-opencode/src/hooks/auto-slash-command/index.ts,ai-toolings,Codigo fuente,hay-que-re-evaluar,Documentar estrategia vendor/submodule y politica de actualizacion upstream.,import {
1081,ai-toolings/open-code/oh-my-opencode/src/hooks/auto-slash-command/types.ts,ai-toolings,Codigo fuente,hay-que-re-evaluar,Documentar estrategia vendor/submodule y politica de actualizacion upstream.,export interface AutoSlashCommandHookInput {
1082,ai-toolings/open-code/oh-my-opencode/src/hooks/auto-update-checker/cache.ts,ai-toolings,Codigo fuente,hay-que-re-evaluar,Documentar estrategia vendor/submodule y politica de actualizacion upstream.,"import * as fs from ""node:fs"""
1083,ai-toolings/open-code/oh-my-opencode/src/hooks/auto-update-checker/checker.ts,ai-toolings,Codigo fuente,hay-que-re-evaluar,Documentar estrategia vendor/submodule y politica de actualizacion upstream.,"import * as fs from ""node:fs"""
1084,ai-toolings/open-code/oh-my-opencode/src/hooks/auto-update-checker/constants.ts,ai-toolings,Codigo fuente,hay-que-re-evaluar,Documentar estrategia vendor/submodule y politica de actualizacion upstream.,"import * as path from ""node:path"""
1085,ai-toolings/open-code/oh-my-opencode/src/hooks/auto-update-checker/index.ts,ai-toolings,Codigo fuente,hay-que-re-evaluar,Documentar estrategia vendor/submodule y politica de actualizacion upstream.,"import type { PluginInput } from ""@opencode-ai/plugin"""
1086,ai-toolings/open-code/oh-my-opencode/src/hooks/auto-update-checker/types.ts,ai-toolings,Codigo fuente,hay-que-re-evaluar,Documentar estrategia vendor/submodule y politica de actualizacion upstream.,export interface NpmDistTags {
1087,ai-toolings/open-code/oh-my-opencode/src/hooks/background-notification/index.ts,ai-toolings,Codigo fuente,hay-que-re-evaluar,Documentar estrategia vendor/submodule y politica de actualizacion upstream.,"import type { BackgroundManager } from ""../../features/background-agent"""
1088,ai-toolings/open-code/oh-my-opencode/src/hooks/background-notification/types.ts,ai-toolings,Codigo fuente,hay-que-re-evaluar,Documentar estrategia vendor/submodule y politica de actualizacion upstream.,"import type { BackgroundTask } from ""../../features/background-agent"""
1089,ai-toolings/open-code/oh-my-opencode/src/hooks/claude-code-hooks/config-loader.ts,ai-toolings,Codigo fuente,hay-que-re-evaluar,Documentar estrategia vendor/submodule y politica de actualizacion upstream.,"import { existsSync } from ""fs"""
1090,ai-toolings/open-code/oh-my-opencode/src/hooks/claude-code-hooks/config.ts,ai-toolings,Codigo fuente,hay-que-re-evaluar,Documentar estrategia vendor/submodule y politica de actualizacion upstream.,"import { join } from ""path"""
1091,ai-toolings/open-code/oh-my-opencode/src/hooks/claude-code-hooks/index.ts,ai-toolings,Codigo fuente,hay-que-re-evaluar,Documentar estrategia vendor/submodule y politica de actualizacion upstream.,"import type { PluginInput } from ""@opencode-ai/plugin"""
1092,ai-toolings/open-code/oh-my-opencode/src/hooks/claude-code-hooks/plugin-config.ts,ai-toolings,Codigo fuente,hay-que-re-evaluar,Documentar estrategia vendor/submodule y politica de actualizacion upstream.,/**
1093,ai-toolings/open-code/oh-my-opencode/src/hooks/claude-code-hooks/post-tool-use.ts,ai-toolings,Codigo fuente,hay-que-re-evaluar,Documentar estrategia vendor/submodule y politica de actualizacion upstream.,import type {
1094,ai-toolings/open-code/oh-my-opencode/src/hooks/claude-code-hooks/pre-compact.ts,ai-toolings,Codigo fuente,hay-que-re-evaluar,Documentar estrategia vendor/submodule y politica de actualizacion upstream.,import type {
1095,ai-toolings/open-code/oh-my-opencode/src/hooks/claude-code-hooks/pre-tool-use.ts,ai-toolings,Codigo fuente,hay-que-re-evaluar,Documentar estrategia vendor/submodule y politica de actualizacion upstream.,import type {
1096,ai-toolings/open-code/oh-my-opencode/src/hooks/claude-code-hooks/stop.ts,ai-toolings,Codigo fuente,hay-que-re-evaluar,Documentar estrategia vendor/submodule y politica de actualizacion upstream.,import type {
1097,ai-toolings/open-code/oh-my-opencode/src/hooks/claude-code-hooks/todo.ts,ai-toolings,Codigo fuente,hay-que-re-evaluar,Documentar estrategia vendor/submodule y politica de actualizacion upstream.,"import { join } from ""path"""
1098,ai-toolings/open-code/oh-my-opencode/src/hooks/claude-code-hooks/tool-input-cache.ts,ai-toolings,Codigo fuente,hay-que-re-evaluar,Documentar estrategia vendor/submodule y politica de actualizacion upstream.,/**
1099,ai-toolings/open-code/oh-my-opencode/src/hooks/claude-code-hooks/transcript.ts,ai-toolings,Codigo fuente,hay-que-re-evaluar,Documentar estrategia vendor/submodule y politica de actualizacion upstream.,"import { join } from ""path"""
1100,ai-toolings/open-code/oh-my-opencode/src/hooks/claude-code-hooks/types.ts,ai-toolings,Codigo fuente,hay-que-re-evaluar,Documentar estrategia vendor/submodule y politica de actualizacion upstream.,/**
1101,ai-toolings/open-code/oh-my-opencode/src/hooks/claude-code-hooks/user-prompt-submit.ts,ai-toolings,Codigo fuente,hay-que-re-evaluar,Documentar estrategia vendor/submodule y politica de actualizacion upstream.,import type {
1102,ai-toolings/open-code/oh-my-opencode/src/hooks/comment-checker/cli.ts,ai-toolings,Codigo fuente,hay-que-re-evaluar,Documentar estrategia vendor/submodule y politica de actualizacion upstream.,"import { spawn } from ""bun"""
1103,ai-toolings/open-code/oh-my-opencode/src/hooks/comment-checker/constants.ts,ai-toolings,Codigo fuente,hay-que-re-evaluar,Documentar estrategia vendor/submodule y politica de actualizacion upstream.,export const BDD_KEYWORDS = new Set([
1104,ai-toolings/open-code/oh-my-opencode/src/hooks/comment-checker/downloader.ts,ai-toolings,Codigo fuente,hay-que-re-evaluar,Documentar estrategia vendor/submodule y politica de actualizacion upstream.,"import { spawn } from ""bun"""
1105,ai-toolings/open-code/oh-my-opencode/src/hooks/comment-checker/filters/bdd.ts,ai-toolings,Codigo fuente,hay-que-re-evaluar,Documentar estrategia vendor/submodule y politica de actualizacion upstream.,"import type { CommentInfo, FilterResult } from ""../types"""
1106,ai-toolings/open-code/oh-my-opencode/src/hooks/comment-checker/filters/directive.ts,ai-toolings,Codigo fuente,hay-que-re-evaluar,Documentar estrategia vendor/submodule y politica de actualizacion upstream.,"import type { CommentInfo, FilterResult } from ""../types"""
1107,ai-toolings/open-code/oh-my-opencode/src/hooks/comment-checker/filters/docstring.ts,ai-toolings,Codigo fuente,hay-que-re-evaluar,Documentar estrategia vendor/submodule y politica de actualizacion upstream.,"import type { CommentInfo, FilterResult } from ""../types"""
1108,ai-toolings/open-code/oh-my-opencode/src/hooks/comment-checker/filters/index.ts,ai-toolings,Codigo fuente,hay-que-re-evaluar,Documentar estrategia vendor/submodule y politica de actualizacion upstream.,"import type { CommentInfo, CommentFilter } from ""../types"""
1109,ai-toolings/open-code/oh-my-opencode/src/hooks/comment-checker/filters/shebang.ts,ai-toolings,Codigo fuente,hay-que-re-evaluar,Documentar estrategia vendor/submodule y politica de actualizacion upstream.,"import type { CommentInfo, FilterResult } from ""../types"""
1110,ai-toolings/open-code/oh-my-opencode/src/hooks/comment-checker/index.ts,ai-toolings,Codigo fuente,hay-que-re-evaluar,Documentar estrategia vendor/submodule y politica de actualizacion upstream.,"import type { PendingCall } from ""./types"""
1111,ai-toolings/open-code/oh-my-opencode/src/hooks/comment-checker/output/formatter.ts,ai-toolings,Codigo fuente,hay-que-re-evaluar,Documentar estrategia vendor/submodule y politica de actualizacion upstream.,"import type { FileComments } from ""../types"""
1112,ai-toolings/open-code/oh-my-opencode/src/hooks/comment-checker/output/index.ts,ai-toolings,Codigo fuente,hay-que-re-evaluar,Documentar estrategia vendor/submodule y politica de actualizacion upstream.,"export { buildCommentsXml } from ""./xml-builder"""
1113,ai-toolings/open-code/oh-my-opencode/src/hooks/comment-checker/output/xml-builder.ts,ai-toolings,Codigo fuente,hay-que-re-evaluar,Documentar estrategia vendor/submodule y politica de actualizacion upstream.,"import type { FileComments } from ""../types"""
1114,ai-toolings/open-code/oh-my-opencode/src/hooks/comment-checker/types.ts,ai-toolings,Codigo fuente,hay-que-re-evaluar,Documentar estrategia vendor/submodule y politica de actualizacion upstream.,"export type CommentType = ""line"" | ""block"" | ""docstring"""
1115,ai-toolings/open-code/oh-my-opencode/src/hooks/compaction-context-injector/index.ts,ai-toolings,Codigo fuente,hay-que-re-evaluar,Documentar estrategia vendor/submodule y politica de actualizacion upstream.,"import type { SummarizeContext } from ""../preemptive-compaction"""
1116,ai-toolings/open-code/oh-my-opencode/src/hooks/context-window-monitor.ts,ai-toolings,Codigo fuente,hay-que-re-evaluar,Documentar estrategia vendor/submodule y politica de actualizacion upstream.,"import type { PluginInput } from ""@opencode-ai/plugin"""
1117,ai-toolings/open-code/oh-my-opencode/src/hooks/directory-agents-injector/constants.ts,ai-toolings,Codigo fuente,hay-que-re-evaluar,Documentar estrategia vendor/submodule y politica de actualizacion upstream.,"import { join } from ""node:path"";"
1118,ai-toolings/open-code/oh-my-opencode/src/hooks/directory-agents-injector/index.ts,ai-toolings,Codigo fuente,hay-que-re-evaluar,Documentar estrategia vendor/submodule y politica de actualizacion upstream.,"import type { PluginInput } from ""@opencode-ai/plugin"";"
1119,ai-toolings/open-code/oh-my-opencode/src/hooks/directory-agents-injector/storage.ts,ai-toolings,Codigo fuente,hay-que-re-evaluar,Documentar estrategia vendor/submodule y politica de actualizacion upstream.,import {
1120,ai-toolings/open-code/oh-my-opencode/src/hooks/directory-agents-injector/types.ts,ai-toolings,Codigo fuente,hay-que-re-evaluar,Documentar estrategia vendor/submodule y politica de actualizacion upstream.,export interface InjectedPathsData {
1121,ai-toolings/open-code/oh-my-opencode/src/hooks/directory-readme-injector/constants.ts,ai-toolings,Codigo fuente,hay-que-re-evaluar,Documentar estrategia vendor/submodule y politica de actualizacion upstream.,"import { join } from ""node:path"";"
1122,ai-toolings/open-code/oh-my-opencode/src/hooks/directory-readme-injector/index.ts,ai-toolings,Codigo fuente,hay-que-re-evaluar,Documentar estrategia vendor/submodule y politica de actualizacion upstream.,"import type { PluginInput } from ""@opencode-ai/plugin"";"
1123,ai-toolings/open-code/oh-my-opencode/src/hooks/directory-readme-injector/storage.ts,ai-toolings,Codigo fuente,hay-que-re-evaluar,Documentar estrategia vendor/submodule y politica de actualizacion upstream.,import {
1124,ai-toolings/open-code/oh-my-opencode/src/hooks/directory-readme-injector/types.ts,ai-toolings,Codigo fuente,hay-que-re-evaluar,Documentar estrategia vendor/submodule y politica de actualizacion upstream.,export interface InjectedPathsData {
1125,ai-toolings/open-code/oh-my-opencode/src/hooks/edit-error-recovery/index.test.ts,ai-toolings,Codigo fuente,hay-que-re-evaluar,Documentar estrategia vendor/submodule y politica de actualizacion upstream.,"import { describe, it, expect, beforeEach } from ""bun:test"""
1126,ai-toolings/open-code/oh-my-opencode/src/hooks/edit-error-recovery/index.ts,ai-toolings,Codigo fuente,hay-que-re-evaluar,Documentar estrategia vendor/submodule y politica de actualizacion upstream.,"import type { PluginInput } from ""@opencode-ai/plugin"""
1127,ai-toolings/open-code/oh-my-opencode/src/hooks/empty-message-sanitizer/index.ts,ai-toolings,Codigo fuente,hay-que-re-evaluar,Documentar estrategia vendor/submodule y politica de actualizacion upstream.,"import type { Message, Part } from ""@opencode-ai/sdk"""
1128,ai-toolings/open-code/oh-my-opencode/src/hooks/empty-task-response-detector.ts,ai-toolings,Codigo fuente,hay-que-re-evaluar,Documentar estrategia vendor/submodule y politica de actualizacion upstream.,"import type { PluginInput } from ""@opencode-ai/plugin"""
1129,ai-toolings/open-code/oh-my-opencode/src/hooks/index.ts,ai-toolings,Codigo fuente,hay-que-re-evaluar,Documentar estrategia vendor/submodule y politica de actualizacion upstream.,"export { createTodoContinuationEnforcer, type TodoContinuationEnforcer } from ""./todo-continuation-enforcer"";"
1130,ai-toolings/open-code/oh-my-opencode/src/hooks/interactive-bash-session/constants.ts,ai-toolings,Codigo fuente,hay-que-re-evaluar,Documentar estrategia vendor/submodule y politica de actualizacion upstream.,"import { join } from ""node:path"";"
1131,ai-toolings/open-code/oh-my-opencode/src/hooks/interactive-bash-session/index.ts,ai-toolings,Codigo fuente,hay-que-re-evaluar,Documentar estrategia vendor/submodule y politica de actualizacion upstream.,"import type { PluginInput } from ""@opencode-ai/plugin"";"
1132,ai-toolings/open-code/oh-my-opencode/src/hooks/interactive-bash-session/storage.ts,ai-toolings,Codigo fuente,hay-que-re-evaluar,Documentar estrategia vendor/submodule y politica de actualizacion upstream.,import {
1133,ai-toolings/open-code/oh-my-opencode/src/hooks/interactive-bash-session/types.ts,ai-toolings,Codigo fuente,hay-que-re-evaluar,Documentar estrategia vendor/submodule y politica de actualizacion upstream.,export interface InteractiveBashSessionState {
1134,ai-toolings/open-code/oh-my-opencode/src/hooks/keyword-detector/constants.ts,ai-toolings,Codigo fuente,hay-que-re-evaluar,Documentar estrategia vendor/submodule y politica de actualizacion upstream.,export const CODE_BLOCK_PATTERN = /```[\s\S]*?```/g
1135,ai-toolings/open-code/oh-my-opencode/src/hooks/keyword-detector/detector.ts,ai-toolings,Codigo fuente,hay-que-re-evaluar,Documentar estrategia vendor/submodule y politica de actualizacion upstream.,import {
1136,ai-toolings/open-code/oh-my-opencode/src/hooks/keyword-detector/index.ts,ai-toolings,Codigo fuente,hay-que-re-evaluar,Documentar estrategia vendor/submodule y politica de actualizacion upstream.,"import type { PluginInput } from ""@opencode-ai/plugin"""
1137,ai-toolings/open-code/oh-my-opencode/src/hooks/keyword-detector/types.ts,ai-toolings,Codigo fuente,hay-que-re-evaluar,Documentar estrategia vendor/submodule y politica de actualizacion upstream.,export interface KeywordDetectorState {
1138,ai-toolings/open-code/oh-my-opencode/src/hooks/non-interactive-env/constants.ts,ai-toolings,Codigo fuente,hay-que-re-evaluar,Documentar estrategia vendor/submodule y politica de actualizacion upstream.,"export const HOOK_NAME = ""non-interactive-env"""
1139,ai-toolings/open-code/oh-my-opencode/src/hooks/non-interactive-env/detector.ts,ai-toolings,Codigo fuente,hay-que-re-evaluar,Documentar estrategia vendor/submodule y politica de actualizacion upstream.,export function isNonInteractive(): boolean {
1140,ai-toolings/open-code/oh-my-opencode/src/hooks/non-interactive-env/index.test.ts,ai-toolings,Codigo fuente,hay-que-re-evaluar,Documentar estrategia vendor/submodule y politica de actualizacion upstream.,"import { describe, test, expect } from ""bun:test"""
1141,ai-toolings/open-code/oh-my-opencode/src/hooks/non-interactive-env/index.ts,ai-toolings,Codigo fuente,hay-que-re-evaluar,Documentar estrategia vendor/submodule y politica de actualizacion upstream.,"import type { PluginInput } from ""@opencode-ai/plugin"""
1142,ai-toolings/open-code/oh-my-opencode/src/hooks/non-interactive-env/types.ts,ai-toolings,Codigo fuente,hay-que-re-evaluar,Documentar estrategia vendor/submodule y politica de actualizacion upstream.,export interface NonInteractiveEnvConfig {
1143,ai-toolings/open-code/oh-my-opencode/src/hooks/preemptive-compaction/constants.ts,ai-toolings,Codigo fuente,hay-que-re-evaluar,Documentar estrategia vendor/submodule y politica de actualizacion upstream.,export const DEFAULT_THRESHOLD = 0.85
1144,ai-toolings/open-code/oh-my-opencode/src/hooks/preemptive-compaction/index.ts,ai-toolings,Codigo fuente,hay-que-re-evaluar,Documentar estrategia vendor/submodule y politica de actualizacion upstream.,"import { existsSync, readdirSync } from ""node:fs"""
1145,ai-toolings/open-code/oh-my-opencode/src/hooks/preemptive-compaction/types.ts,ai-toolings,Codigo fuente,hay-que-re-evaluar,Documentar estrategia vendor/submodule y politica de actualizacion upstream.,export interface PreemptiveCompactionState {
1146,ai-toolings/open-code/oh-my-opencode/src/hooks/ralph-loop/constants.ts,ai-toolings,Codigo fuente,hay-que-re-evaluar,Documentar estrategia vendor/submodule y politica de actualizacion upstream.,"export const HOOK_NAME = ""ralph-loop"""
1147,ai-toolings/open-code/oh-my-opencode/src/hooks/ralph-loop/index.test.ts,ai-toolings,Codigo fuente,hay-que-re-evaluar,Documentar estrategia vendor/submodule y politica de actualizacion upstream.,"import { describe, expect, test, beforeEach, afterEach } from ""bun:test"""
1148,ai-toolings/open-code/oh-my-opencode/src/hooks/ralph-loop/index.ts,ai-toolings,Codigo fuente,hay-que-re-evaluar,Documentar estrategia vendor/submodule y politica de actualizacion upstream.,"import { existsSync, readFileSync } from ""node:fs"""
1149,ai-toolings/open-code/oh-my-opencode/src/hooks/ralph-loop/storage.ts,ai-toolings,Codigo fuente,hay-que-re-evaluar,Documentar estrategia vendor/submodule y politica de actualizacion upstream.,"import { existsSync, readFileSync, writeFileSync, unlinkSync, mkdirSync } from ""node:fs"""
1150,ai-toolings/open-code/oh-my-opencode/src/hooks/ralph-loop/types.ts,ai-toolings,Codigo fuente,hay-que-re-evaluar,Documentar estrategia vendor/submodule y politica de actualizacion upstream.,"import type { RalphLoopConfig } from ""../../config"""
1151,ai-toolings/open-code/oh-my-opencode/src/hooks/rules-injector/constants.ts,ai-toolings,Codigo fuente,hay-que-re-evaluar,Documentar estrategia vendor/submodule y politica de actualizacion upstream.,"import { join } from ""node:path"";"
1152,ai-toolings/open-code/oh-my-opencode/src/hooks/rules-injector/finder.test.ts,ai-toolings,Codigo fuente,hay-que-re-evaluar,Documentar estrategia vendor/submodule y politica de actualizacion upstream.,"import { afterEach, beforeEach, describe, expect, it } from ""bun:test"";"
1153,ai-toolings/open-code/oh-my-opencode/src/hooks/rules-injector/finder.ts,ai-toolings,Codigo fuente,hay-que-re-evaluar,Documentar estrategia vendor/submodule y politica de actualizacion upstream.,import {
1154,ai-toolings/open-code/oh-my-opencode/src/hooks/rules-injector/index.ts,ai-toolings,Codigo fuente,hay-que-re-evaluar,Documentar estrategia vendor/submodule y politica de actualizacion upstream.,"import type { PluginInput } from ""@opencode-ai/plugin"";"
1155,ai-toolings/open-code/oh-my-opencode/src/hooks/rules-injector/matcher.ts,ai-toolings,Codigo fuente,hay-que-re-evaluar,Documentar estrategia vendor/submodule y politica de actualizacion upstream.,"import { createHash } from ""crypto"""
1156,ai-toolings/open-code/oh-my-opencode/src/hooks/rules-injector/parser.test.ts,ai-toolings,Codigo fuente,hay-que-re-evaluar,Documentar estrategia vendor/submodule y politica de actualizacion upstream.,"import { describe, expect, it } from ""bun:test"";"
1157,ai-toolings/open-code/oh-my-opencode/src/hooks/rules-injector/parser.ts,ai-toolings,Codigo fuente,hay-que-re-evaluar,Documentar estrategia vendor/submodule y politica de actualizacion upstream.,"import type { RuleMetadata } from ""./types"";"
1158,ai-toolings/open-code/oh-my-opencode/src/hooks/rules-injector/storage.ts,ai-toolings,Codigo fuente,hay-que-re-evaluar,Documentar estrategia vendor/submodule y politica de actualizacion upstream.,import {
1159,ai-toolings/open-code/oh-my-opencode/src/hooks/rules-injector/types.ts,ai-toolings,Codigo fuente,hay-que-re-evaluar,Documentar estrategia vendor/submodule y politica de actualizacion upstream.,/**
1160,ai-toolings/open-code/oh-my-opencode/src/hooks/session-notification-utils.ts,ai-toolings,Codigo fuente,hay-que-re-evaluar,Documentar estrategia vendor/submodule y politica de actualizacion upstream.,"import { spawn } from ""bun"""
1161,ai-toolings/open-code/oh-my-opencode/src/hooks/session-notification.test.ts,ai-toolings,Codigo fuente,hay-que-re-evaluar,Documentar estrategia vendor/submodule y politica de actualizacion upstream.,"import { describe, expect, test, beforeEach, afterEach, spyOn } from ""bun:test"""
1162,ai-toolings/open-code/oh-my-opencode/src/hooks/session-notification.ts,ai-toolings,Codigo fuente,hay-que-re-evaluar,Documentar estrategia vendor/submodule y politica de actualizacion upstream.,"import type { PluginInput } from ""@opencode-ai/plugin"""
1163,ai-toolings/open-code/oh-my-opencode/src/hooks/session-recovery/constants.ts,ai-toolings,Codigo fuente,hay-que-re-evaluar,Documentar estrategia vendor/submodule y politica de actualizacion upstream.,"import { join } from ""node:path"""
1164,ai-toolings/open-code/oh-my-opencode/src/hooks/session-recovery/index.test.ts,ai-toolings,Codigo fuente,hay-que-re-evaluar,Documentar estrategia vendor/submodule y politica de actualizacion upstream.,"import { describe, expect, it } from ""bun:test"""
1165,ai-toolings/open-code/oh-my-opencode/src/hooks/session-recovery/index.ts,ai-toolings,Codigo fuente,hay-que-re-evaluar,Documentar estrategia vendor/submodule y politica de actualizacion upstream.,"import type { PluginInput } from ""@opencode-ai/plugin"""
1166,ai-toolings/open-code/oh-my-opencode/src/hooks/session-recovery/storage.ts,ai-toolings,Codigo fuente,hay-que-re-evaluar,Documentar estrategia vendor/submodule y politica de actualizacion upstream.,"import { existsSync, mkdirSync, readdirSync, readFileSync, unlinkSync, writeFileSync } from ""node:fs"""
1167,ai-toolings/open-code/oh-my-opencode/src/hooks/session-recovery/types.ts,ai-toolings,Codigo fuente,hay-que-re-evaluar,Documentar estrategia vendor/submodule y politica de actualizacion upstream.,"export type ThinkingPartType = ""thinking"" | ""redacted_thinking"" | ""reasoning"""
1168,ai-toolings/open-code/oh-my-opencode/src/hooks/think-mode/detector.ts,ai-toolings,Codigo fuente,hay-que-re-evaluar,Documentar estrategia vendor/submodule y politica de actualizacion upstream.,"const ENGLISH_PATTERNS = [/\bultrathink\b/i, /\bthink\b/i]"
1169,ai-toolings/open-code/oh-my-opencode/src/hooks/think-mode/index.test.ts,ai-toolings,Codigo fuente,hay-que-re-evaluar,Documentar estrategia vendor/submodule y politica de actualizacion upstream.,"import { describe, expect, it, beforeEach } from ""bun:test"""
1170,ai-toolings/open-code/oh-my-opencode/src/hooks/think-mode/index.ts,ai-toolings,Codigo fuente,hay-que-re-evaluar,Documentar estrategia vendor/submodule y politica de actualizacion upstream.,"import { detectThinkKeyword, extractPromptText } from ""./detector"""
1171,ai-toolings/open-code/oh-my-opencode/src/hooks/think-mode/switcher.test.ts,ai-toolings,Codigo fuente,hay-que-re-evaluar,Documentar estrategia vendor/submodule y politica de actualizacion upstream.,"import { describe, expect, it } from ""bun:test"""
1172,ai-toolings/open-code/oh-my-opencode/src/hooks/think-mode/switcher.ts,ai-toolings,Codigo fuente,hay-que-re-evaluar,Documentar estrategia vendor/submodule y politica de actualizacion upstream.,/**
1173,ai-toolings/open-code/oh-my-opencode/src/hooks/think-mode/types.ts,ai-toolings,Codigo fuente,hay-que-re-evaluar,Documentar estrategia vendor/submodule y politica de actualizacion upstream.,export interface ThinkModeState {
1174,ai-toolings/open-code/oh-my-opencode/src/hooks/thinking-block-validator/index.ts,ai-toolings,Codigo fuente,hay-que-re-evaluar,Documentar estrategia vendor/submodule y politica de actualizacion upstream.,/**
1175,ai-toolings/open-code/oh-my-opencode/src/hooks/todo-continuation-enforcer.test.ts,ai-toolings,Codigo fuente,hay-que-re-evaluar,Documentar estrategia vendor/submodule y politica de actualizacion upstream.,"import { afterEach, beforeEach, describe, expect, test } from ""bun:test"""
1176,ai-toolings/open-code/oh-my-opencode/src/hooks/todo-continuation-enforcer.ts,ai-toolings,Codigo fuente,hay-que-re-evaluar,Documentar estrategia vendor/submodule y politica de actualizacion upstream.,"import type { PluginInput } from ""@opencode-ai/plugin"""
1177,ai-toolings/open-code/oh-my-opencode/src/hooks/tool-output-truncator.test.ts,ai-toolings,Codigo fuente,hay-que-re-evaluar,Documentar estrategia vendor/submodule y politica de actualizacion upstream.,"import { describe, it, expect, beforeEach, mock, spyOn } from ""bun:test"""
1178,ai-toolings/open-code/oh-my-opencode/src/hooks/tool-output-truncator.ts,ai-toolings,Codigo fuente,hay-que-re-evaluar,Documentar estrategia vendor/submodule y politica de actualizacion upstream.,"import type { PluginInput } from ""@opencode-ai/plugin"""
1179,ai-toolings/open-code/oh-my-opencode/src/index.ts,ai-toolings,Codigo fuente,hay-que-re-evaluar,Documentar estrategia vendor/submodule y politica de actualizacion upstream.,"import type { Plugin } from ""@opencode-ai/plugin"";"
1180,ai-toolings/open-code/oh-my-opencode/src/mcp/context7.ts,ai-toolings,Codigo fuente,hay-que-re-evaluar,Documentar estrategia vendor/submodule y politica de actualizacion upstream.,export const context7 = {
1181,ai-toolings/open-code/oh-my-opencode/src/mcp/grep-app.ts,ai-toolings,Codigo fuente,hay-que-re-evaluar,Documentar estrategia vendor/submodule y politica de actualizacion upstream.,export const grep_app = {
1182,ai-toolings/open-code/oh-my-opencode/src/mcp/index.ts,ai-toolings,Codigo fuente,hay-que-re-evaluar,Documentar estrategia vendor/submodule y politica de actualizacion upstream.,"import { websearch_exa } from ""./websearch-exa"""
1183,ai-toolings/open-code/oh-my-opencode/src/mcp/types.ts,ai-toolings,Codigo fuente,hay-que-re-evaluar,Documentar estrategia vendor/submodule y politica de actualizacion upstream.,"import { z } from ""zod"""
1184,ai-toolings/open-code/oh-my-opencode/src/mcp/websearch-exa.ts,ai-toolings,Codigo fuente,hay-que-re-evaluar,Documentar estrategia vendor/submodule y politica de actualizacion upstream.,export const websearch_exa = {
1185,ai-toolings/open-code/oh-my-opencode/src/plugin-config.ts,ai-toolings,Codigo fuente,hay-que-re-evaluar,Documentar estrategia vendor/submodule y politica de actualizacion upstream.,"import * as fs from ""fs"";"
1186,ai-toolings/open-code/oh-my-opencode/src/plugin-handlers/config-handler.ts,ai-toolings,Codigo fuente,hay-que-re-evaluar,Documentar estrategia vendor/submodule y politica de actualizacion upstream.,"import { createBuiltinAgents } from ""../agents"";"
1187,ai-toolings/open-code/oh-my-opencode/src/plugin-handlers/index.ts,ai-toolings,Codigo fuente,hay-que-re-evaluar,Documentar estrategia vendor/submodule y politica de actualizacion upstream.,"export { createConfigHandler, type ConfigHandlerDeps } from ""./config-handler"";"
1188,ai-toolings/open-code/oh-my-opencode/src/plugin-state.ts,ai-toolings,Codigo fuente,hay-que-re-evaluar,Documentar estrategia vendor/submodule y politica de actualizacion upstream.,export interface ModelCacheState {
1189,ai-toolings/open-code/oh-my-opencode/src/shared/AGENTS.md,ai-toolings,Documento de referencia o decision,hay-que-re-evaluar,Documentar estrategia vendor/submodule y politica de actualizacion upstream.,# SHARED UTILITIES KNOWLEDGE BASE
1190,ai-toolings/open-code/oh-my-opencode/src/shared/claude-config-dir.test.ts,ai-toolings,Codigo fuente,hay-que-re-evaluar,Documentar estrategia vendor/submodule y politica de actualizacion upstream.,"import { describe, test, expect, beforeEach, afterEach } from ""bun:test"""
1191,ai-toolings/open-code/oh-my-opencode/src/shared/claude-config-dir.ts,ai-toolings,Codigo fuente,hay-que-re-evaluar,Documentar estrategia vendor/submodule y politica de actualizacion upstream.,"import { homedir } from ""node:os"""
1192,ai-toolings/open-code/oh-my-opencode/src/shared/command-executor.ts,ai-toolings,Codigo fuente,hay-que-re-evaluar,Documentar estrategia vendor/submodule y politica de actualizacion upstream.,"import { spawn } from ""child_process"""
1193,ai-toolings/open-code/oh-my-opencode/src/shared/config-errors.ts,ai-toolings,Codigo fuente,hay-que-re-evaluar,Documentar estrategia vendor/submodule y politica de actualizacion upstream.,export type ConfigLoadError = {
1194,ai-toolings/open-code/oh-my-opencode/src/shared/config-path.ts,ai-toolings,Codigo fuente,hay-que-re-evaluar,Documentar estrategia vendor/submodule y politica de actualizacion upstream.,"import * as path from ""path"""
1195,ai-toolings/open-code/oh-my-opencode/src/shared/data-path.ts,ai-toolings,Codigo fuente,hay-que-re-evaluar,Documentar estrategia vendor/submodule y politica de actualizacion upstream.,"import * as path from ""node:path"""
1196,ai-toolings/open-code/oh-my-opencode/src/shared/deep-merge.ts,ai-toolings,Codigo fuente,hay-que-re-evaluar,Documentar estrategia vendor/submodule y politica de actualizacion upstream.,"const DANGEROUS_KEYS = new Set([""__proto__"", ""constructor"", ""prototype""]);"
1197,ai-toolings/open-code/oh-my-opencode/src/shared/dynamic-truncator.ts,ai-toolings,Codigo fuente,hay-que-re-evaluar,Documentar estrategia vendor/submodule y politica de actualizacion upstream.,"import type { PluginInput } from ""@opencode-ai/plugin"";"
1198,ai-toolings/open-code/oh-my-opencode/src/shared/file-reference-resolver.ts,ai-toolings,Codigo fuente,hay-que-re-evaluar,Documentar estrategia vendor/submodule y politica de actualizacion upstream.,"import { existsSync, readFileSync, statSync } from ""fs"""
1199,ai-toolings/open-code/oh-my-opencode/src/shared/file-utils.ts,ai-toolings,Codigo fuente,hay-que-re-evaluar,Documentar estrategia vendor/submodule y politica de actualizacion upstream.,"import { lstatSync, readlinkSync } from ""fs"""
1200,ai-toolings/open-code/oh-my-opencode/src/shared/frontmatter.test.ts,ai-toolings,Codigo fuente,hay-que-re-evaluar,Documentar estrategia vendor/submodule y politica de actualizacion upstream.,"import { describe, test, expect } from ""bun:test"""
1201,ai-toolings/open-code/oh-my-opencode/src/shared/frontmatter.ts,ai-toolings,Codigo fuente,hay-que-re-evaluar,Documentar estrategia vendor/submodule y politica de actualizacion upstream.,"import yaml from ""js-yaml"""
1202,ai-toolings/open-code/oh-my-opencode/src/shared/hook-disabled.ts,ai-toolings,Codigo fuente,hay-que-re-evaluar,Documentar estrategia vendor/submodule y politica de actualizacion upstream.,"import type { ClaudeHookEvent, PluginConfig } from ""../hooks/claude-code-hooks/types"""
1203,ai-toolings/open-code/oh-my-opencode/src/shared/index.ts,ai-toolings,Codigo fuente,hay-que-re-evaluar,Documentar estrategia vendor/submodule y politica de actualizacion upstream.,"export * from ""./frontmatter"""
1204,ai-toolings/open-code/oh-my-opencode/src/shared/jsonc-parser.test.ts,ai-toolings,Codigo fuente,hay-que-re-evaluar,Documentar estrategia vendor/submodule y politica de actualizacion upstream.,"import { describe, expect, test } from ""bun:test"""
1205,ai-toolings/open-code/oh-my-opencode/src/shared/jsonc-parser.ts,ai-toolings,Codigo fuente,hay-que-re-evaluar,Documentar estrategia vendor/submodule y politica de actualizacion upstream.,"import { existsSync, readFileSync } from ""node:fs"""
1206,ai-toolings/open-code/oh-my-opencode/src/shared/logger.ts,ai-toolings,Codigo fuente,hay-que-re-evaluar,Documentar estrategia vendor/submodule y politica de actualizacion upstream.,// Shared logging utility for the plugin
1207,ai-toolings/open-code/oh-my-opencode/src/shared/migration.test.ts,ai-toolings,Codigo fuente,hay-que-re-evaluar,Documentar estrategia vendor/submodule y politica de actualizacion upstream.,"import { describe, test, expect } from ""bun:test"""
1208,ai-toolings/open-code/oh-my-opencode/src/shared/migration.ts,ai-toolings,Codigo fuente,hay-que-re-evaluar,Documentar estrategia vendor/submodule y politica de actualizacion upstream.,"import * as fs from ""fs"""
1209,ai-toolings/open-code/oh-my-opencode/src/shared/model-sanitizer.ts,ai-toolings,Codigo fuente,hay-que-re-evaluar,Documentar estrategia vendor/submodule y politica de actualizacion upstream.,"type CommandSource = ""claude-code"" | ""opencode"""
1210,ai-toolings/open-code/oh-my-opencode/src/shared/opencode-config-dir.test.ts,ai-toolings,Codigo fuente,hay-que-re-evaluar,Documentar estrategia vendor/submodule y politica de actualizacion upstream.,"import { describe, test, expect, beforeEach, afterEach } from ""bun:test"""
1211,ai-toolings/open-code/oh-my-opencode/src/shared/opencode-config-dir.ts,ai-toolings,Codigo fuente,hay-que-re-evaluar,Documentar estrategia vendor/submodule y politica de actualizacion upstream.,"import { existsSync } from ""node:fs"""
1212,ai-toolings/open-code/oh-my-opencode/src/shared/pattern-matcher.ts,ai-toolings,Codigo fuente,hay-que-re-evaluar,Documentar estrategia vendor/submodule y politica de actualizacion upstream.,"import type { ClaudeHooksConfig, HookMatcher } from ""../hooks/claude-code-hooks/types"""
1213,ai-toolings/open-code/oh-my-opencode/src/shared/snake-case.ts,ai-toolings,Codigo fuente,hay-que-re-evaluar,Documentar estrategia vendor/submodule y politica de actualizacion upstream.,"import { isPlainObject } from ""./deep-merge"""
1214,ai-toolings/open-code/oh-my-opencode/src/shared/tool-name.ts,ai-toolings,Codigo fuente,hay-que-re-evaluar,Documentar estrategia vendor/submodule y politica de actualizacion upstream.,"const SPECIAL_TOOL_MAPPINGS: Record<string, string> = {"
1215,ai-toolings/open-code/oh-my-opencode/src/tools/AGENTS.md,ai-toolings,Documento de referencia o decision,hay-que-re-evaluar,Documentar estrategia vendor/submodule y politica de actualizacion upstream.,# TOOLS KNOWLEDGE BASE
1216,ai-toolings/open-code/oh-my-opencode/src/tools/ast-grep/cli.ts,ai-toolings,Codigo fuente,hay-que-re-evaluar,Documentar estrategia vendor/submodule y politica de actualizacion upstream.,"import { spawn } from ""bun"""
1217,ai-toolings/open-code/oh-my-opencode/src/tools/ast-grep/constants.ts,ai-toolings,Codigo fuente,hay-que-re-evaluar,Documentar estrategia vendor/submodule y politica de actualizacion upstream.,"import { createRequire } from ""module"""
1218,ai-toolings/open-code/oh-my-opencode/src/tools/ast-grep/downloader.ts,ai-toolings,Codigo fuente,hay-que-re-evaluar,Documentar estrategia vendor/submodule y politica de actualizacion upstream.,"import { spawn } from ""bun"""
1219,ai-toolings/open-code/oh-my-opencode/src/tools/ast-grep/index.ts,ai-toolings,Codigo fuente,hay-que-re-evaluar,Documentar estrategia vendor/submodule y politica de actualizacion upstream.,"import type { ToolDefinition } from ""@opencode-ai/plugin"""
1220,ai-toolings/open-code/oh-my-opencode/src/tools/ast-grep/napi.ts,ai-toolings,Codigo fuente,hay-que-re-evaluar,Documentar estrategia vendor/submodule y politica de actualizacion upstream.,"import { parse, Lang } from ""@ast-grep/napi"""
1221,ai-toolings/open-code/oh-my-opencode/src/tools/ast-grep/tools.ts,ai-toolings,Codigo fuente,hay-que-re-evaluar,Documentar estrategia vendor/submodule y politica de actualizacion upstream.,"import { tool, type ToolDefinition } from ""@opencode-ai/plugin/tool"""
1222,ai-toolings/open-code/oh-my-opencode/src/tools/ast-grep/types.ts,ai-toolings,Codigo fuente,hay-que-re-evaluar,Documentar estrategia vendor/submodule y politica de actualizacion upstream.,"import type { CLI_LANGUAGES, NAPI_LANGUAGES } from ""./constants"""
1223,ai-toolings/open-code/oh-my-opencode/src/tools/ast-grep/utils.ts,ai-toolings,Codigo fuente,hay-que-re-evaluar,Documentar estrategia vendor/submodule y politica de actualizacion upstream.,"import type { AnalyzeResult, SgResult } from ""./types"""
1224,ai-toolings/open-code/oh-my-opencode/src/tools/background-task/constants.ts,ai-toolings,Codigo fuente,hay-que-re-evaluar,Documentar estrategia vendor/submodule y politica de actualizacion upstream.,export const BACKGROUND_TASK_DESCRIPTION = `Run agent task in background. Returns task_id immediately; notifies on completion.
1225,ai-toolings/open-code/oh-my-opencode/src/tools/background-task/index.ts,ai-toolings,Codigo fuente,hay-que-re-evaluar,Documentar estrategia vendor/submodule y politica de actualizacion upstream.,export {
1226,ai-toolings/open-code/oh-my-opencode/src/tools/background-task/tools.ts,ai-toolings,Codigo fuente,hay-que-re-evaluar,Documentar estrategia vendor/submodule y politica de actualizacion upstream.,"import { tool, type PluginInput, type ToolDefinition } from ""@opencode-ai/plugin"""
1227,ai-toolings/open-code/oh-my-opencode/src/tools/background-task/types.ts,ai-toolings,Codigo fuente,hay-que-re-evaluar,Documentar estrategia vendor/submodule y politica de actualizacion upstream.,export interface BackgroundTaskArgs {
1228,ai-toolings/open-code/oh-my-opencode/src/tools/call-omo-agent/constants.ts,ai-toolings,Codigo fuente,hay-que-re-evaluar,Documentar estrategia vendor/submodule y politica de actualizacion upstream.,"export const ALLOWED_AGENTS = [""explore"", ""librarian""] as const"
1229,ai-toolings/open-code/oh-my-opencode/src/tools/call-omo-agent/index.ts,ai-toolings,Codigo fuente,hay-que-re-evaluar,Documentar estrategia vendor/submodule y politica de actualizacion upstream.,"export * from ""./types"""
1230,ai-toolings/open-code/oh-my-opencode/src/tools/call-omo-agent/tools.ts,ai-toolings,Codigo fuente,hay-que-re-evaluar,Documentar estrategia vendor/submodule y politica de actualizacion upstream.,"import { tool, type PluginInput, type ToolDefinition } from ""@opencode-ai/plugin"""
1231,ai-toolings/open-code/oh-my-opencode/src/tools/call-omo-agent/types.ts,ai-toolings,Codigo fuente,hay-que-re-evaluar,Documentar estrategia vendor/submodule y politica de actualizacion upstream.,"import type { ALLOWED_AGENTS } from ""./constants"""
1232,ai-toolings/open-code/oh-my-opencode/src/tools/glob/cli.ts,ai-toolings,Codigo fuente,hay-que-re-evaluar,Documentar estrategia vendor/submodule y politica de actualizacion upstream.,"import { spawn } from ""bun"""
1233,ai-toolings/open-code/oh-my-opencode/src/tools/glob/constants.ts,ai-toolings,Codigo fuente,hay-que-re-evaluar,Documentar estrategia vendor/submodule y politica de actualizacion upstream.,"export { resolveGrepCli, resolveGrepCliWithAutoInstall, type GrepBackend } from ""../grep/constants"""
1234,ai-toolings/open-code/oh-my-opencode/src/tools/glob/index.ts,ai-toolings,Codigo fuente,hay-que-re-evaluar,Documentar estrategia vendor/submodule y politica de actualizacion upstream.,"import { glob } from ""./tools"""
1235,ai-toolings/open-code/oh-my-opencode/src/tools/glob/tools.ts,ai-toolings,Codigo fuente,hay-que-re-evaluar,Documentar estrategia vendor/submodule y politica de actualizacion upstream.,"import { tool, type ToolDefinition } from ""@opencode-ai/plugin/tool"""
1236,ai-toolings/open-code/oh-my-opencode/src/tools/glob/types.ts,ai-toolings,Codigo fuente,hay-que-re-evaluar,Documentar estrategia vendor/submodule y politica de actualizacion upstream.,export interface FileMatch {
1237,ai-toolings/open-code/oh-my-opencode/src/tools/glob/utils.ts,ai-toolings,Codigo fuente,hay-que-re-evaluar,Documentar estrategia vendor/submodule y politica de actualizacion upstream.,"import type { GlobResult } from ""./types"""
1238,ai-toolings/open-code/oh-my-opencode/src/tools/grep/cli.ts,ai-toolings,Codigo fuente,hay-que-re-evaluar,Documentar estrategia vendor/submodule y politica de actualizacion upstream.,"import { spawn } from ""bun"""
1239,ai-toolings/open-code/oh-my-opencode/src/tools/grep/constants.ts,ai-toolings,Codigo fuente,hay-que-re-evaluar,Documentar estrategia vendor/submodule y politica de actualizacion upstream.,"import { existsSync } from ""node:fs"""
1240,ai-toolings/open-code/oh-my-opencode/src/tools/grep/downloader.test.ts,ai-toolings,Codigo fuente,hay-que-re-evaluar,Documentar estrategia vendor/submodule y politica de actualizacion upstream.,"import { describe, test, expect, beforeEach, afterEach } from ""bun:test"""
1241,ai-toolings/open-code/oh-my-opencode/src/tools/grep/downloader.ts,ai-toolings,Codigo fuente,hay-que-re-evaluar,Documentar estrategia vendor/submodule y politica de actualizacion upstream.,"import { existsSync, mkdirSync, chmodSync, unlinkSync, readdirSync } from ""node:fs"""
1242,ai-toolings/open-code/oh-my-opencode/src/tools/grep/index.ts,ai-toolings,Codigo fuente,hay-que-re-evaluar,Documentar estrategia vendor/submodule y politica de actualizacion upstream.,"import { grep } from ""./tools"""
1243,ai-toolings/open-code/oh-my-opencode/src/tools/grep/tools.ts,ai-toolings,Codigo fuente,hay-que-re-evaluar,Documentar estrategia vendor/submodule y politica de actualizacion upstream.,"import { tool, type ToolDefinition } from ""@opencode-ai/plugin/tool"""
1244,ai-toolings/open-code/oh-my-opencode/src/tools/grep/types.ts,ai-toolings,Codigo fuente,hay-que-re-evaluar,Documentar estrategia vendor/submodule y politica de actualizacion upstream.,export interface GrepMatch {
1245,ai-toolings/open-code/oh-my-opencode/src/tools/grep/utils.ts,ai-toolings,Codigo fuente,hay-que-re-evaluar,Documentar estrategia vendor/submodule y politica de actualizacion upstream.,"import type { GrepResult, GrepMatch, CountResult } from ""./types"""
1246,ai-toolings/open-code/oh-my-opencode/src/tools/index.ts,ai-toolings,Codigo fuente,hay-que-re-evaluar,Documentar estrategia vendor/submodule y politica de actualizacion upstream.,import {
1247,ai-toolings/open-code/oh-my-opencode/src/tools/interactive-bash/constants.ts,ai-toolings,Codigo fuente,hay-que-re-evaluar,Documentar estrategia vendor/submodule y politica de actualizacion upstream.,export const DEFAULT_TIMEOUT_MS = 60_000
1248,ai-toolings/open-code/oh-my-opencode/src/tools/interactive-bash/index.ts,ai-toolings,Codigo fuente,hay-que-re-evaluar,Documentar estrategia vendor/submodule y politica de actualizacion upstream.,"import { interactive_bash } from ""./tools"""
1249,ai-toolings/open-code/oh-my-opencode/src/tools/interactive-bash/tools.ts,ai-toolings,Codigo fuente,hay-que-re-evaluar,Documentar estrategia vendor/submodule y politica de actualizacion upstream.,"import { tool, type ToolDefinition } from ""@opencode-ai/plugin/tool"""
1250,ai-toolings/open-code/oh-my-opencode/src/tools/interactive-bash/types.ts,ai-toolings,Codigo fuente,hay-que-re-evaluar,Documentar estrategia vendor/submodule y politica de actualizacion upstream.,export interface InteractiveBashArgs {
1251,ai-toolings/open-code/oh-my-opencode/src/tools/interactive-bash/utils.ts,ai-toolings,Codigo fuente,hay-que-re-evaluar,Documentar estrategia vendor/submodule y politica de actualizacion upstream.,"import { spawn } from ""bun"""
1252,ai-toolings/open-code/oh-my-opencode/src/tools/look-at/constants.ts,ai-toolings,Codigo fuente,hay-que-re-evaluar,Documentar estrategia vendor/submodule y politica de actualizacion upstream.,"export const MULTIMODAL_LOOKER_AGENT = ""multimodal-looker"" as const"
1253,ai-toolings/open-code/oh-my-opencode/src/tools/look-at/index.ts,ai-toolings,Codigo fuente,hay-que-re-evaluar,Documentar estrategia vendor/submodule y politica de actualizacion upstream.,"export * from ""./types"""
1254,ai-toolings/open-code/oh-my-opencode/src/tools/look-at/tools.ts,ai-toolings,Codigo fuente,hay-que-re-evaluar,Documentar estrategia vendor/submodule y politica de actualizacion upstream.,"import { extname, basename } from ""node:path"""
1255,ai-toolings/open-code/oh-my-opencode/src/tools/look-at/types.ts,ai-toolings,Codigo fuente,hay-que-re-evaluar,Documentar estrategia vendor/submodule y politica de actualizacion upstream.,export interface LookAtArgs {
1256,ai-toolings/open-code/oh-my-opencode/src/tools/lsp/client.ts,ai-toolings,Codigo fuente,hay-que-re-evaluar,Documentar estrategia vendor/submodule y politica de actualizacion upstream.,"import { spawn, type Subprocess } from ""bun"""
1257,ai-toolings/open-code/oh-my-opencode/src/tools/lsp/config.ts,ai-toolings,Codigo fuente,hay-que-re-evaluar,Documentar estrategia vendor/submodule y politica de actualizacion upstream.,"import { existsSync, readFileSync } from ""fs"""
1258,ai-toolings/open-code/oh-my-opencode/src/tools/lsp/constants.ts,ai-toolings,Codigo fuente,hay-que-re-evaluar,Documentar estrategia vendor/submodule y politica de actualizacion upstream.,"import type { LSPServerConfig } from ""./types"""
1259,ai-toolings/open-code/oh-my-opencode/src/tools/lsp/index.ts,ai-toolings,Codigo fuente,hay-que-re-evaluar,Documentar estrategia vendor/submodule y politica de actualizacion upstream.,"export * from ""./types"""
1260,ai-toolings/open-code/oh-my-opencode/src/tools/lsp/tools.ts,ai-toolings,Codigo fuente,hay-que-re-evaluar,Documentar estrategia vendor/submodule y politica de actualizacion upstream.,"import { tool, type ToolDefinition } from ""@opencode-ai/plugin/tool"""
1261,ai-toolings/open-code/oh-my-opencode/src/tools/lsp/types.ts,ai-toolings,Codigo fuente,hay-que-re-evaluar,Documentar estrategia vendor/submodule y politica de actualizacion upstream.,export interface LSPServerConfig {
1262,ai-toolings/open-code/oh-my-opencode/src/tools/lsp/utils.ts,ai-toolings,Codigo fuente,hay-que-re-evaluar,Documentar estrategia vendor/submodule y politica de actualizacion upstream.,"import { extname, resolve } from ""path"""
1263,ai-toolings/open-code/oh-my-opencode/src/tools/session-manager/constants.ts,ai-toolings,Codigo fuente,hay-que-re-evaluar,Documentar estrategia vendor/submodule y politica de actualizacion upstream.,"import { join } from ""node:path"""
1264,ai-toolings/open-code/oh-my-opencode/src/tools/session-manager/index.ts,ai-toolings,Codigo fuente,hay-que-re-evaluar,Documentar estrategia vendor/submodule y politica de actualizacion upstream.,"export * from ""./tools"""
1265,ai-toolings/open-code/oh-my-opencode/src/tools/session-manager/storage.test.ts,ai-toolings,Codigo fuente,hay-que-re-evaluar,Documentar estrategia vendor/submodule y politica de actualizacion upstream.,"import { describe, test, expect, beforeEach, afterEach, mock } from ""bun:test"""
1266,ai-toolings/open-code/oh-my-opencode/src/tools/session-manager/storage.ts,ai-toolings,Codigo fuente,hay-que-re-evaluar,Documentar estrategia vendor/submodule y politica de actualizacion upstream.,"import { existsSync, readdirSync } from ""node:fs"""
1267,ai-toolings/open-code/oh-my-opencode/src/tools/session-manager/tools.test.ts,ai-toolings,Codigo fuente,hay-que-re-evaluar,Documentar estrategia vendor/submodule y politica de actualizacion upstream.,"import { describe, test, expect } from ""bun:test"""
1268,ai-toolings/open-code/oh-my-opencode/src/tools/session-manager/tools.ts,ai-toolings,Codigo fuente,hay-que-re-evaluar,Documentar estrategia vendor/submodule y politica de actualizacion upstream.,"import { tool, type ToolDefinition } from ""@opencode-ai/plugin/tool"""
1269,ai-toolings/open-code/oh-my-opencode/src/tools/session-manager/types.ts,ai-toolings,Codigo fuente,hay-que-re-evaluar,Documentar estrategia vendor/submodule y politica de actualizacion upstream.,export interface SessionMessage {
1270,ai-toolings/open-code/oh-my-opencode/src/tools/session-manager/utils.test.ts,ai-toolings,Codigo fuente,hay-que-re-evaluar,Documentar estrategia vendor/submodule y politica de actualizacion upstream.,"import { describe, test, expect } from ""bun:test"""
1271,ai-toolings/open-code/oh-my-opencode/src/tools/session-manager/utils.ts,ai-toolings,Codigo fuente,hay-que-re-evaluar,Documentar estrategia vendor/submodule y politica de actualizacion upstream.,"import type { SessionInfo, SessionMessage, SearchResult } from ""./types"""
1272,ai-toolings/open-code/oh-my-opencode/src/tools/skill-mcp/constants.ts,ai-toolings,Codigo fuente,hay-que-re-evaluar,Documentar estrategia vendor/submodule y politica de actualizacion upstream.,"export const SKILL_MCP_TOOL_NAME = ""skill_mcp"""
1273,ai-toolings/open-code/oh-my-opencode/src/tools/skill-mcp/index.ts,ai-toolings,Codigo fuente,hay-que-re-evaluar,Documentar estrategia vendor/submodule y politica de actualizacion upstream.,"export * from ""./constants"""
1274,ai-toolings/open-code/oh-my-opencode/src/tools/skill-mcp/tools.test.ts,ai-toolings,Codigo fuente,hay-que-re-evaluar,Documentar estrategia vendor/submodule y politica de actualizacion upstream.,"import { describe, it, expect, beforeEach, mock } from ""bun:test"""
1275,ai-toolings/open-code/oh-my-opencode/src/tools/skill-mcp/tools.ts,ai-toolings,Codigo fuente,hay-que-re-evaluar,Documentar estrategia vendor/submodule y politica de actualizacion upstream.,"import { tool, type ToolDefinition } from ""@opencode-ai/plugin"""
1276,ai-toolings/open-code/oh-my-opencode/src/tools/skill-mcp/types.ts,ai-toolings,Codigo fuente,hay-que-re-evaluar,Documentar estrategia vendor/submodule y politica de actualizacion upstream.,export interface SkillMcpArgs {
1277,ai-toolings/open-code/oh-my-opencode/src/tools/skill/constants.ts,ai-toolings,Codigo fuente,hay-que-re-evaluar,Documentar estrategia vendor/submodule y politica de actualizacion upstream.,"export const TOOL_NAME = ""skill"" as const"
1278,ai-toolings/open-code/oh-my-opencode/src/tools/skill/index.ts,ai-toolings,Codigo fuente,hay-que-re-evaluar,Documentar estrategia vendor/submodule y politica de actualizacion upstream.,"export * from ""./constants"""
1279,ai-toolings/open-code/oh-my-opencode/src/tools/skill/tools.test.ts,ai-toolings,Codigo fuente,hay-que-re-evaluar,Documentar estrategia vendor/submodule y politica de actualizacion upstream.,"import { describe, it, expect, beforeEach, mock, spyOn } from ""bun:test"""
1280,ai-toolings/open-code/oh-my-opencode/src/tools/skill/tools.ts,ai-toolings,Codigo fuente,hay-que-re-evaluar,Documentar estrategia vendor/submodule y politica de actualizacion upstream.,"import { dirname } from ""node:path"""
1281,ai-toolings/open-code/oh-my-opencode/src/tools/skill/types.ts,ai-toolings,Codigo fuente,hay-que-re-evaluar,Documentar estrategia vendor/submodule y politica de actualizacion upstream.,"import type { SkillScope, LoadedSkill } from ""../../features/opencode-skill-loader/types"""
1282,ai-toolings/open-code/oh-my-opencode/src/tools/slashcommand/index.ts,ai-toolings,Codigo fuente,hay-que-re-evaluar,Documentar estrategia vendor/submodule y politica de actualizacion upstream.,"export * from ""./types"""
1283,ai-toolings/open-code/oh-my-opencode/src/tools/slashcommand/tools.ts,ai-toolings,Codigo fuente,hay-que-re-evaluar,Documentar estrategia vendor/submodule y politica de actualizacion upstream.,"import { tool, type ToolDefinition } from ""@opencode-ai/plugin"""
1284,ai-toolings/open-code/oh-my-opencode/src/tools/slashcommand/types.ts,ai-toolings,Codigo fuente,hay-que-re-evaluar,Documentar estrategia vendor/submodule y politica de actualizacion upstream.,"export type CommandScope = ""builtin"" | ""config"" | ""user"" | ""project"" | ""opencode"" | ""opencode-project"""
1285,ai-toolings/open-code/oh-my-opencode/tsconfig.json,ai-toolings,Archivo de configuracion,hay-que-re-evaluar,Documentar estrategia vendor/submodule y politica de actualizacion upstream.,{
1286,archive/project_docs/README.md,archive,Documento de referencia o decision,deprecar,Definir politica de retencion/purga; no usar como fuente de verdad.,# Archive: project_docs artifacts
1287,archive/project_docs/prompts/scripts/split/rust/target/.rustc_info.json,archive,Archivo de configuracion,deprecar,Definir politica de retencion/purga; no usar como fuente de verdad.,"{""rustc_fingerprint"":10179276256730899097,""outputs"":{""17747080675513052775"":{""success"":true,""status"":"""",""code"":0,""stdout"":""rustc 1.86.0 (05f"
1288,archive/project_docs/prompts/scripts/split/rust/target/CACHEDIR.TAG,archive,Retencion historica fuera del canon activo,deprecar,Definir politica de retencion/purga; no usar como fuente de verdad.,-
1289,archive/project_docs/prompts/scripts/split/rust/target/debug/.cargo-lock,archive,Retencion historica fuera del canon activo,deprecar,Definir politica de retencion/purga; no usar como fuente de verdad.,-
1290,archive/project_docs/prompts/scripts/split/rust/target/debug/.fingerprint/aho-corasick-22468b519d0c9d77/dep-lib-aho_corasick,archive,Retencion historica fuera del canon activo,deprecar,Definir politica de retencion/purga; no usar como fuente de verdad.,-
1291,archive/project_docs/prompts/scripts/split/rust/target/debug/.fingerprint/aho-corasick-22468b519d0c9d77/invoked.timestamp,archive,Retencion historica fuera del canon activo,deprecar,Definir politica de retencion/purga; no usar como fuente de verdad.,-
1292,archive/project_docs/prompts/scripts/split/rust/target/debug/.fingerprint/aho-corasick-22468b519d0c9d77/lib-aho_corasick,archive,Retencion historica fuera del canon activo,deprecar,Definir politica de retencion/purga; no usar como fuente de verdad.,-
1293,archive/project_docs/prompts/scripts/split/rust/target/debug/.fingerprint/aho-corasick-22468b519d0c9d77/lib-aho_corasick.json,archive,Archivo de configuracion,deprecar,Definir politica de retencion/purga; no usar como fuente de verdad.,"{""rustc"":5357548097637079788,""features"":""[\""perf-literal\"", \""std\""]"",""declared_features"":""[\""default\"", \""logging\"", \""perf-literal\"", \""st"
1294,archive/project_docs/prompts/scripts/split/rust/target/debug/.fingerprint/aho-corasick-44e93708b002d610/dep-lib-aho_corasick,archive,Retencion historica fuera del canon activo,deprecar,Definir politica de retencion/purga; no usar como fuente de verdad.,-
1295,archive/project_docs/prompts/scripts/split/rust/target/debug/.fingerprint/aho-corasick-44e93708b002d610/invoked.timestamp,archive,Retencion historica fuera del canon activo,deprecar,Definir politica de retencion/purga; no usar como fuente de verdad.,-
1296,archive/project_docs/prompts/scripts/split/rust/target/debug/.fingerprint/aho-corasick-44e93708b002d610/lib-aho_corasick,archive,Retencion historica fuera del canon activo,deprecar,Definir politica de retencion/purga; no usar como fuente de verdad.,-
1297,archive/project_docs/prompts/scripts/split/rust/target/debug/.fingerprint/aho-corasick-44e93708b002d610/lib-aho_corasick.json,archive,Archivo de configuracion,deprecar,Definir politica de retencion/purga; no usar como fuente de verdad.,"{""rustc"":5357548097637079788,""features"":""[\""perf-literal\"", \""std\""]"",""declared_features"":""[\""default\"", \""logging\"", \""perf-literal\"", \""st"
1298,archive/project_docs/prompts/scripts/split/rust/target/debug/.fingerprint/itoa-36caf02d1b5ac4cf/dep-lib-itoa,archive,Retencion historica fuera del canon activo,deprecar,Definir politica de retencion/purga; no usar como fuente de verdad.,-
1299,archive/project_docs/prompts/scripts/split/rust/target/debug/.fingerprint/itoa-36caf02d1b5ac4cf/invoked.timestamp,archive,Retencion historica fuera del canon activo,deprecar,Definir politica de retencion/purga; no usar como fuente de verdad.,-
1300,archive/project_docs/prompts/scripts/split/rust/target/debug/.fingerprint/itoa-36caf02d1b5ac4cf/lib-itoa,archive,Retencion historica fuera del canon activo,deprecar,Definir politica de retencion/purga; no usar como fuente de verdad.,-
1301,archive/project_docs/prompts/scripts/split/rust/target/debug/.fingerprint/itoa-36caf02d1b5ac4cf/lib-itoa.json,archive,Archivo de configuracion,deprecar,Definir politica de retencion/purga; no usar como fuente de verdad.,"{""rustc"":5357548097637079788,""features"":""[]"",""declared_features"":""[\""no-panic\""]"",""target"":8239509073162986830,""profile"":8276155916380437441"
1302,archive/project_docs/prompts/scripts/split/rust/target/debug/.fingerprint/itoa-c5a312a53a9b920f/dep-lib-itoa,archive,Retencion historica fuera del canon activo,deprecar,Definir politica de retencion/purga; no usar como fuente de verdad.,-
1303,archive/project_docs/prompts/scripts/split/rust/target/debug/.fingerprint/itoa-c5a312a53a9b920f/invoked.timestamp,archive,Retencion historica fuera del canon activo,deprecar,Definir politica de retencion/purga; no usar como fuente de verdad.,-
1304,archive/project_docs/prompts/scripts/split/rust/target/debug/.fingerprint/itoa-c5a312a53a9b920f/lib-itoa,archive,Retencion historica fuera del canon activo,deprecar,Definir politica de retencion/purga; no usar como fuente de verdad.,-
1305,archive/project_docs/prompts/scripts/split/rust/target/debug/.fingerprint/itoa-c5a312a53a9b920f/lib-itoa.json,archive,Archivo de configuracion,deprecar,Definir politica de retencion/purga; no usar como fuente de verdad.,"{""rustc"":5357548097637079788,""features"":""[]"",""declared_features"":""[\""no-panic\""]"",""target"":8239509073162986830,""profile"":5347358027863023418"
1306,archive/project_docs/prompts/scripts/split/rust/target/debug/.fingerprint/memchr-372bcde98186c328/dep-lib-memchr,archive,Retencion historica fuera del canon activo,deprecar,Definir politica de retencion/purga; no usar como fuente de verdad.,-
1307,archive/project_docs/prompts/scripts/split/rust/target/debug/.fingerprint/memchr-372bcde98186c328/invoked.timestamp,archive,Retencion historica fuera del canon activo,deprecar,Definir politica de retencion/purga; no usar como fuente de verdad.,-
1308,archive/project_docs/prompts/scripts/split/rust/target/debug/.fingerprint/memchr-372bcde98186c328/lib-memchr,archive,Retencion historica fuera del canon activo,deprecar,Definir politica de retencion/purga; no usar como fuente de verdad.,-
1309,archive/project_docs/prompts/scripts/split/rust/target/debug/.fingerprint/memchr-372bcde98186c328/lib-memchr.json,archive,Archivo de configuracion,deprecar,Definir politica de retencion/purga; no usar como fuente de verdad.,"{""rustc"":5357548097637079788,""features"":""[\""alloc\"", \""std\""]"",""declared_features"":""[\""alloc\"", \""core\"", \""default\"", \""libc\"", \""logging\"""
1310,archive/project_docs/prompts/scripts/split/rust/target/debug/.fingerprint/memchr-d4596d60a1a4f622/dep-lib-memchr,archive,Retencion historica fuera del canon activo,deprecar,Definir politica de retencion/purga; no usar como fuente de verdad.,-
1311,archive/project_docs/prompts/scripts/split/rust/target/debug/.fingerprint/memchr-d4596d60a1a4f622/invoked.timestamp,archive,Retencion historica fuera del canon activo,deprecar,Definir politica de retencion/purga; no usar como fuente de verdad.,-
1312,archive/project_docs/prompts/scripts/split/rust/target/debug/.fingerprint/memchr-d4596d60a1a4f622/lib-memchr,archive,Retencion historica fuera del canon activo,deprecar,Definir politica de retencion/purga; no usar como fuente de verdad.,-
1313,archive/project_docs/prompts/scripts/split/rust/target/debug/.fingerprint/memchr-d4596d60a1a4f622/lib-memchr.json,archive,Archivo de configuracion,deprecar,Definir politica de retencion/purga; no usar como fuente de verdad.,"{""rustc"":5357548097637079788,""features"":""[\""alloc\"", \""std\""]"",""declared_features"":""[\""alloc\"", \""core\"", \""default\"", \""libc\"", \""logging\"""
1314,archive/project_docs/prompts/scripts/split/rust/target/debug/.fingerprint/proc-macro2-1047f239770a6b4b/run-build-script-build-script-build,archive,Retencion historica fuera del canon activo,deprecar,Definir politica de retencion/purga; no usar como fuente de verdad.,-
1315,archive/project_docs/prompts/scripts/split/rust/target/debug/.fingerprint/proc-macro2-1047f239770a6b4b/run-build-script-build-script-build.json,archive,Archivo de configuracion,deprecar,Definir politica de retencion/purga; no usar como fuente de verdad.,"{""rustc"":5357548097637079788,""features"":"""",""declared_features"":"""",""target"":0,""profile"":0,""path"":0,""deps"":[[3060637413840920116,""build_script"
1316,archive/project_docs/prompts/scripts/split/rust/target/debug/.fingerprint/proc-macro2-dfcd06dc884606a1/dep-lib-proc_macro2,archive,Retencion historica fuera del canon activo,deprecar,Definir politica de retencion/purga; no usar como fuente de verdad.,-
1317,archive/project_docs/prompts/scripts/split/rust/target/debug/.fingerprint/proc-macro2-dfcd06dc884606a1/invoked.timestamp,archive,Retencion historica fuera del canon activo,deprecar,Definir politica de retencion/purga; no usar como fuente de verdad.,-
1318,archive/project_docs/prompts/scripts/split/rust/target/debug/.fingerprint/proc-macro2-dfcd06dc884606a1/lib-proc_macro2,archive,Retencion historica fuera del canon activo,deprecar,Definir politica de retencion/purga; no usar como fuente de verdad.,-
1319,archive/project_docs/prompts/scripts/split/rust/target/debug/.fingerprint/proc-macro2-dfcd06dc884606a1/lib-proc_macro2.json,archive,Archivo de configuracion,deprecar,Definir politica de retencion/purga; no usar como fuente de verdad.,"{""rustc"":5357548097637079788,""features"":""[\""proc-macro\""]"",""declared_features"":""[\""default\"", \""nightly\"", \""proc-macro\"", \""span-locations\"
1320,archive/project_docs/prompts/scripts/split/rust/target/debug/.fingerprint/proc-macro2-e842d8e55adb60b1/build-script-build-script-build,archive,Retencion historica fuera del canon activo,deprecar,Definir politica de retencion/purga; no usar como fuente de verdad.,-
1321,archive/project_docs/prompts/scripts/split/rust/target/debug/.fingerprint/proc-macro2-e842d8e55adb60b1/build-script-build-script-build.json,archive,Archivo de configuracion,deprecar,Definir politica de retencion/purga; no usar como fuente de verdad.,"{""rustc"":5357548097637079788,""features"":""[\""proc-macro\""]"",""declared_features"":""[\""default\"", \""nightly\"", \""proc-macro\"", \""span-locations\"
1322,archive/project_docs/prompts/scripts/split/rust/target/debug/.fingerprint/proc-macro2-e842d8e55adb60b1/dep-build-script-build-script-build,archive,Retencion historica fuera del canon activo,deprecar,Definir politica de retencion/purga; no usar como fuente de verdad.,-
1323,archive/project_docs/prompts/scripts/split/rust/target/debug/.fingerprint/proc-macro2-e842d8e55adb60b1/invoked.timestamp,archive,Retencion historica fuera del canon activo,deprecar,Definir politica de retencion/purga; no usar como fuente de verdad.,-
1324,archive/project_docs/prompts/scripts/split/rust/target/debug/.fingerprint/quote-11a7f1ef1d0ff04e/dep-lib-quote,archive,Retencion historica fuera del canon activo,deprecar,Definir politica de retencion/purga; no usar como fuente de verdad.,-
1325,archive/project_docs/prompts/scripts/split/rust/target/debug/.fingerprint/quote-11a7f1ef1d0ff04e/invoked.timestamp,archive,Retencion historica fuera del canon activo,deprecar,Definir politica de retencion/purga; no usar como fuente de verdad.,-
1326,archive/project_docs/prompts/scripts/split/rust/target/debug/.fingerprint/quote-11a7f1ef1d0ff04e/lib-quote,archive,Retencion historica fuera del canon activo,deprecar,Definir politica de retencion/purga; no usar como fuente de verdad.,-
1327,archive/project_docs/prompts/scripts/split/rust/target/debug/.fingerprint/quote-11a7f1ef1d0ff04e/lib-quote.json,archive,Archivo de configuracion,deprecar,Definir politica de retencion/purga; no usar como fuente de verdad.,"{""rustc"":5357548097637079788,""features"":""[\""proc-macro\""]"",""declared_features"":""[\""default\"", \""proc-macro\""]"",""target"":3570458776599611685,"
1328,archive/project_docs/prompts/scripts/split/rust/target/debug/.fingerprint/regex-0bb04fb969741ace/dep-lib-regex,archive,Retencion historica fuera del canon activo,deprecar,Definir politica de retencion/purga; no usar como fuente de verdad.,-
1329,archive/project_docs/prompts/scripts/split/rust/target/debug/.fingerprint/regex-0bb04fb969741ace/invoked.timestamp,archive,Retencion historica fuera del canon activo,deprecar,Definir politica de retencion/purga; no usar como fuente de verdad.,-
1330,archive/project_docs/prompts/scripts/split/rust/target/debug/.fingerprint/regex-0bb04fb969741ace/lib-regex,archive,Retencion historica fuera del canon activo,deprecar,Definir politica de retencion/purga; no usar como fuente de verdad.,-
1331,archive/project_docs/prompts/scripts/split/rust/target/debug/.fingerprint/regex-0bb04fb969741ace/lib-regex.json,archive,Archivo de configuracion,deprecar,Definir politica de retencion/purga; no usar como fuente de verdad.,"{""rustc"":5357548097637079788,""features"":""[\""default\"", \""perf\"", \""perf-backtrack\"", \""perf-cache\"", \""perf-dfa\"", \""perf-inline\"", \""perf-l"
1332,archive/project_docs/prompts/scripts/split/rust/target/debug/.fingerprint/regex-4fde37e96e9f3a6c/dep-lib-regex,archive,Retencion historica fuera del canon activo,deprecar,Definir politica de retencion/purga; no usar como fuente de verdad.,-
1333,archive/project_docs/prompts/scripts/split/rust/target/debug/.fingerprint/regex-4fde37e96e9f3a6c/invoked.timestamp,archive,Retencion historica fuera del canon activo,deprecar,Definir politica de retencion/purga; no usar como fuente de verdad.,-
1334,archive/project_docs/prompts/scripts/split/rust/target/debug/.fingerprint/regex-4fde37e96e9f3a6c/lib-regex,archive,Retencion historica fuera del canon activo,deprecar,Definir politica de retencion/purga; no usar como fuente de verdad.,-
1335,archive/project_docs/prompts/scripts/split/rust/target/debug/.fingerprint/regex-4fde37e96e9f3a6c/lib-regex.json,archive,Archivo de configuracion,deprecar,Definir politica de retencion/purga; no usar como fuente de verdad.,"{""rustc"":5357548097637079788,""features"":""[\""default\"", \""perf\"", \""perf-backtrack\"", \""perf-cache\"", \""perf-dfa\"", \""perf-inline\"", \""perf-l"
1336,archive/project_docs/prompts/scripts/split/rust/target/debug/.fingerprint/regex-automata-796ff7829ce75a2a/dep-lib-regex_automata,archive,Retencion historica fuera del canon activo,deprecar,Definir politica de retencion/purga; no usar como fuente de verdad.,-
1337,archive/project_docs/prompts/scripts/split/rust/target/debug/.fingerprint/regex-automata-796ff7829ce75a2a/invoked.timestamp,archive,Retencion historica fuera del canon activo,deprecar,Definir politica de retencion/purga; no usar como fuente de verdad.,-
1338,archive/project_docs/prompts/scripts/split/rust/target/debug/.fingerprint/regex-automata-796ff7829ce75a2a/lib-regex_automata,archive,Retencion historica fuera del canon activo,deprecar,Definir politica de retencion/purga; no usar como fuente de verdad.,-
1339,archive/project_docs/prompts/scripts/split/rust/target/debug/.fingerprint/regex-automata-796ff7829ce75a2a/lib-regex_automata.json,archive,Archivo de configuracion,deprecar,Definir politica de retencion/purga; no usar como fuente de verdad.,"{""rustc"":5357548097637079788,""features"":""[\""alloc\"", \""dfa-onepass\"", \""hybrid\"", \""meta\"", \""nfa-backtrack\"", \""nfa-pikevm\"", \""nfa-thompso"
1340,archive/project_docs/prompts/scripts/split/rust/target/debug/.fingerprint/regex-automata-fec9efe711b15d3f/dep-lib-regex_automata,archive,Retencion historica fuera del canon activo,deprecar,Definir politica de retencion/purga; no usar como fuente de verdad.,-
1341,archive/project_docs/prompts/scripts/split/rust/target/debug/.fingerprint/regex-automata-fec9efe711b15d3f/invoked.timestamp,archive,Retencion historica fuera del canon activo,deprecar,Definir politica de retencion/purga; no usar como fuente de verdad.,-
1342,archive/project_docs/prompts/scripts/split/rust/target/debug/.fingerprint/regex-automata-fec9efe711b15d3f/lib-regex_automata,archive,Retencion historica fuera del canon activo,deprecar,Definir politica de retencion/purga; no usar como fuente de verdad.,-
1343,archive/project_docs/prompts/scripts/split/rust/target/debug/.fingerprint/regex-automata-fec9efe711b15d3f/lib-regex_automata.json,archive,Archivo de configuracion,deprecar,Definir politica de retencion/purga; no usar como fuente de verdad.,"{""rustc"":5357548097637079788,""features"":""[\""alloc\"", \""dfa-onepass\"", \""hybrid\"", \""meta\"", \""nfa-backtrack\"", \""nfa-pikevm\"", \""nfa-thompso"
1344,archive/project_docs/prompts/scripts/split/rust/target/debug/.fingerprint/regex-syntax-039b399919f8526d/dep-lib-regex_syntax,archive,Retencion historica fuera del canon activo,deprecar,Definir politica de retencion/purga; no usar como fuente de verdad.,-
1345,archive/project_docs/prompts/scripts/split/rust/target/debug/.fingerprint/regex-syntax-039b399919f8526d/invoked.timestamp,archive,Retencion historica fuera del canon activo,deprecar,Definir politica de retencion/purga; no usar como fuente de verdad.,-
1346,archive/project_docs/prompts/scripts/split/rust/target/debug/.fingerprint/regex-syntax-039b399919f8526d/lib-regex_syntax,archive,Retencion historica fuera del canon activo,deprecar,Definir politica de retencion/purga; no usar como fuente de verdad.,-
1347,archive/project_docs/prompts/scripts/split/rust/target/debug/.fingerprint/regex-syntax-039b399919f8526d/lib-regex_syntax.json,archive,Archivo de configuracion,deprecar,Definir politica de retencion/purga; no usar como fuente de verdad.,"{""rustc"":5357548097637079788,""features"":""[\""default\"", \""std\"", \""unicode\"", \""unicode-age\"", \""unicode-bool\"", \""unicode-case\"", \""unicode-"
1348,archive/project_docs/prompts/scripts/split/rust/target/debug/.fingerprint/regex-syntax-420eecd831246af5/dep-lib-regex_syntax,archive,Retencion historica fuera del canon activo,deprecar,Definir politica de retencion/purga; no usar como fuente de verdad.,-
1349,archive/project_docs/prompts/scripts/split/rust/target/debug/.fingerprint/regex-syntax-420eecd831246af5/invoked.timestamp,archive,Retencion historica fuera del canon activo,deprecar,Definir politica de retencion/purga; no usar como fuente de verdad.,-
1350,archive/project_docs/prompts/scripts/split/rust/target/debug/.fingerprint/regex-syntax-420eecd831246af5/lib-regex_syntax,archive,Retencion historica fuera del canon activo,deprecar,Definir politica de retencion/purga; no usar como fuente de verdad.,-
1351,archive/project_docs/prompts/scripts/split/rust/target/debug/.fingerprint/regex-syntax-420eecd831246af5/lib-regex_syntax.json,archive,Archivo de configuracion,deprecar,Definir politica de retencion/purga; no usar como fuente de verdad.,"{""rustc"":5357548097637079788,""features"":""[\""default\"", \""std\"", \""unicode\"", \""unicode-age\"", \""unicode-bool\"", \""unicode-case\"", \""unicode-"
1352,archive/project_docs/prompts/scripts/split/rust/target/debug/.fingerprint/ryu-59d5a6846910370c/dep-lib-ryu,archive,Retencion historica fuera del canon activo,deprecar,Definir politica de retencion/purga; no usar como fuente de verdad.,-
1353,archive/project_docs/prompts/scripts/split/rust/target/debug/.fingerprint/ryu-59d5a6846910370c/invoked.timestamp,archive,Retencion historica fuera del canon activo,deprecar,Definir politica de retencion/purga; no usar como fuente de verdad.,-
1354,archive/project_docs/prompts/scripts/split/rust/target/debug/.fingerprint/ryu-59d5a6846910370c/lib-ryu,archive,Retencion historica fuera del canon activo,deprecar,Definir politica de retencion/purga; no usar como fuente de verdad.,-
1355,archive/project_docs/prompts/scripts/split/rust/target/debug/.fingerprint/ryu-59d5a6846910370c/lib-ryu.json,archive,Archivo de configuracion,deprecar,Definir politica de retencion/purga; no usar como fuente de verdad.,"{""rustc"":5357548097637079788,""features"":""[]"",""declared_features"":""[\""no-panic\"", \""small\""]"",""target"":8955674961151483972,""profile"":53473580"
1356,archive/project_docs/prompts/scripts/split/rust/target/debug/.fingerprint/ryu-da4bbc761d9566d2/dep-lib-ryu,archive,Retencion historica fuera del canon activo,deprecar,Definir politica de retencion/purga; no usar como fuente de verdad.,-
1357,archive/project_docs/prompts/scripts/split/rust/target/debug/.fingerprint/ryu-da4bbc761d9566d2/invoked.timestamp,archive,Retencion historica fuera del canon activo,deprecar,Definir politica de retencion/purga; no usar como fuente de verdad.,-
1358,archive/project_docs/prompts/scripts/split/rust/target/debug/.fingerprint/ryu-da4bbc761d9566d2/lib-ryu,archive,Retencion historica fuera del canon activo,deprecar,Definir politica de retencion/purga; no usar como fuente de verdad.,-
1359,archive/project_docs/prompts/scripts/split/rust/target/debug/.fingerprint/ryu-da4bbc761d9566d2/lib-ryu.json,archive,Archivo de configuracion,deprecar,Definir politica de retencion/purga; no usar como fuente de verdad.,"{""rustc"":5357548097637079788,""features"":""[]"",""declared_features"":""[\""no-panic\"", \""small\""]"",""target"":8955674961151483972,""profile"":82761559"
1360,archive/project_docs/prompts/scripts/split/rust/target/debug/.fingerprint/serde-07caf9b62fb077c3/dep-lib-serde,archive,Retencion historica fuera del canon activo,deprecar,Definir politica de retencion/purga; no usar como fuente de verdad.,-
1361,archive/project_docs/prompts/scripts/split/rust/target/debug/.fingerprint/serde-07caf9b62fb077c3/invoked.timestamp,archive,Retencion historica fuera del canon activo,deprecar,Definir politica de retencion/purga; no usar como fuente de verdad.,-
1362,archive/project_docs/prompts/scripts/split/rust/target/debug/.fingerprint/serde-07caf9b62fb077c3/lib-serde,archive,Retencion historica fuera del canon activo,deprecar,Definir politica de retencion/purga; no usar como fuente de verdad.,-
1363,archive/project_docs/prompts/scripts/split/rust/target/debug/.fingerprint/serde-07caf9b62fb077c3/lib-serde.json,archive,Archivo de configuracion,deprecar,Definir politica de retencion/purga; no usar como fuente de verdad.,"{""rustc"":5357548097637079788,""features"":""[\""default\"", \""derive\"", \""serde_derive\"", \""std\""]"",""declared_features"":""[\""alloc\"", \""default\"","
1364,archive/project_docs/prompts/scripts/split/rust/target/debug/.fingerprint/serde-bfb6e46d1d35eeee/run-build-script-build-script-build,archive,Retencion historica fuera del canon activo,deprecar,Definir politica de retencion/purga; no usar como fuente de verdad.,-
1365,archive/project_docs/prompts/scripts/split/rust/target/debug/.fingerprint/serde-bfb6e46d1d35eeee/run-build-script-build-script-build.json,archive,Archivo de configuracion,deprecar,Definir politica de retencion/purga; no usar como fuente de verdad.,"{""rustc"":5357548097637079788,""features"":"""",""declared_features"":"""",""target"":0,""profile"":0,""path"":0,""deps"":[[9689903380558560274,""build_script"
1366,archive/project_docs/prompts/scripts/split/rust/target/debug/.fingerprint/serde-dcd1cbd1b95c49a3/dep-lib-serde,archive,Retencion historica fuera del canon activo,deprecar,Definir politica de retencion/purga; no usar como fuente de verdad.,-
1367,archive/project_docs/prompts/scripts/split/rust/target/debug/.fingerprint/serde-dcd1cbd1b95c49a3/invoked.timestamp,archive,Retencion historica fuera del canon activo,deprecar,Definir politica de retencion/purga; no usar como fuente de verdad.,-
1368,archive/project_docs/prompts/scripts/split/rust/target/debug/.fingerprint/serde-dcd1cbd1b95c49a3/lib-serde,archive,Retencion historica fuera del canon activo,deprecar,Definir politica de retencion/purga; no usar como fuente de verdad.,-
1369,archive/project_docs/prompts/scripts/split/rust/target/debug/.fingerprint/serde-dcd1cbd1b95c49a3/lib-serde.json,archive,Archivo de configuracion,deprecar,Definir politica de retencion/purga; no usar como fuente de verdad.,"{""rustc"":5357548097637079788,""features"":""[\""default\"", \""derive\"", \""serde_derive\"", \""std\""]"",""declared_features"":""[\""alloc\"", \""default\"","
1370,archive/project_docs/prompts/scripts/split/rust/target/debug/.fingerprint/serde-f65cd8be83d008c6/build-script-build-script-build,archive,Retencion historica fuera del canon activo,deprecar,Definir politica de retencion/purga; no usar como fuente de verdad.,-
1371,archive/project_docs/prompts/scripts/split/rust/target/debug/.fingerprint/serde-f65cd8be83d008c6/build-script-build-script-build.json,archive,Archivo de configuracion,deprecar,Definir politica de retencion/purga; no usar como fuente de verdad.,"{""rustc"":5357548097637079788,""features"":""[\""default\"", \""derive\"", \""serde_derive\"", \""std\""]"",""declared_features"":""[\""alloc\"", \""default\"","
1372,archive/project_docs/prompts/scripts/split/rust/target/debug/.fingerprint/serde-f65cd8be83d008c6/dep-build-script-build-script-build,archive,Retencion historica fuera del canon activo,deprecar,Definir politica de retencion/purga; no usar como fuente de verdad.,-
1373,archive/project_docs/prompts/scripts/split/rust/target/debug/.fingerprint/serde-f65cd8be83d008c6/invoked.timestamp,archive,Retencion historica fuera del canon activo,deprecar,Definir politica de retencion/purga; no usar como fuente de verdad.,-
1374,archive/project_docs/prompts/scripts/split/rust/target/debug/.fingerprint/serde_derive-424c21cc97a34796/dep-lib-serde_derive,archive,Retencion historica fuera del canon activo,deprecar,Definir politica de retencion/purga; no usar como fuente de verdad.,-
1375,archive/project_docs/prompts/scripts/split/rust/target/debug/.fingerprint/serde_derive-424c21cc97a34796/invoked.timestamp,archive,Retencion historica fuera del canon activo,deprecar,Definir politica de retencion/purga; no usar como fuente de verdad.,-
1376,archive/project_docs/prompts/scripts/split/rust/target/debug/.fingerprint/serde_derive-424c21cc97a34796/lib-serde_derive,archive,Retencion historica fuera del canon activo,deprecar,Definir politica de retencion/purga; no usar como fuente de verdad.,-
1377,archive/project_docs/prompts/scripts/split/rust/target/debug/.fingerprint/serde_derive-424c21cc97a34796/lib-serde_derive.json,archive,Archivo de configuracion,deprecar,Definir politica de retencion/purga; no usar como fuente de verdad.,"{""rustc"":5357548097637079788,""features"":""[\""default\""]"",""declared_features"":""[\""default\"", \""deserialize_in_place\""]"",""target"":1502109978457"
1378,archive/project_docs/prompts/scripts/split/rust/target/debug/.fingerprint/serde_json-240712c87f497970/dep-lib-serde_json,archive,Retencion historica fuera del canon activo,deprecar,Definir politica de retencion/purga; no usar como fuente de verdad.,-
1379,archive/project_docs/prompts/scripts/split/rust/target/debug/.fingerprint/serde_json-240712c87f497970/invoked.timestamp,archive,Retencion historica fuera del canon activo,deprecar,Definir politica de retencion/purga; no usar como fuente de verdad.,-
1380,archive/project_docs/prompts/scripts/split/rust/target/debug/.fingerprint/serde_json-240712c87f497970/lib-serde_json,archive,Retencion historica fuera del canon activo,deprecar,Definir politica de retencion/purga; no usar como fuente de verdad.,-
1381,archive/project_docs/prompts/scripts/split/rust/target/debug/.fingerprint/serde_json-240712c87f497970/lib-serde_json.json,archive,Archivo de configuracion,deprecar,Definir politica de retencion/purga; no usar como fuente de verdad.,"{""rustc"":5357548097637079788,""features"":""[\""default\"", \""std\""]"",""declared_features"":""[\""alloc\"", \""arbitrary_precision\"", \""default\"", \""fl"
1382,archive/project_docs/prompts/scripts/split/rust/target/debug/.fingerprint/serde_json-c6472442d4b7b2ac/dep-lib-serde_json,archive,Retencion historica fuera del canon activo,deprecar,Definir politica de retencion/purga; no usar como fuente de verdad.,-
1383,archive/project_docs/prompts/scripts/split/rust/target/debug/.fingerprint/serde_json-c6472442d4b7b2ac/invoked.timestamp,archive,Retencion historica fuera del canon activo,deprecar,Definir politica de retencion/purga; no usar como fuente de verdad.,-
1384,archive/project_docs/prompts/scripts/split/rust/target/debug/.fingerprint/serde_json-c6472442d4b7b2ac/lib-serde_json,archive,Retencion historica fuera del canon activo,deprecar,Definir politica de retencion/purga; no usar como fuente de verdad.,-
1385,archive/project_docs/prompts/scripts/split/rust/target/debug/.fingerprint/serde_json-c6472442d4b7b2ac/lib-serde_json.json,archive,Archivo de configuracion,deprecar,Definir politica de retencion/purga; no usar como fuente de verdad.,"{""rustc"":5357548097637079788,""features"":""[\""default\"", \""std\""]"",""declared_features"":""[\""alloc\"", \""arbitrary_precision\"", \""default\"", \""fl"
1386,archive/project_docs/prompts/scripts/split/rust/target/debug/.fingerprint/serde_json-dd624d72dfa7b013/build-script-build-script-build,archive,Retencion historica fuera del canon activo,deprecar,Definir politica de retencion/purga; no usar como fuente de verdad.,-
1387,archive/project_docs/prompts/scripts/split/rust/target/debug/.fingerprint/serde_json-dd624d72dfa7b013/build-script-build-script-build.json,archive,Archivo de configuracion,deprecar,Definir politica de retencion/purga; no usar como fuente de verdad.,"{""rustc"":5357548097637079788,""features"":""[\""default\"", \""std\""]"",""declared_features"":""[\""alloc\"", \""arbitrary_precision\"", \""default\"", \""fl"
1388,archive/project_docs/prompts/scripts/split/rust/target/debug/.fingerprint/serde_json-dd624d72dfa7b013/dep-build-script-build-script-build,archive,Retencion historica fuera del canon activo,deprecar,Definir politica de retencion/purga; no usar como fuente de verdad.,-
1389,archive/project_docs/prompts/scripts/split/rust/target/debug/.fingerprint/serde_json-dd624d72dfa7b013/invoked.timestamp,archive,Retencion historica fuera del canon activo,deprecar,Definir politica de retencion/purga; no usar como fuente de verdad.,-
1390,archive/project_docs/prompts/scripts/split/rust/target/debug/.fingerprint/serde_json-ee96b9867188fc9b/run-build-script-build-script-build,archive,Retencion historica fuera del canon activo,deprecar,Definir politica de retencion/purga; no usar como fuente de verdad.,-
1391,archive/project_docs/prompts/scripts/split/rust/target/debug/.fingerprint/serde_json-ee96b9867188fc9b/run-build-script-build-script-build.json,archive,Archivo de configuracion,deprecar,Definir politica de retencion/purga; no usar como fuente de verdad.,"{""rustc"":5357548097637079788,""features"":"""",""declared_features"":"""",""target"":0,""profile"":0,""path"":0,""deps"":[[8569119365930580996,""build_script"
1392,archive/project_docs/prompts/scripts/split/rust/target/debug/.fingerprint/splitter-24b411778f340aae/dep-test-bin-splitter,archive,Retencion historica fuera del canon activo,deprecar,Definir politica de retencion/purga; no usar como fuente de verdad.,-
1393,archive/project_docs/prompts/scripts/split/rust/target/debug/.fingerprint/splitter-24b411778f340aae/invoked.timestamp,archive,Retencion historica fuera del canon activo,deprecar,Definir politica de retencion/purga; no usar como fuente de verdad.,-
1394,archive/project_docs/prompts/scripts/split/rust/target/debug/.fingerprint/splitter-24b411778f340aae/test-bin-splitter,archive,Retencion historica fuera del canon activo,deprecar,Definir politica de retencion/purga; no usar como fuente de verdad.,-
1395,archive/project_docs/prompts/scripts/split/rust/target/debug/.fingerprint/splitter-24b411778f340aae/test-bin-splitter.json,archive,Archivo de configuracion,deprecar,Definir politica de retencion/purga; no usar como fuente de verdad.,"{""rustc"":5357548097637079788,""features"":""[]"",""declared_features"":""[]"",""target"":1753310550606894958,""profile"":619605765252926426,""path"":73860"
1396,archive/project_docs/prompts/scripts/split/rust/target/debug/.fingerprint/splitter-86bdf821d24f7a0c/bin-splitter,archive,Retencion historica fuera del canon activo,deprecar,Definir politica de retencion/purga; no usar como fuente de verdad.,-
1397,archive/project_docs/prompts/scripts/split/rust/target/debug/.fingerprint/splitter-86bdf821d24f7a0c/bin-splitter.json,archive,Archivo de configuracion,deprecar,Definir politica de retencion/purga; no usar como fuente de verdad.,"{""rustc"":5357548097637079788,""features"":""[]"",""declared_features"":""[]"",""target"":1753310550606894958,""profile"":2330448797067240312,""path"":7386"
1398,archive/project_docs/prompts/scripts/split/rust/target/debug/.fingerprint/splitter-86bdf821d24f7a0c/dep-bin-splitter,archive,Retencion historica fuera del canon activo,deprecar,Definir politica de retencion/purga; no usar como fuente de verdad.,-
1399,archive/project_docs/prompts/scripts/split/rust/target/debug/.fingerprint/splitter-86bdf821d24f7a0c/invoked.timestamp,archive,Retencion historica fuera del canon activo,deprecar,Definir politica de retencion/purga; no usar como fuente de verdad.,-
1400,archive/project_docs/prompts/scripts/split/rust/target/debug/.fingerprint/splitter-ff120ee1edcccc80/bin-splitter,archive,Retencion historica fuera del canon activo,deprecar,Definir politica de retencion/purga; no usar como fuente de verdad.,-
1401,archive/project_docs/prompts/scripts/split/rust/target/debug/.fingerprint/splitter-ff120ee1edcccc80/bin-splitter.json,archive,Archivo de configuracion,deprecar,Definir politica de retencion/purga; no usar como fuente de verdad.,"{""rustc"":5357548097637079788,""features"":""[]"",""declared_features"":""[]"",""target"":1753310550606894958,""profile"":6675295047989516842,""path"":7386"
1402,archive/project_docs/prompts/scripts/split/rust/target/debug/.fingerprint/splitter-ff120ee1edcccc80/dep-bin-splitter,archive,Retencion historica fuera del canon activo,deprecar,Definir politica de retencion/purga; no usar como fuente de verdad.,-
1403,archive/project_docs/prompts/scripts/split/rust/target/debug/.fingerprint/splitter-ff120ee1edcccc80/invoked.timestamp,archive,Retencion historica fuera del canon activo,deprecar,Definir politica de retencion/purga; no usar como fuente de verdad.,-
1404,archive/project_docs/prompts/scripts/split/rust/target/debug/.fingerprint/syn-a8419e3abcbc759d/dep-lib-syn,archive,Retencion historica fuera del canon activo,deprecar,Definir politica de retencion/purga; no usar como fuente de verdad.,-
1405,archive/project_docs/prompts/scripts/split/rust/target/debug/.fingerprint/syn-a8419e3abcbc759d/invoked.timestamp,archive,Retencion historica fuera del canon activo,deprecar,Definir politica de retencion/purga; no usar como fuente de verdad.,-
1406,archive/project_docs/prompts/scripts/split/rust/target/debug/.fingerprint/syn-a8419e3abcbc759d/lib-syn,archive,Retencion historica fuera del canon activo,deprecar,Definir politica de retencion/purga; no usar como fuente de verdad.,-
1407,archive/project_docs/prompts/scripts/split/rust/target/debug/.fingerprint/syn-a8419e3abcbc759d/lib-syn.json,archive,Archivo de configuracion,deprecar,Definir politica de retencion/purga; no usar como fuente de verdad.,"{""rustc"":5357548097637079788,""features"":""[\""clone-impls\"", \""derive\"", \""parsing\"", \""printing\"", \""proc-macro\""]"",""declared_features"":""[\""c"
1408,archive/project_docs/prompts/scripts/split/rust/target/debug/.fingerprint/unicode-ident-d94afd1349fe509c/dep-lib-unicode_ident,archive,Retencion historica fuera del canon activo,deprecar,Definir politica de retencion/purga; no usar como fuente de verdad.,-
1409,archive/project_docs/prompts/scripts/split/rust/target/debug/.fingerprint/unicode-ident-d94afd1349fe509c/invoked.timestamp,archive,Retencion historica fuera del canon activo,deprecar,Definir politica de retencion/purga; no usar como fuente de verdad.,-
1410,archive/project_docs/prompts/scripts/split/rust/target/debug/.fingerprint/unicode-ident-d94afd1349fe509c/lib-unicode_ident,archive,Retencion historica fuera del canon activo,deprecar,Definir politica de retencion/purga; no usar como fuente de verdad.,-
1411,archive/project_docs/prompts/scripts/split/rust/target/debug/.fingerprint/unicode-ident-d94afd1349fe509c/lib-unicode_ident.json,archive,Archivo de configuracion,deprecar,Definir politica de retencion/purga; no usar como fuente de verdad.,"{""rustc"":5357548097637079788,""features"":""[]"",""declared_features"":""[]"",""target"":5438535436255082082,""profile"":3033921117576893,""path"":9977512"
1412,archive/project_docs/prompts/scripts/split/rust/target/debug/build/proc-macro2-1047f239770a6b4b/invoked.timestamp,archive,Retencion historica fuera del canon activo,deprecar,Definir politica de retencion/purga; no usar como fuente de verdad.,-
1413,archive/project_docs/prompts/scripts/split/rust/target/debug/build/proc-macro2-1047f239770a6b4b/output,archive,Retencion historica fuera del canon activo,deprecar,Definir politica de retencion/purga; no usar como fuente de verdad.,-
1414,archive/project_docs/prompts/scripts/split/rust/target/debug/build/proc-macro2-1047f239770a6b4b/root-output,archive,Retencion historica fuera del canon activo,deprecar,Definir politica de retencion/purga; no usar como fuente de verdad.,-
1415,archive/project_docs/prompts/scripts/split/rust/target/debug/build/proc-macro2-1047f239770a6b4b/stderr,archive,Retencion historica fuera del canon activo,deprecar,Definir politica de retencion/purga; no usar como fuente de verdad.,-
1416,archive/project_docs/prompts/scripts/split/rust/target/debug/build/proc-macro2-e842d8e55adb60b1/build-script-build,archive,Retencion historica fuera del canon activo,deprecar,Definir politica de retencion/purga; no usar como fuente de verdad.,-
1417,archive/project_docs/prompts/scripts/split/rust/target/debug/build/proc-macro2-e842d8e55adb60b1/build_script_build-e842d8e55adb60b1,archive,Retencion historica fuera del canon activo,deprecar,Definir politica de retencion/purga; no usar como fuente de verdad.,-
1418,archive/project_docs/prompts/scripts/split/rust/target/debug/build/proc-macro2-e842d8e55adb60b1/build_script_build-e842d8e55adb60b1.d,archive,Retencion historica fuera del canon activo,deprecar,Definir politica de retencion/purga; no usar como fuente de verdad.,-
1419,archive/project_docs/prompts/scripts/split/rust/target/debug/build/serde-bfb6e46d1d35eeee/invoked.timestamp,archive,Retencion historica fuera del canon activo,deprecar,Definir politica de retencion/purga; no usar como fuente de verdad.,-
1420,archive/project_docs/prompts/scripts/split/rust/target/debug/build/serde-bfb6e46d1d35eeee/output,archive,Retencion historica fuera del canon activo,deprecar,Definir politica de retencion/purga; no usar como fuente de verdad.,-
1421,archive/project_docs/prompts/scripts/split/rust/target/debug/build/serde-bfb6e46d1d35eeee/root-output,archive,Retencion historica fuera del canon activo,deprecar,Definir politica de retencion/purga; no usar como fuente de verdad.,-
1422,archive/project_docs/prompts/scripts/split/rust/target/debug/build/serde-bfb6e46d1d35eeee/stderr,archive,Retencion historica fuera del canon activo,deprecar,Definir politica de retencion/purga; no usar como fuente de verdad.,-
1423,archive/project_docs/prompts/scripts/split/rust/target/debug/build/serde-f65cd8be83d008c6/build-script-build,archive,Retencion historica fuera del canon activo,deprecar,Definir politica de retencion/purga; no usar como fuente de verdad.,-
1424,archive/project_docs/prompts/scripts/split/rust/target/debug/build/serde-f65cd8be83d008c6/build_script_build-f65cd8be83d008c6,archive,Retencion historica fuera del canon activo,deprecar,Definir politica de retencion/purga; no usar como fuente de verdad.,-
1425,archive/project_docs/prompts/scripts/split/rust/target/debug/build/serde-f65cd8be83d008c6/build_script_build-f65cd8be83d008c6.d,archive,Retencion historica fuera del canon activo,deprecar,Definir politica de retencion/purga; no usar como fuente de verdad.,-
1426,archive/project_docs/prompts/scripts/split/rust/target/debug/build/serde_json-dd624d72dfa7b013/build-script-build,archive,Retencion historica fuera del canon activo,deprecar,Definir politica de retencion/purga; no usar como fuente de verdad.,-
1427,archive/project_docs/prompts/scripts/split/rust/target/debug/build/serde_json-dd624d72dfa7b013/build_script_build-dd624d72dfa7b013,archive,Retencion historica fuera del canon activo,deprecar,Definir politica de retencion/purga; no usar como fuente de verdad.,-
1428,archive/project_docs/prompts/scripts/split/rust/target/debug/build/serde_json-dd624d72dfa7b013/build_script_build-dd624d72dfa7b013.d,archive,Retencion historica fuera del canon activo,deprecar,Definir politica de retencion/purga; no usar como fuente de verdad.,-
1429,archive/project_docs/prompts/scripts/split/rust/target/debug/build/serde_json-ee96b9867188fc9b/invoked.timestamp,archive,Retencion historica fuera del canon activo,deprecar,Definir politica de retencion/purga; no usar como fuente de verdad.,-
1430,archive/project_docs/prompts/scripts/split/rust/target/debug/build/serde_json-ee96b9867188fc9b/output,archive,Retencion historica fuera del canon activo,deprecar,Definir politica de retencion/purga; no usar como fuente de verdad.,-
1431,archive/project_docs/prompts/scripts/split/rust/target/debug/build/serde_json-ee96b9867188fc9b/root-output,archive,Retencion historica fuera del canon activo,deprecar,Definir politica de retencion/purga; no usar como fuente de verdad.,-
1432,archive/project_docs/prompts/scripts/split/rust/target/debug/build/serde_json-ee96b9867188fc9b/stderr,archive,Retencion historica fuera del canon activo,deprecar,Definir politica de retencion/purga; no usar como fuente de verdad.,-
1433,archive/project_docs/prompts/scripts/split/rust/target/debug/deps/aho_corasick-22468b519d0c9d77.aho_corasick.c5bff1510765428b-cgu.00.rcgu.o,archive,Asset o artefacto binario,deprecar,Definir politica de retencion/purga; no usar como fuente de verdad.,-
1434,archive/project_docs/prompts/scripts/split/rust/target/debug/deps/aho_corasick-22468b519d0c9d77.aho_corasick.c5bff1510765428b-cgu.01.rcgu.o,archive,Asset o artefacto binario,deprecar,Definir politica de retencion/purga; no usar como fuente de verdad.,-
1435,archive/project_docs/prompts/scripts/split/rust/target/debug/deps/aho_corasick-22468b519d0c9d77.aho_corasick.c5bff1510765428b-cgu.02.rcgu.o,archive,Asset o artefacto binario,deprecar,Definir politica de retencion/purga; no usar como fuente de verdad.,-
1436,archive/project_docs/prompts/scripts/split/rust/target/debug/deps/aho_corasick-22468b519d0c9d77.aho_corasick.c5bff1510765428b-cgu.03.rcgu.o,archive,Asset o artefacto binario,deprecar,Definir politica de retencion/purga; no usar como fuente de verdad.,-
1437,archive/project_docs/prompts/scripts/split/rust/target/debug/deps/aho_corasick-22468b519d0c9d77.aho_corasick.c5bff1510765428b-cgu.04.rcgu.o,archive,Asset o artefacto binario,deprecar,Definir politica de retencion/purga; no usar como fuente de verdad.,-
1438,archive/project_docs/prompts/scripts/split/rust/target/debug/deps/aho_corasick-22468b519d0c9d77.aho_corasick.c5bff1510765428b-cgu.05.rcgu.o,archive,Asset o artefacto binario,deprecar,Definir politica de retencion/purga; no usar como fuente de verdad.,-
1439,archive/project_docs/prompts/scripts/split/rust/target/debug/deps/aho_corasick-22468b519d0c9d77.aho_corasick.c5bff1510765428b-cgu.06.rcgu.o,archive,Asset o artefacto binario,deprecar,Definir politica de retencion/purga; no usar como fuente de verdad.,-
1440,archive/project_docs/prompts/scripts/split/rust/target/debug/deps/aho_corasick-22468b519d0c9d77.aho_corasick.c5bff1510765428b-cgu.07.rcgu.o,archive,Asset o artefacto binario,deprecar,Definir politica de retencion/purga; no usar como fuente de verdad.,-
1441,archive/project_docs/prompts/scripts/split/rust/target/debug/deps/aho_corasick-22468b519d0c9d77.aho_corasick.c5bff1510765428b-cgu.08.rcgu.o,archive,Asset o artefacto binario,deprecar,Definir politica de retencion/purga; no usar como fuente de verdad.,-
1442,archive/project_docs/prompts/scripts/split/rust/target/debug/deps/aho_corasick-22468b519d0c9d77.aho_corasick.c5bff1510765428b-cgu.09.rcgu.o,archive,Asset o artefacto binario,deprecar,Definir politica de retencion/purga; no usar como fuente de verdad.,-
1443,archive/project_docs/prompts/scripts/split/rust/target/debug/deps/aho_corasick-22468b519d0c9d77.aho_corasick.c5bff1510765428b-cgu.10.rcgu.o,archive,Asset o artefacto binario,deprecar,Definir politica de retencion/purga; no usar como fuente de verdad.,-
1444,archive/project_docs/prompts/scripts/split/rust/target/debug/deps/aho_corasick-22468b519d0c9d77.aho_corasick.c5bff1510765428b-cgu.11.rcgu.o,archive,Asset o artefacto binario,deprecar,Definir politica de retencion/purga; no usar como fuente de verdad.,-
1445,archive/project_docs/prompts/scripts/split/rust/target/debug/deps/aho_corasick-22468b519d0c9d77.aho_corasick.c5bff1510765428b-cgu.12.rcgu.o,archive,Asset o artefacto binario,deprecar,Definir politica de retencion/purga; no usar como fuente de verdad.,-
1446,archive/project_docs/prompts/scripts/split/rust/target/debug/deps/aho_corasick-22468b519d0c9d77.aho_corasick.c5bff1510765428b-cgu.13.rcgu.o,archive,Asset o artefacto binario,deprecar,Definir politica de retencion/purga; no usar como fuente de verdad.,-
1447,archive/project_docs/prompts/scripts/split/rust/target/debug/deps/aho_corasick-22468b519d0c9d77.aho_corasick.c5bff1510765428b-cgu.14.rcgu.o,archive,Asset o artefacto binario,deprecar,Definir politica de retencion/purga; no usar como fuente de verdad.,-
1448,archive/project_docs/prompts/scripts/split/rust/target/debug/deps/aho_corasick-22468b519d0c9d77.aho_corasick.c5bff1510765428b-cgu.15.rcgu.o,archive,Asset o artefacto binario,deprecar,Definir politica de retencion/purga; no usar como fuente de verdad.,-
1449,archive/project_docs/prompts/scripts/split/rust/target/debug/deps/aho_corasick-22468b519d0c9d77.d,archive,Retencion historica fuera del canon activo,deprecar,Definir politica de retencion/purga; no usar como fuente de verdad.,-
1450,archive/project_docs/prompts/scripts/split/rust/target/debug/deps/aho_corasick-44e93708b002d610.d,archive,Retencion historica fuera del canon activo,deprecar,Definir politica de retencion/purga; no usar como fuente de verdad.,-
1451,archive/project_docs/prompts/scripts/split/rust/target/debug/deps/itoa-36caf02d1b5ac4cf.d,archive,Retencion historica fuera del canon activo,deprecar,Definir politica de retencion/purga; no usar como fuente de verdad.,-
1452,archive/project_docs/prompts/scripts/split/rust/target/debug/deps/itoa-c5a312a53a9b920f.d,archive,Retencion historica fuera del canon activo,deprecar,Definir politica de retencion/purga; no usar como fuente de verdad.,-
1453,archive/project_docs/prompts/scripts/split/rust/target/debug/deps/itoa-c5a312a53a9b920f.itoa.ede8a3fcfd93a632-cgu.0.rcgu.o,archive,Asset o artefacto binario,deprecar,Definir politica de retencion/purga; no usar como fuente de verdad.,-
1454,archive/project_docs/prompts/scripts/split/rust/target/debug/deps/libaho_corasick-22468b519d0c9d77.rlib,archive,Asset o artefacto binario,deprecar,Definir politica de retencion/purga; no usar como fuente de verdad.,-
1455,archive/project_docs/prompts/scripts/split/rust/target/debug/deps/libaho_corasick-22468b519d0c9d77.rmeta,archive,Retencion historica fuera del canon activo,deprecar,Definir politica de retencion/purga; no usar como fuente de verdad.,-
1456,archive/project_docs/prompts/scripts/split/rust/target/debug/deps/libaho_corasick-44e93708b002d610.rmeta,archive,Retencion historica fuera del canon activo,deprecar,Definir politica de retencion/purga; no usar como fuente de verdad.,-
1457,archive/project_docs/prompts/scripts/split/rust/target/debug/deps/libitoa-36caf02d1b5ac4cf.rmeta,archive,Retencion historica fuera del canon activo,deprecar,Definir politica de retencion/purga; no usar como fuente de verdad.,-
1458,archive/project_docs/prompts/scripts/split/rust/target/debug/deps/libitoa-c5a312a53a9b920f.rlib,archive,Asset o artefacto binario,deprecar,Definir politica de retencion/purga; no usar como fuente de verdad.,-
1459,archive/project_docs/prompts/scripts/split/rust/target/debug/deps/libitoa-c5a312a53a9b920f.rmeta,archive,Retencion historica fuera del canon activo,deprecar,Definir politica de retencion/purga; no usar como fuente de verdad.,-
1460,archive/project_docs/prompts/scripts/split/rust/target/debug/deps/libmemchr-372bcde98186c328.rmeta,archive,Retencion historica fuera del canon activo,deprecar,Definir politica de retencion/purga; no usar como fuente de verdad.,-
1461,archive/project_docs/prompts/scripts/split/rust/target/debug/deps/libmemchr-d4596d60a1a4f622.rlib,archive,Asset o artefacto binario,deprecar,Definir politica de retencion/purga; no usar como fuente de verdad.,-
1462,archive/project_docs/prompts/scripts/split/rust/target/debug/deps/libmemchr-d4596d60a1a4f622.rmeta,archive,Retencion historica fuera del canon activo,deprecar,Definir politica de retencion/purga; no usar como fuente de verdad.,-
1463,archive/project_docs/prompts/scripts/split/rust/target/debug/deps/libproc_macro2-dfcd06dc884606a1.rlib,archive,Asset o artefacto binario,deprecar,Definir politica de retencion/purga; no usar como fuente de verdad.,-
1464,archive/project_docs/prompts/scripts/split/rust/target/debug/deps/libproc_macro2-dfcd06dc884606a1.rmeta,archive,Retencion historica fuera del canon activo,deprecar,Definir politica de retencion/purga; no usar como fuente de verdad.,-
1465,archive/project_docs/prompts/scripts/split/rust/target/debug/deps/libquote-11a7f1ef1d0ff04e.rlib,archive,Asset o artefacto binario,deprecar,Definir politica de retencion/purga; no usar como fuente de verdad.,-
1466,archive/project_docs/prompts/scripts/split/rust/target/debug/deps/libquote-11a7f1ef1d0ff04e.rmeta,archive,Retencion historica fuera del canon activo,deprecar,Definir politica de retencion/purga; no usar como fuente de verdad.,-
1467,archive/project_docs/prompts/scripts/split/rust/target/debug/deps/libregex-0bb04fb969741ace.rlib,archive,Asset o artefacto binario,deprecar,Definir politica de retencion/purga; no usar como fuente de verdad.,-
1468,archive/project_docs/prompts/scripts/split/rust/target/debug/deps/libregex-0bb04fb969741ace.rmeta,archive,Retencion historica fuera del canon activo,deprecar,Definir politica de retencion/purga; no usar como fuente de verdad.,-
1469,archive/project_docs/prompts/scripts/split/rust/target/debug/deps/libregex-4fde37e96e9f3a6c.rmeta,archive,Retencion historica fuera del canon activo,deprecar,Definir politica de retencion/purga; no usar como fuente de verdad.,-
1470,archive/project_docs/prompts/scripts/split/rust/target/debug/deps/libregex_automata-796ff7829ce75a2a.rlib,archive,Asset o artefacto binario,deprecar,Definir politica de retencion/purga; no usar como fuente de verdad.,-
1471,archive/project_docs/prompts/scripts/split/rust/target/debug/deps/libregex_automata-796ff7829ce75a2a.rmeta,archive,Retencion historica fuera del canon activo,deprecar,Definir politica de retencion/purga; no usar como fuente de verdad.,-
1472,archive/project_docs/prompts/scripts/split/rust/target/debug/deps/libregex_automata-fec9efe711b15d3f.rmeta,archive,Retencion historica fuera del canon activo,deprecar,Definir politica de retencion/purga; no usar como fuente de verdad.,-
1473,archive/project_docs/prompts/scripts/split/rust/target/debug/deps/libregex_syntax-039b399919f8526d.rlib,archive,Asset o artefacto binario,deprecar,Definir politica de retencion/purga; no usar como fuente de verdad.,-
1474,archive/project_docs/prompts/scripts/split/rust/target/debug/deps/libregex_syntax-039b399919f8526d.rmeta,archive,Retencion historica fuera del canon activo,deprecar,Definir politica de retencion/purga; no usar como fuente de verdad.,-
1475,archive/project_docs/prompts/scripts/split/rust/target/debug/deps/libregex_syntax-420eecd831246af5.rmeta,archive,Retencion historica fuera del canon activo,deprecar,Definir politica de retencion/purga; no usar como fuente de verdad.,-
1476,archive/project_docs/prompts/scripts/split/rust/target/debug/deps/libryu-59d5a6846910370c.rlib,archive,Asset o artefacto binario,deprecar,Definir politica de retencion/purga; no usar como fuente de verdad.,-
1477,archive/project_docs/prompts/scripts/split/rust/target/debug/deps/libryu-59d5a6846910370c.rmeta,archive,Retencion historica fuera del canon activo,deprecar,Definir politica de retencion/purga; no usar como fuente de verdad.,-
1478,archive/project_docs/prompts/scripts/split/rust/target/debug/deps/libryu-da4bbc761d9566d2.rmeta,archive,Retencion historica fuera del canon activo,deprecar,Definir politica de retencion/purga; no usar como fuente de verdad.,-
1479,archive/project_docs/prompts/scripts/split/rust/target/debug/deps/libserde-07caf9b62fb077c3.rlib,archive,Asset o artefacto binario,deprecar,Definir politica de retencion/purga; no usar como fuente de verdad.,-
1480,archive/project_docs/prompts/scripts/split/rust/target/debug/deps/libserde-07caf9b62fb077c3.rmeta,archive,Retencion historica fuera del canon activo,deprecar,Definir politica de retencion/purga; no usar como fuente de verdad.,-
1481,archive/project_docs/prompts/scripts/split/rust/target/debug/deps/libserde-dcd1cbd1b95c49a3.rmeta,archive,Retencion historica fuera del canon activo,deprecar,Definir politica de retencion/purga; no usar como fuente de verdad.,-
1482,archive/project_docs/prompts/scripts/split/rust/target/debug/deps/libserde_derive-424c21cc97a34796.dylib,archive,Asset o artefacto binario,deprecar,Definir politica de retencion/purga; no usar como fuente de verdad.,-
1483,archive/project_docs/prompts/scripts/split/rust/target/debug/deps/libserde_json-240712c87f497970.rmeta,archive,Retencion historica fuera del canon activo,deprecar,Definir politica de retencion/purga; no usar como fuente de verdad.,-
1484,archive/project_docs/prompts/scripts/split/rust/target/debug/deps/libserde_json-c6472442d4b7b2ac.rlib,archive,Asset o artefacto binario,deprecar,Definir politica de retencion/purga; no usar como fuente de verdad.,-
1485,archive/project_docs/prompts/scripts/split/rust/target/debug/deps/libserde_json-c6472442d4b7b2ac.rmeta,archive,Retencion historica fuera del canon activo,deprecar,Definir politica de retencion/purga; no usar como fuente de verdad.,-
1486,archive/project_docs/prompts/scripts/split/rust/target/debug/deps/libsplitter-24b411778f340aae.rmeta,archive,Retencion historica fuera del canon activo,deprecar,Definir politica de retencion/purga; no usar como fuente de verdad.,-
1487,archive/project_docs/prompts/scripts/split/rust/target/debug/deps/libsplitter-86bdf821d24f7a0c.rmeta,archive,Retencion historica fuera del canon activo,deprecar,Definir politica de retencion/purga; no usar como fuente de verdad.,-
1488,archive/project_docs/prompts/scripts/split/rust/target/debug/deps/libsyn-a8419e3abcbc759d.rlib,archive,Asset o artefacto binario,deprecar,Definir politica de retencion/purga; no usar como fuente de verdad.,-
1489,archive/project_docs/prompts/scripts/split/rust/target/debug/deps/libsyn-a8419e3abcbc759d.rmeta,archive,Retencion historica fuera del canon activo,deprecar,Definir politica de retencion/purga; no usar como fuente de verdad.,-
1490,archive/project_docs/prompts/scripts/split/rust/target/debug/deps/libunicode_ident-d94afd1349fe509c.rlib,archive,Asset o artefacto binario,deprecar,Definir politica de retencion/purga; no usar como fuente de verdad.,-
1491,archive/project_docs/prompts/scripts/split/rust/target/debug/deps/libunicode_ident-d94afd1349fe509c.rmeta,archive,Retencion historica fuera del canon activo,deprecar,Definir politica de retencion/purga; no usar como fuente de verdad.,-
1492,archive/project_docs/prompts/scripts/split/rust/target/debug/deps/memchr-372bcde98186c328.d,archive,Retencion historica fuera del canon activo,deprecar,Definir politica de retencion/purga; no usar como fuente de verdad.,-
1493,archive/project_docs/prompts/scripts/split/rust/target/debug/deps/memchr-d4596d60a1a4f622.d,archive,Retencion historica fuera del canon activo,deprecar,Definir politica de retencion/purga; no usar como fuente de verdad.,-
1494,archive/project_docs/prompts/scripts/split/rust/target/debug/deps/memchr-d4596d60a1a4f622.memchr.4b553a08e485ff4c-cgu.0.rcgu.o,archive,Asset o artefacto binario,deprecar,Definir politica de retencion/purga; no usar como fuente de verdad.,-
1495,archive/project_docs/prompts/scripts/split/rust/target/debug/deps/proc_macro2-dfcd06dc884606a1.d,archive,Retencion historica fuera del canon activo,deprecar,Definir politica de retencion/purga; no usar como fuente de verdad.,-
1496,archive/project_docs/prompts/scripts/split/rust/target/debug/deps/quote-11a7f1ef1d0ff04e.d,archive,Retencion historica fuera del canon activo,deprecar,Definir politica de retencion/purga; no usar como fuente de verdad.,-
1497,archive/project_docs/prompts/scripts/split/rust/target/debug/deps/regex-0bb04fb969741ace.d,archive,Retencion historica fuera del canon activo,deprecar,Definir politica de retencion/purga; no usar como fuente de verdad.,-
1498,archive/project_docs/prompts/scripts/split/rust/target/debug/deps/regex-0bb04fb969741ace.regex.506cd96907526935-cgu.0.rcgu.o,archive,Asset o artefacto binario,deprecar,Definir politica de retencion/purga; no usar como fuente de verdad.,-
1499,archive/project_docs/prompts/scripts/split/rust/target/debug/deps/regex-0bb04fb969741ace.regex.506cd96907526935-cgu.1.rcgu.o,archive,Asset o artefacto binario,deprecar,Definir politica de retencion/purga; no usar como fuente de verdad.,-
1500,archive/project_docs/prompts/scripts/split/rust/target/debug/deps/regex-4fde37e96e9f3a6c.d,archive,Retencion historica fuera del canon activo,deprecar,Definir politica de retencion/purga; no usar como fuente de verdad.,-
1501,archive/project_docs/prompts/scripts/split/rust/target/debug/deps/regex_automata-796ff7829ce75a2a.d,archive,Retencion historica fuera del canon activo,deprecar,Definir politica de retencion/purga; no usar como fuente de verdad.,-
1502,archive/project_docs/prompts/scripts/split/rust/target/debug/deps/regex_automata-796ff7829ce75a2a.regex_automata.481d539cde1bb611-cgu.00.rcgu.o,archive,Asset o artefacto binario,deprecar,Definir politica de retencion/purga; no usar como fuente de verdad.,-
1503,archive/project_docs/prompts/scripts/split/rust/target/debug/deps/regex_automata-796ff7829ce75a2a.regex_automata.481d539cde1bb611-cgu.01.rcgu.o,archive,Asset o artefacto binario,deprecar,Definir politica de retencion/purga; no usar como fuente de verdad.,-
1504,archive/project_docs/prompts/scripts/split/rust/target/debug/deps/regex_automata-796ff7829ce75a2a.regex_automata.481d539cde1bb611-cgu.02.rcgu.o,archive,Asset o artefacto binario,deprecar,Definir politica de retencion/purga; no usar como fuente de verdad.,-
1505,archive/project_docs/prompts/scripts/split/rust/target/debug/deps/regex_automata-796ff7829ce75a2a.regex_automata.481d539cde1bb611-cgu.03.rcgu.o,archive,Asset o artefacto binario,deprecar,Definir politica de retencion/purga; no usar como fuente de verdad.,-
1506,archive/project_docs/prompts/scripts/split/rust/target/debug/deps/regex_automata-796ff7829ce75a2a.regex_automata.481d539cde1bb611-cgu.04.rcgu.o,archive,Asset o artefacto binario,deprecar,Definir politica de retencion/purga; no usar como fuente de verdad.,-
1507,archive/project_docs/prompts/scripts/split/rust/target/debug/deps/regex_automata-796ff7829ce75a2a.regex_automata.481d539cde1bb611-cgu.05.rcgu.o,archive,Asset o artefacto binario,deprecar,Definir politica de retencion/purga; no usar como fuente de verdad.,-
1508,archive/project_docs/prompts/scripts/split/rust/target/debug/deps/regex_automata-796ff7829ce75a2a.regex_automata.481d539cde1bb611-cgu.06.rcgu.o,archive,Asset o artefacto binario,deprecar,Definir politica de retencion/purga; no usar como fuente de verdad.,-
1509,archive/project_docs/prompts/scripts/split/rust/target/debug/deps/regex_automata-796ff7829ce75a2a.regex_automata.481d539cde1bb611-cgu.07.rcgu.o,archive,Asset o artefacto binario,deprecar,Definir politica de retencion/purga; no usar como fuente de verdad.,-
1510,archive/project_docs/prompts/scripts/split/rust/target/debug/deps/regex_automata-796ff7829ce75a2a.regex_automata.481d539cde1bb611-cgu.08.rcgu.o,archive,Asset o artefacto binario,deprecar,Definir politica de retencion/purga; no usar como fuente de verdad.,-
1511,archive/project_docs/prompts/scripts/split/rust/target/debug/deps/regex_automata-796ff7829ce75a2a.regex_automata.481d539cde1bb611-cgu.09.rcgu.o,archive,Asset o artefacto binario,deprecar,Definir politica de retencion/purga; no usar como fuente de verdad.,-
1512,archive/project_docs/prompts/scripts/split/rust/target/debug/deps/regex_automata-796ff7829ce75a2a.regex_automata.481d539cde1bb611-cgu.10.rcgu.o,archive,Asset o artefacto binario,deprecar,Definir politica de retencion/purga; no usar como fuente de verdad.,-
1513,archive/project_docs/prompts/scripts/split/rust/target/debug/deps/regex_automata-796ff7829ce75a2a.regex_automata.481d539cde1bb611-cgu.11.rcgu.o,archive,Asset o artefacto binario,deprecar,Definir politica de retencion/purga; no usar como fuente de verdad.,-
1514,archive/project_docs/prompts/scripts/split/rust/target/debug/deps/regex_automata-796ff7829ce75a2a.regex_automata.481d539cde1bb611-cgu.12.rcgu.o,archive,Asset o artefacto binario,deprecar,Definir politica de retencion/purga; no usar como fuente de verdad.,-
1515,archive/project_docs/prompts/scripts/split/rust/target/debug/deps/regex_automata-796ff7829ce75a2a.regex_automata.481d539cde1bb611-cgu.13.rcgu.o,archive,Asset o artefacto binario,deprecar,Definir politica de retencion/purga; no usar como fuente de verdad.,-
1516,archive/project_docs/prompts/scripts/split/rust/target/debug/deps/regex_automata-796ff7829ce75a2a.regex_automata.481d539cde1bb611-cgu.14.rcgu.o,archive,Asset o artefacto binario,deprecar,Definir politica de retencion/purga; no usar como fuente de verdad.,-
1517,archive/project_docs/prompts/scripts/split/rust/target/debug/deps/regex_automata-796ff7829ce75a2a.regex_automata.481d539cde1bb611-cgu.15.rcgu.o,archive,Asset o artefacto binario,deprecar,Definir politica de retencion/purga; no usar como fuente de verdad.,-
1518,archive/project_docs/prompts/scripts/split/rust/target/debug/deps/regex_automata-fec9efe711b15d3f.d,archive,Retencion historica fuera del canon activo,deprecar,Definir politica de retencion/purga; no usar como fuente de verdad.,-
1519,archive/project_docs/prompts/scripts/split/rust/target/debug/deps/regex_syntax-039b399919f8526d.d,archive,Retencion historica fuera del canon activo,deprecar,Definir politica de retencion/purga; no usar como fuente de verdad.,-
1520,archive/project_docs/prompts/scripts/split/rust/target/debug/deps/regex_syntax-039b399919f8526d.regex_syntax.3b318e28bb5ee8fc-cgu.00.rcgu.o,archive,Asset o artefacto binario,deprecar,Definir politica de retencion/purga; no usar como fuente de verdad.,-
1521,archive/project_docs/prompts/scripts/split/rust/target/debug/deps/regex_syntax-039b399919f8526d.regex_syntax.3b318e28bb5ee8fc-cgu.01.rcgu.o,archive,Asset o artefacto binario,deprecar,Definir politica de retencion/purga; no usar como fuente de verdad.,-
1522,archive/project_docs/prompts/scripts/split/rust/target/debug/deps/regex_syntax-039b399919f8526d.regex_syntax.3b318e28bb5ee8fc-cgu.02.rcgu.o,archive,Asset o artefacto binario,deprecar,Definir politica de retencion/purga; no usar como fuente de verdad.,-
1523,archive/project_docs/prompts/scripts/split/rust/target/debug/deps/regex_syntax-039b399919f8526d.regex_syntax.3b318e28bb5ee8fc-cgu.03.rcgu.o,archive,Asset o artefacto binario,deprecar,Definir politica de retencion/purga; no usar como fuente de verdad.,-
1524,archive/project_docs/prompts/scripts/split/rust/target/debug/deps/regex_syntax-039b399919f8526d.regex_syntax.3b318e28bb5ee8fc-cgu.04.rcgu.o,archive,Asset o artefacto binario,deprecar,Definir politica de retencion/purga; no usar como fuente de verdad.,-
1525,archive/project_docs/prompts/scripts/split/rust/target/debug/deps/regex_syntax-039b399919f8526d.regex_syntax.3b318e28bb5ee8fc-cgu.05.rcgu.o,archive,Asset o artefacto binario,deprecar,Definir politica de retencion/purga; no usar como fuente de verdad.,-
1526,archive/project_docs/prompts/scripts/split/rust/target/debug/deps/regex_syntax-039b399919f8526d.regex_syntax.3b318e28bb5ee8fc-cgu.06.rcgu.o,archive,Asset o artefacto binario,deprecar,Definir politica de retencion/purga; no usar como fuente de verdad.,-
1527,archive/project_docs/prompts/scripts/split/rust/target/debug/deps/regex_syntax-039b399919f8526d.regex_syntax.3b318e28bb5ee8fc-cgu.07.rcgu.o,archive,Asset o artefacto binario,deprecar,Definir politica de retencion/purga; no usar como fuente de verdad.,-
1528,archive/project_docs/prompts/scripts/split/rust/target/debug/deps/regex_syntax-039b399919f8526d.regex_syntax.3b318e28bb5ee8fc-cgu.08.rcgu.o,archive,Asset o artefacto binario,deprecar,Definir politica de retencion/purga; no usar como fuente de verdad.,-
1529,archive/project_docs/prompts/scripts/split/rust/target/debug/deps/regex_syntax-039b399919f8526d.regex_syntax.3b318e28bb5ee8fc-cgu.09.rcgu.o,archive,Asset o artefacto binario,deprecar,Definir politica de retencion/purga; no usar como fuente de verdad.,-
1530,archive/project_docs/prompts/scripts/split/rust/target/debug/deps/regex_syntax-039b399919f8526d.regex_syntax.3b318e28bb5ee8fc-cgu.10.rcgu.o,archive,Asset o artefacto binario,deprecar,Definir politica de retencion/purga; no usar como fuente de verdad.,-
1531,archive/project_docs/prompts/scripts/split/rust/target/debug/deps/regex_syntax-039b399919f8526d.regex_syntax.3b318e28bb5ee8fc-cgu.11.rcgu.o,archive,Asset o artefacto binario,deprecar,Definir politica de retencion/purga; no usar como fuente de verdad.,-
1532,archive/project_docs/prompts/scripts/split/rust/target/debug/deps/regex_syntax-039b399919f8526d.regex_syntax.3b318e28bb5ee8fc-cgu.12.rcgu.o,archive,Asset o artefacto binario,deprecar,Definir politica de retencion/purga; no usar como fuente de verdad.,-
1533,archive/project_docs/prompts/scripts/split/rust/target/debug/deps/regex_syntax-039b399919f8526d.regex_syntax.3b318e28bb5ee8fc-cgu.13.rcgu.o,archive,Asset o artefacto binario,deprecar,Definir politica de retencion/purga; no usar como fuente de verdad.,-
1534,archive/project_docs/prompts/scripts/split/rust/target/debug/deps/regex_syntax-039b399919f8526d.regex_syntax.3b318e28bb5ee8fc-cgu.14.rcgu.o,archive,Asset o artefacto binario,deprecar,Definir politica de retencion/purga; no usar como fuente de verdad.,-
1535,archive/project_docs/prompts/scripts/split/rust/target/debug/deps/regex_syntax-039b399919f8526d.regex_syntax.3b318e28bb5ee8fc-cgu.15.rcgu.o,archive,Asset o artefacto binario,deprecar,Definir politica de retencion/purga; no usar como fuente de verdad.,-
1536,archive/project_docs/prompts/scripts/split/rust/target/debug/deps/regex_syntax-420eecd831246af5.d,archive,Retencion historica fuera del canon activo,deprecar,Definir politica de retencion/purga; no usar como fuente de verdad.,-
1537,archive/project_docs/prompts/scripts/split/rust/target/debug/deps/ryu-59d5a6846910370c.d,archive,Retencion historica fuera del canon activo,deprecar,Definir politica de retencion/purga; no usar como fuente de verdad.,-
1538,archive/project_docs/prompts/scripts/split/rust/target/debug/deps/ryu-59d5a6846910370c.ryu.7876a77ecb85b901-cgu.0.rcgu.o,archive,Asset o artefacto binario,deprecar,Definir politica de retencion/purga; no usar como fuente de verdad.,-
1539,archive/project_docs/prompts/scripts/split/rust/target/debug/deps/ryu-da4bbc761d9566d2.d,archive,Retencion historica fuera del canon activo,deprecar,Definir politica de retencion/purga; no usar como fuente de verdad.,-
1540,archive/project_docs/prompts/scripts/split/rust/target/debug/deps/serde-07caf9b62fb077c3.d,archive,Retencion historica fuera del canon activo,deprecar,Definir politica de retencion/purga; no usar como fuente de verdad.,-
1541,archive/project_docs/prompts/scripts/split/rust/target/debug/deps/serde-07caf9b62fb077c3.serde.85afffe80a2e4423-cgu.0.rcgu.o,archive,Asset o artefacto binario,deprecar,Definir politica de retencion/purga; no usar como fuente de verdad.,-
1542,archive/project_docs/prompts/scripts/split/rust/target/debug/deps/serde-dcd1cbd1b95c49a3.d,archive,Retencion historica fuera del canon activo,deprecar,Definir politica de retencion/purga; no usar como fuente de verdad.,-
1543,archive/project_docs/prompts/scripts/split/rust/target/debug/deps/serde_derive-424c21cc97a34796.d,archive,Retencion historica fuera del canon activo,deprecar,Definir politica de retencion/purga; no usar como fuente de verdad.,-
1544,archive/project_docs/prompts/scripts/split/rust/target/debug/deps/serde_json-240712c87f497970.d,archive,Retencion historica fuera del canon activo,deprecar,Definir politica de retencion/purga; no usar como fuente de verdad.,-
1545,archive/project_docs/prompts/scripts/split/rust/target/debug/deps/serde_json-c6472442d4b7b2ac.d,archive,Retencion historica fuera del canon activo,deprecar,Definir politica de retencion/purga; no usar como fuente de verdad.,-
1546,archive/project_docs/prompts/scripts/split/rust/target/debug/deps/serde_json-c6472442d4b7b2ac.serde_json.4b4a73f775b37001-cgu.0.rcgu.o,archive,Asset o artefacto binario,deprecar,Definir politica de retencion/purga; no usar como fuente de verdad.,-
1547,archive/project_docs/prompts/scripts/split/rust/target/debug/deps/serde_json-c6472442d4b7b2ac.serde_json.4b4a73f775b37001-cgu.1.rcgu.o,archive,Asset o artefacto binario,deprecar,Definir politica de retencion/purga; no usar como fuente de verdad.,-
1548,archive/project_docs/prompts/scripts/split/rust/target/debug/deps/serde_json-c6472442d4b7b2ac.serde_json.4b4a73f775b37001-cgu.2.rcgu.o,archive,Asset o artefacto binario,deprecar,Definir politica de retencion/purga; no usar como fuente de verdad.,-
1549,archive/project_docs/prompts/scripts/split/rust/target/debug/deps/serde_json-c6472442d4b7b2ac.serde_json.4b4a73f775b37001-cgu.3.rcgu.o,archive,Asset o artefacto binario,deprecar,Definir politica de retencion/purga; no usar como fuente de verdad.,-
1550,archive/project_docs/prompts/scripts/split/rust/target/debug/deps/serde_json-c6472442d4b7b2ac.serde_json.4b4a73f775b37001-cgu.4.rcgu.o,archive,Asset o artefacto binario,deprecar,Definir politica de retencion/purga; no usar como fuente de verdad.,-
1551,archive/project_docs/prompts/scripts/split/rust/target/debug/deps/serde_json-c6472442d4b7b2ac.serde_json.4b4a73f775b37001-cgu.5.rcgu.o,archive,Asset o artefacto binario,deprecar,Definir politica de retencion/purga; no usar como fuente de verdad.,-
1552,archive/project_docs/prompts/scripts/split/rust/target/debug/deps/serde_json-c6472442d4b7b2ac.serde_json.4b4a73f775b37001-cgu.6.rcgu.o,archive,Asset o artefacto binario,deprecar,Definir politica de retencion/purga; no usar como fuente de verdad.,-
1553,archive/project_docs/prompts/scripts/split/rust/target/debug/deps/serde_json-c6472442d4b7b2ac.serde_json.4b4a73f775b37001-cgu.7.rcgu.o,archive,Asset o artefacto binario,deprecar,Definir politica de retencion/purga; no usar como fuente de verdad.,-
1554,archive/project_docs/prompts/scripts/split/rust/target/debug/deps/splitter-24b411778f340aae.d,archive,Retencion historica fuera del canon activo,deprecar,Definir politica de retencion/purga; no usar como fuente de verdad.,-
1555,archive/project_docs/prompts/scripts/split/rust/target/debug/deps/splitter-86bdf821d24f7a0c.d,archive,Retencion historica fuera del canon activo,deprecar,Definir politica de retencion/purga; no usar como fuente de verdad.,-
1556,archive/project_docs/prompts/scripts/split/rust/target/debug/deps/splitter-ff120ee1edcccc80,archive,Retencion historica fuera del canon activo,deprecar,Definir politica de retencion/purga; no usar como fuente de verdad.,-
1557,archive/project_docs/prompts/scripts/split/rust/target/debug/deps/splitter-ff120ee1edcccc80.0fjymvzt4m97x1rz6dj62pjl9.rcgu.o,archive,Asset o artefacto binario,deprecar,Definir politica de retencion/purga; no usar como fuente de verdad.,-
1558,archive/project_docs/prompts/scripts/split/rust/target/debug/deps/splitter-ff120ee1edcccc80.0g9cqk6stzycgxasc5htylzv4.rcgu.o,archive,Asset o artefacto binario,deprecar,Definir politica de retencion/purga; no usar como fuente de verdad.,-
1559,archive/project_docs/prompts/scripts/split/rust/target/debug/deps/splitter-ff120ee1edcccc80.0jdemhstjcswz4lgg0r22wchv.rcgu.o,archive,Asset o artefacto binario,deprecar,Definir politica de retencion/purga; no usar como fuente de verdad.,-
1560,archive/project_docs/prompts/scripts/split/rust/target/debug/deps/splitter-ff120ee1edcccc80.0nei5blttfnjcqmeb6m1w2fdc.rcgu.o,archive,Asset o artefacto binario,deprecar,Definir politica de retencion/purga; no usar como fuente de verdad.,-
1561,archive/project_docs/prompts/scripts/split/rust/target/debug/deps/splitter-ff120ee1edcccc80.0rkec1ldv56rhged3h8vfvvkk.rcgu.o,archive,Asset o artefacto binario,deprecar,Definir politica de retencion/purga; no usar como fuente de verdad.,-
1562,archive/project_docs/prompts/scripts/split/rust/target/debug/deps/splitter-ff120ee1edcccc80.143jp5nuf0zesn6orftx0mwtx.rcgu.o,archive,Asset o artefacto binario,deprecar,Definir politica de retencion/purga; no usar como fuente de verdad.,-
1563,archive/project_docs/prompts/scripts/split/rust/target/debug/deps/splitter-ff120ee1edcccc80.1amwxr7js4a0ew96xxfkdd4wo.rcgu.o,archive,Asset o artefacto binario,deprecar,Definir politica de retencion/purga; no usar como fuente de verdad.,-
1564,archive/project_docs/prompts/scripts/split/rust/target/debug/deps/splitter-ff120ee1edcccc80.1e6mzfl7ycpr774wcaezf5fyq.rcgu.o,archive,Asset o artefacto binario,deprecar,Definir politica de retencion/purga; no usar como fuente de verdad.,-
1565,archive/project_docs/prompts/scripts/split/rust/target/debug/deps/splitter-ff120ee1edcccc80.1k7xx8nx16frhabcd483fadou.rcgu.o,archive,Asset o artefacto binario,deprecar,Definir politica de retencion/purga; no usar como fuente de verdad.,-
1566,archive/project_docs/prompts/scripts/split/rust/target/debug/deps/splitter-ff120ee1edcccc80.1mtwn3v4b5i0dawmbcay64fts.rcgu.o,archive,Asset o artefacto binario,deprecar,Definir politica de retencion/purga; no usar como fuente de verdad.,-
1567,archive/project_docs/prompts/scripts/split/rust/target/debug/deps/splitter-ff120ee1edcccc80.1muyk0s1bsv8zcqg03hm49f20.rcgu.o,archive,Asset o artefacto binario,deprecar,Definir politica de retencion/purga; no usar como fuente de verdad.,-
1568,archive/project_docs/prompts/scripts/split/rust/target/debug/deps/splitter-ff120ee1edcccc80.1n09lepdznq9hjyswzq2dycai.rcgu.o,archive,Asset o artefacto binario,deprecar,Definir politica de retencion/purga; no usar como fuente de verdad.,-
1569,archive/project_docs/prompts/scripts/split/rust/target/debug/deps/splitter-ff120ee1edcccc80.1osxrux8k6a13q8tq7adll4fr.rcgu.o,archive,Asset o artefacto binario,deprecar,Definir politica de retencion/purga; no usar como fuente de verdad.,-
1570,archive/project_docs/prompts/scripts/split/rust/target/debug/deps/splitter-ff120ee1edcccc80.1svznq91cue07tmlokiv601rn.rcgu.o,archive,Asset o artefacto binario,deprecar,Definir politica de retencion/purga; no usar como fuente de verdad.,-
1571,archive/project_docs/prompts/scripts/split/rust/target/debug/deps/splitter-ff120ee1edcccc80.1zskq9c8wk7tgex9uoebkiquq.rcgu.o,archive,Asset o artefacto binario,deprecar,Definir politica de retencion/purga; no usar como fuente de verdad.,-
1572,archive/project_docs/prompts/scripts/split/rust/target/debug/deps/splitter-ff120ee1edcccc80.22v6ywi3ri0cu471nq0izdbz9.rcgu.o,archive,Asset o artefacto binario,deprecar,Definir politica de retencion/purga; no usar como fuente de verdad.,-
1573,archive/project_docs/prompts/scripts/split/rust/target/debug/deps/splitter-ff120ee1edcccc80.22vrcbj58cg4nzg3rknnq2mut.rcgu.o,archive,Asset o artefacto binario,deprecar,Definir politica de retencion/purga; no usar como fuente de verdad.,-
1574,archive/project_docs/prompts/scripts/split/rust/target/debug/deps/splitter-ff120ee1edcccc80.2447v23ogb3ppn0oldgrqdzzb.rcgu.o,archive,Asset o artefacto binario,deprecar,Definir politica de retencion/purga; no usar como fuente de verdad.,-
1575,archive/project_docs/prompts/scripts/split/rust/target/debug/deps/splitter-ff120ee1edcccc80.2ak1pvobmjvjjmjyq9d8nh6t7.rcgu.o,archive,Asset o artefacto binario,deprecar,Definir politica de retencion/purga; no usar como fuente de verdad.,-
1576,archive/project_docs/prompts/scripts/split/rust/target/debug/deps/splitter-ff120ee1edcccc80.2bnkwahlu69wzedwqxpw2aujz.rcgu.o,archive,Asset o artefacto binario,deprecar,Definir politica de retencion/purga; no usar como fuente de verdad.,-
1577,archive/project_docs/prompts/scripts/split/rust/target/debug/deps/splitter-ff120ee1edcccc80.4bt65waqz74xlq2buppy5kphq.rcgu.o,archive,Asset o artefacto binario,deprecar,Definir politica de retencion/purga; no usar como fuente de verdad.,-
1578,archive/project_docs/prompts/scripts/split/rust/target/debug/deps/splitter-ff120ee1edcccc80.4miznfnfrc0zs2ss6nqhca2hu.rcgu.o,archive,Asset o artefacto binario,deprecar,Definir politica de retencion/purga; no usar como fuente de verdad.,-
1579,archive/project_docs/prompts/scripts/split/rust/target/debug/deps/splitter-ff120ee1edcccc80.4pr7qu1rnjiezmdxm1jf1llh1.rcgu.o,archive,Asset o artefacto binario,deprecar,Definir politica de retencion/purga; no usar como fuente de verdad.,-
1580,archive/project_docs/prompts/scripts/split/rust/target/debug/deps/splitter-ff120ee1edcccc80.4vie4m3xfhetw6vfkiucnt6ht.rcgu.o,archive,Asset o artefacto binario,deprecar,Definir politica de retencion/purga; no usar como fuente de verdad.,-
1581,archive/project_docs/prompts/scripts/split/rust/target/debug/deps/splitter-ff120ee1edcccc80.4z67lok06b0nx4h4d4lw4l7py.rcgu.o,archive,Asset o artefacto binario,deprecar,Definir politica de retencion/purga; no usar como fuente de verdad.,-
1582,archive/project_docs/prompts/scripts/split/rust/target/debug/deps/splitter-ff120ee1edcccc80.59f26pj78jgkw7igbfi78fdv3.rcgu.o,archive,Asset o artefacto binario,deprecar,Definir politica de retencion/purga; no usar como fuente de verdad.,-
1583,archive/project_docs/prompts/scripts/split/rust/target/debug/deps/splitter-ff120ee1edcccc80.5ccd1s9jeuo6tih3i84ydu8oj.rcgu.o,archive,Asset o artefacto binario,deprecar,Definir politica de retencion/purga; no usar como fuente de verdad.,-
1584,archive/project_docs/prompts/scripts/split/rust/target/debug/deps/splitter-ff120ee1edcccc80.66zju6ogy85id78zgmual5pnp.rcgu.o,archive,Asset o artefacto binario,deprecar,Definir politica de retencion/purga; no usar como fuente de verdad.,-
1585,archive/project_docs/prompts/scripts/split/rust/target/debug/deps/splitter-ff120ee1edcccc80.69geme9y4ympr539j9ew6n1fm.rcgu.o,archive,Asset o artefacto binario,deprecar,Definir politica de retencion/purga; no usar como fuente de verdad.,-
1586,archive/project_docs/prompts/scripts/split/rust/target/debug/deps/splitter-ff120ee1edcccc80.6og8ifw0y4ux225idly9chakk.rcgu.o,archive,Asset o artefacto binario,deprecar,Definir politica de retencion/purga; no usar como fuente de verdad.,-
1587,archive/project_docs/prompts/scripts/split/rust/target/debug/deps/splitter-ff120ee1edcccc80.6r8rgkylb335dqw5scbxfd8xw.rcgu.o,archive,Asset o artefacto binario,deprecar,Definir politica de retencion/purga; no usar como fuente de verdad.,-
1588,archive/project_docs/prompts/scripts/split/rust/target/debug/deps/splitter-ff120ee1edcccc80.6tt85p8h0el4wgt7i09i7nuam.rcgu.o,archive,Asset o artefacto binario,deprecar,Definir politica de retencion/purga; no usar como fuente de verdad.,-
1589,archive/project_docs/prompts/scripts/split/rust/target/debug/deps/splitter-ff120ee1edcccc80.77n3wby7sz20uj38eorb0i9sq.rcgu.o,archive,Asset o artefacto binario,deprecar,Definir politica de retencion/purga; no usar como fuente de verdad.,-
1590,archive/project_docs/prompts/scripts/split/rust/target/debug/deps/splitter-ff120ee1edcccc80.7kh5t39m23hubgdouswljlro6.rcgu.o,archive,Asset o artefacto binario,deprecar,Definir politica de retencion/purga; no usar como fuente de verdad.,-
1591,archive/project_docs/prompts/scripts/split/rust/target/debug/deps/splitter-ff120ee1edcccc80.7utuqm8wzvdkyt51yeavyjkxh.rcgu.o,archive,Asset o artefacto binario,deprecar,Definir politica de retencion/purga; no usar como fuente de verdad.,-
1592,archive/project_docs/prompts/scripts/split/rust/target/debug/deps/splitter-ff120ee1edcccc80.7xfhepuljtz04durfs1o0b8zj.rcgu.o,archive,Asset o artefacto binario,deprecar,Definir politica de retencion/purga; no usar como fuente de verdad.,-
1593,archive/project_docs/prompts/scripts/split/rust/target/debug/deps/splitter-ff120ee1edcccc80.7xr8mwtjt8ex6mln48dq5sngi.rcgu.o,archive,Asset o artefacto binario,deprecar,Definir politica de retencion/purga; no usar como fuente de verdad.,-
1594,archive/project_docs/prompts/scripts/split/rust/target/debug/deps/splitter-ff120ee1edcccc80.82lzj6sx8nd4kvo61uspool97.rcgu.o,archive,Asset o artefacto binario,deprecar,Definir politica de retencion/purga; no usar como fuente de verdad.,-
1595,archive/project_docs/prompts/scripts/split/rust/target/debug/deps/splitter-ff120ee1edcccc80.86s457gfce8fgx1giz339s6zt.rcgu.o,archive,Asset o artefacto binario,deprecar,Definir politica de retencion/purga; no usar como fuente de verdad.,-
1596,archive/project_docs/prompts/scripts/split/rust/target/debug/deps/splitter-ff120ee1edcccc80.8b0l925oiqayeiu147i2ug60k.rcgu.o,archive,Asset o artefacto binario,deprecar,Definir politica de retencion/purga; no usar como fuente de verdad.,-
1597,archive/project_docs/prompts/scripts/split/rust/target/debug/deps/splitter-ff120ee1edcccc80.8edykkvvu6azm5yxed5pnx6r2.rcgu.o,archive,Asset o artefacto binario,deprecar,Definir politica de retencion/purga; no usar como fuente de verdad.,-
1598,archive/project_docs/prompts/scripts/split/rust/target/debug/deps/splitter-ff120ee1edcccc80.99kqgn67gr5bbde0w5tpxu97d.rcgu.o,archive,Asset o artefacto binario,deprecar,Definir politica de retencion/purga; no usar como fuente de verdad.,-
1599,archive/project_docs/prompts/scripts/split/rust/target/debug/deps/splitter-ff120ee1edcccc80.9b3pp1hhgapp1c5qn7hp2ssq9.rcgu.o,archive,Asset o artefacto binario,deprecar,Definir politica de retencion/purga; no usar como fuente de verdad.,-
1600,archive/project_docs/prompts/scripts/split/rust/target/debug/deps/splitter-ff120ee1edcccc80.9b40xf3swiiz4iglch2gytvk5.rcgu.o,archive,Asset o artefacto binario,deprecar,Definir politica de retencion/purga; no usar como fuente de verdad.,-
1601,archive/project_docs/prompts/scripts/split/rust/target/debug/deps/splitter-ff120ee1edcccc80.9omtei44yhggny7j2qdafs3eu.rcgu.o,archive,Asset o artefacto binario,deprecar,Definir politica de retencion/purga; no usar como fuente de verdad.,-
1602,archive/project_docs/prompts/scripts/split/rust/target/debug/deps/splitter-ff120ee1edcccc80.9xyxo3on3mcjgkx1y0r1amlrm.rcgu.o,archive,Asset o artefacto binario,deprecar,Definir politica de retencion/purga; no usar como fuente de verdad.,-
1603,archive/project_docs/prompts/scripts/split/rust/target/debug/deps/splitter-ff120ee1edcccc80.aevgtjji2z8tn5k62rqz4e0gf.rcgu.o,archive,Asset o artefacto binario,deprecar,Definir politica de retencion/purga; no usar como fuente de verdad.,-
1604,archive/project_docs/prompts/scripts/split/rust/target/debug/deps/splitter-ff120ee1edcccc80.amb0kuhu35ebyhly07hhvrylt.rcgu.o,archive,Asset o artefacto binario,deprecar,Definir politica de retencion/purga; no usar como fuente de verdad.,-
1605,archive/project_docs/prompts/scripts/split/rust/target/debug/deps/splitter-ff120ee1edcccc80.ammx4wp8rwo82br5ry9gmrfi1.rcgu.o,archive,Asset o artefacto binario,deprecar,Definir politica de retencion/purga; no usar como fuente de verdad.,-
1606,archive/project_docs/prompts/scripts/split/rust/target/debug/deps/splitter-ff120ee1edcccc80.b4rqhn4ne8qafawgxp8lx3yvu.rcgu.o,archive,Asset o artefacto binario,deprecar,Definir politica de retencion/purga; no usar como fuente de verdad.,-
1607,archive/project_docs/prompts/scripts/split/rust/target/debug/deps/splitter-ff120ee1edcccc80.b7fjufzz46yuki4ppmfvwhmh6.rcgu.o,archive,Asset o artefacto binario,deprecar,Definir politica de retencion/purga; no usar como fuente de verdad.,-
1608,archive/project_docs/prompts/scripts/split/rust/target/debug/deps/splitter-ff120ee1edcccc80.b8ahz3jsid327whs0cncu1ef5.rcgu.o,archive,Asset o artefacto binario,deprecar,Definir politica de retencion/purga; no usar como fuente de verdad.,-
1609,archive/project_docs/prompts/scripts/split/rust/target/debug/deps/splitter-ff120ee1edcccc80.bcda849tcnpodajpszmsw4tgx.rcgu.o,archive,Asset o artefacto binario,deprecar,Definir politica de retencion/purga; no usar como fuente de verdad.,-
1610,archive/project_docs/prompts/scripts/split/rust/target/debug/deps/splitter-ff120ee1edcccc80.biyuga0q0gwtiai6lyn6hqg1e.rcgu.o,archive,Asset o artefacto binario,deprecar,Definir politica de retencion/purga; no usar como fuente de verdad.,-
1611,archive/project_docs/prompts/scripts/split/rust/target/debug/deps/splitter-ff120ee1edcccc80.bqa1f5vjuhdffa3jm0jxsb6po.rcgu.o,archive,Asset o artefacto binario,deprecar,Definir politica de retencion/purga; no usar como fuente de verdad.,-
1612,archive/project_docs/prompts/scripts/split/rust/target/debug/deps/splitter-ff120ee1edcccc80.bsjfoontmjknuu1lr0whnuy5l.rcgu.o,archive,Asset o artefacto binario,deprecar,Definir politica de retencion/purga; no usar como fuente de verdad.,-
1613,archive/project_docs/prompts/scripts/split/rust/target/debug/deps/splitter-ff120ee1edcccc80.c8sw5x92eg6yuj095bytzkuvw.rcgu.o,archive,Asset o artefacto binario,deprecar,Definir politica de retencion/purga; no usar como fuente de verdad.,-
1614,archive/project_docs/prompts/scripts/split/rust/target/debug/deps/splitter-ff120ee1edcccc80.d,archive,Retencion historica fuera del canon activo,deprecar,Definir politica de retencion/purga; no usar como fuente de verdad.,-
1615,archive/project_docs/prompts/scripts/split/rust/target/debug/deps/splitter-ff120ee1edcccc80.d49qy734iizg9ryr3yrzpd01n.rcgu.o,archive,Asset o artefacto binario,deprecar,Definir politica de retencion/purga; no usar como fuente de verdad.,-
1616,archive/project_docs/prompts/scripts/split/rust/target/debug/deps/splitter-ff120ee1edcccc80.d5d113k995mf97ncvrn9e023m.rcgu.o,archive,Asset o artefacto binario,deprecar,Definir politica de retencion/purga; no usar como fuente de verdad.,-
1617,archive/project_docs/prompts/scripts/split/rust/target/debug/deps/splitter-ff120ee1edcccc80.d6z5moa10i7tx9d222x1aq7f3.rcgu.o,archive,Asset o artefacto binario,deprecar,Definir politica de retencion/purga; no usar como fuente de verdad.,-
1618,archive/project_docs/prompts/scripts/split/rust/target/debug/deps/splitter-ff120ee1edcccc80.ds77vz8ltev348hrzchv2pa2o.rcgu.o,archive,Asset o artefacto binario,deprecar,Definir politica de retencion/purga; no usar como fuente de verdad.,-
1619,archive/project_docs/prompts/scripts/split/rust/target/debug/deps/splitter-ff120ee1edcccc80.ds9wpclt2x8l4drmvpu6j8xhk.rcgu.o,archive,Asset o artefacto binario,deprecar,Definir politica de retencion/purga; no usar como fuente de verdad.,-
1620,archive/project_docs/prompts/scripts/split/rust/target/debug/deps/splitter-ff120ee1edcccc80.e5jkwp6df7sh7c81cychjt8s6.rcgu.o,archive,Asset o artefacto binario,deprecar,Definir politica de retencion/purga; no usar como fuente de verdad.,-
1621,archive/project_docs/prompts/scripts/split/rust/target/debug/deps/splitter-ff120ee1edcccc80.e8jlfdl4awb7kzymy0isqoizl.rcgu.o,archive,Asset o artefacto binario,deprecar,Definir politica de retencion/purga; no usar como fuente de verdad.,-
1622,archive/project_docs/prompts/scripts/split/rust/target/debug/deps/splitter-ff120ee1edcccc80.e8twqb8bipvx9emm4wpgbqr1j.rcgu.o,archive,Asset o artefacto binario,deprecar,Definir politica de retencion/purga; no usar como fuente de verdad.,-
1623,archive/project_docs/prompts/scripts/split/rust/target/debug/deps/splitter-ff120ee1edcccc80.eb5422kzj5h5a3tqjm3mwvmu9.rcgu.o,archive,Asset o artefacto binario,deprecar,Definir politica de retencion/purga; no usar como fuente de verdad.,-
1624,archive/project_docs/prompts/scripts/split/rust/target/debug/deps/splitter-ff120ee1edcccc80.egjc6e87s89xu53gqar067r99.rcgu.o,archive,Asset o artefacto binario,deprecar,Definir politica de retencion/purga; no usar como fuente de verdad.,-
1625,archive/project_docs/prompts/scripts/split/rust/target/debug/deps/splitter-ff120ee1edcccc80.etijr7jh90zw63287gsaxm0lf.rcgu.o,archive,Asset o artefacto binario,deprecar,Definir politica de retencion/purga; no usar como fuente de verdad.,-
1626,archive/project_docs/prompts/scripts/split/rust/target/debug/deps/splitter-ff120ee1edcccc80.ewtwbgsyt0v0r9etz5dmua6ja.rcgu.o,archive,Asset o artefacto binario,deprecar,Definir politica de retencion/purga; no usar como fuente de verdad.,-
1627,archive/project_docs/prompts/scripts/split/rust/target/debug/deps/splitter-ff120ee1edcccc80.f2dlw64dixmmybmxqhrijkheq.rcgu.o,archive,Asset o artefacto binario,deprecar,Definir politica de retencion/purga; no usar como fuente de verdad.,-
1628,archive/project_docs/prompts/scripts/split/rust/target/debug/deps/syn-a8419e3abcbc759d.d,archive,Retencion historica fuera del canon activo,deprecar,Definir politica de retencion/purga; no usar como fuente de verdad.,-
1629,archive/project_docs/prompts/scripts/split/rust/target/debug/deps/unicode_ident-d94afd1349fe509c.d,archive,Retencion historica fuera del canon activo,deprecar,Definir politica de retencion/purga; no usar como fuente de verdad.,-
1630,archive/project_docs/prompts/scripts/split/rust/target/debug/incremental/splitter-0j2w09f6pxdnr/s-h9ftqy24al-0p32twx-a9n0lzauqlduxehbyummjomwp/0fjymvzt4m97x1rz6dj62pjl9.o,archive,Asset o artefacto binario,deprecar,Definir politica de retencion/purga; no usar como fuente de verdad.,-
1631,archive/project_docs/prompts/scripts/split/rust/target/debug/incremental/splitter-0j2w09f6pxdnr/s-h9ftqy24al-0p32twx-a9n0lzauqlduxehbyummjomwp/0g9cqk6stzycgxasc5htylzv4.o,archive,Asset o artefacto binario,deprecar,Definir politica de retencion/purga; no usar como fuente de verdad.,-
1632,archive/project_docs/prompts/scripts/split/rust/target/debug/incremental/splitter-0j2w09f6pxdnr/s-h9ftqy24al-0p32twx-a9n0lzauqlduxehbyummjomwp/0jdemhstjcswz4lgg0r22wchv.o,archive,Asset o artefacto binario,deprecar,Definir politica de retencion/purga; no usar como fuente de verdad.,-
1633,archive/project_docs/prompts/scripts/split/rust/target/debug/incremental/splitter-0j2w09f6pxdnr/s-h9ftqy24al-0p32twx-a9n0lzauqlduxehbyummjomwp/0nei5blttfnjcqmeb6m1w2fdc.o,archive,Asset o artefacto binario,deprecar,Definir politica de retencion/purga; no usar como fuente de verdad.,-
1634,archive/project_docs/prompts/scripts/split/rust/target/debug/incremental/splitter-0j2w09f6pxdnr/s-h9ftqy24al-0p32twx-a9n0lzauqlduxehbyummjomwp/0rkec1ldv56rhged3h8vfvvkk.o,archive,Asset o artefacto binario,deprecar,Definir politica de retencion/purga; no usar como fuente de verdad.,-
1635,archive/project_docs/prompts/scripts/split/rust/target/debug/incremental/splitter-0j2w09f6pxdnr/s-h9ftqy24al-0p32twx-a9n0lzauqlduxehbyummjomwp/143jp5nuf0zesn6orftx0mwtx.o,archive,Asset o artefacto binario,deprecar,Definir politica de retencion/purga; no usar como fuente de verdad.,-
1636,archive/project_docs/prompts/scripts/split/rust/target/debug/incremental/splitter-0j2w09f6pxdnr/s-h9ftqy24al-0p32twx-a9n0lzauqlduxehbyummjomwp/1amwxr7js4a0ew96xxfkdd4wo.o,archive,Asset o artefacto binario,deprecar,Definir politica de retencion/purga; no usar como fuente de verdad.,-
1637,archive/project_docs/prompts/scripts/split/rust/target/debug/incremental/splitter-0j2w09f6pxdnr/s-h9ftqy24al-0p32twx-a9n0lzauqlduxehbyummjomwp/1e6mzfl7ycpr774wcaezf5fyq.o,archive,Asset o artefacto binario,deprecar,Definir politica de retencion/purga; no usar como fuente de verdad.,-
1638,archive/project_docs/prompts/scripts/split/rust/target/debug/incremental/splitter-0j2w09f6pxdnr/s-h9ftqy24al-0p32twx-a9n0lzauqlduxehbyummjomwp/1k7xx8nx16frhabcd483fadou.o,archive,Asset o artefacto binario,deprecar,Definir politica de retencion/purga; no usar como fuente de verdad.,-
1639,archive/project_docs/prompts/scripts/split/rust/target/debug/incremental/splitter-0j2w09f6pxdnr/s-h9ftqy24al-0p32twx-a9n0lzauqlduxehbyummjomwp/1mtwn3v4b5i0dawmbcay64fts.o,archive,Asset o artefacto binario,deprecar,Definir politica de retencion/purga; no usar como fuente de verdad.,-
1640,archive/project_docs/prompts/scripts/split/rust/target/debug/incremental/splitter-0j2w09f6pxdnr/s-h9ftqy24al-0p32twx-a9n0lzauqlduxehbyummjomwp/1muyk0s1bsv8zcqg03hm49f20.o,archive,Asset o artefacto binario,deprecar,Definir politica de retencion/purga; no usar como fuente de verdad.,-
1641,archive/project_docs/prompts/scripts/split/rust/target/debug/incremental/splitter-0j2w09f6pxdnr/s-h9ftqy24al-0p32twx-a9n0lzauqlduxehbyummjomwp/1n09lepdznq9hjyswzq2dycai.o,archive,Asset o artefacto binario,deprecar,Definir politica de retencion/purga; no usar como fuente de verdad.,-
1642,archive/project_docs/prompts/scripts/split/rust/target/debug/incremental/splitter-0j2w09f6pxdnr/s-h9ftqy24al-0p32twx-a9n0lzauqlduxehbyummjomwp/1osxrux8k6a13q8tq7adll4fr.o,archive,Asset o artefacto binario,deprecar,Definir politica de retencion/purga; no usar como fuente de verdad.,-
1643,archive/project_docs/prompts/scripts/split/rust/target/debug/incremental/splitter-0j2w09f6pxdnr/s-h9ftqy24al-0p32twx-a9n0lzauqlduxehbyummjomwp/1svznq91cue07tmlokiv601rn.o,archive,Asset o artefacto binario,deprecar,Definir politica de retencion/purga; no usar como fuente de verdad.,-
1644,archive/project_docs/prompts/scripts/split/rust/target/debug/incremental/splitter-0j2w09f6pxdnr/s-h9ftqy24al-0p32twx-a9n0lzauqlduxehbyummjomwp/1zskq9c8wk7tgex9uoebkiquq.o,archive,Asset o artefacto binario,deprecar,Definir politica de retencion/purga; no usar como fuente de verdad.,-
1645,archive/project_docs/prompts/scripts/split/rust/target/debug/incremental/splitter-0j2w09f6pxdnr/s-h9ftqy24al-0p32twx-a9n0lzauqlduxehbyummjomwp/22v6ywi3ri0cu471nq0izdbz9.o,archive,Asset o artefacto binario,deprecar,Definir politica de retencion/purga; no usar como fuente de verdad.,-
1646,archive/project_docs/prompts/scripts/split/rust/target/debug/incremental/splitter-0j2w09f6pxdnr/s-h9ftqy24al-0p32twx-a9n0lzauqlduxehbyummjomwp/22vrcbj58cg4nzg3rknnq2mut.o,archive,Asset o artefacto binario,deprecar,Definir politica de retencion/purga; no usar como fuente de verdad.,-
1647,archive/project_docs/prompts/scripts/split/rust/target/debug/incremental/splitter-0j2w09f6pxdnr/s-h9ftqy24al-0p32twx-a9n0lzauqlduxehbyummjomwp/2447v23ogb3ppn0oldgrqdzzb.o,archive,Asset o artefacto binario,deprecar,Definir politica de retencion/purga; no usar como fuente de verdad.,-
1648,archive/project_docs/prompts/scripts/split/rust/target/debug/incremental/splitter-0j2w09f6pxdnr/s-h9ftqy24al-0p32twx-a9n0lzauqlduxehbyummjomwp/2ak1pvobmjvjjmjyq9d8nh6t7.o,archive,Asset o artefacto binario,deprecar,Definir politica de retencion/purga; no usar como fuente de verdad.,-
1649,archive/project_docs/prompts/scripts/split/rust/target/debug/incremental/splitter-0j2w09f6pxdnr/s-h9ftqy24al-0p32twx-a9n0lzauqlduxehbyummjomwp/2bnkwahlu69wzedwqxpw2aujz.o,archive,Asset o artefacto binario,deprecar,Definir politica de retencion/purga; no usar como fuente de verdad.,-
1650,archive/project_docs/prompts/scripts/split/rust/target/debug/incremental/splitter-0j2w09f6pxdnr/s-h9ftqy24al-0p32twx-a9n0lzauqlduxehbyummjomwp/4bt65waqz74xlq2buppy5kphq.o,archive,Asset o artefacto binario,deprecar,Definir politica de retencion/purga; no usar como fuente de verdad.,-
1651,archive/project_docs/prompts/scripts/split/rust/target/debug/incremental/splitter-0j2w09f6pxdnr/s-h9ftqy24al-0p32twx-a9n0lzauqlduxehbyummjomwp/4miznfnfrc0zs2ss6nqhca2hu.o,archive,Asset o artefacto binario,deprecar,Definir politica de retencion/purga; no usar como fuente de verdad.,-
1652,archive/project_docs/prompts/scripts/split/rust/target/debug/incremental/splitter-0j2w09f6pxdnr/s-h9ftqy24al-0p32twx-a9n0lzauqlduxehbyummjomwp/4pr7qu1rnjiezmdxm1jf1llh1.o,archive,Asset o artefacto binario,deprecar,Definir politica de retencion/purga; no usar como fuente de verdad.,-
1653,archive/project_docs/prompts/scripts/split/rust/target/debug/incremental/splitter-0j2w09f6pxdnr/s-h9ftqy24al-0p32twx-a9n0lzauqlduxehbyummjomwp/4vie4m3xfhetw6vfkiucnt6ht.o,archive,Asset o artefacto binario,deprecar,Definir politica de retencion/purga; no usar como fuente de verdad.,-
1654,archive/project_docs/prompts/scripts/split/rust/target/debug/incremental/splitter-0j2w09f6pxdnr/s-h9ftqy24al-0p32twx-a9n0lzauqlduxehbyummjomwp/4z67lok06b0nx4h4d4lw4l7py.o,archive,Asset o artefacto binario,deprecar,Definir politica de retencion/purga; no usar como fuente de verdad.,-
1655,archive/project_docs/prompts/scripts/split/rust/target/debug/incremental/splitter-0j2w09f6pxdnr/s-h9ftqy24al-0p32twx-a9n0lzauqlduxehbyummjomwp/59f26pj78jgkw7igbfi78fdv3.o,archive,Asset o artefacto binario,deprecar,Definir politica de retencion/purga; no usar como fuente de verdad.,-
1656,archive/project_docs/prompts/scripts/split/rust/target/debug/incremental/splitter-0j2w09f6pxdnr/s-h9ftqy24al-0p32twx-a9n0lzauqlduxehbyummjomwp/5ccd1s9jeuo6tih3i84ydu8oj.o,archive,Asset o artefacto binario,deprecar,Definir politica de retencion/purga; no usar como fuente de verdad.,-
1657,archive/project_docs/prompts/scripts/split/rust/target/debug/incremental/splitter-0j2w09f6pxdnr/s-h9ftqy24al-0p32twx-a9n0lzauqlduxehbyummjomwp/66zju6ogy85id78zgmual5pnp.o,archive,Asset o artefacto binario,deprecar,Definir politica de retencion/purga; no usar como fuente de verdad.,-
1658,archive/project_docs/prompts/scripts/split/rust/target/debug/incremental/splitter-0j2w09f6pxdnr/s-h9ftqy24al-0p32twx-a9n0lzauqlduxehbyummjomwp/69geme9y4ympr539j9ew6n1fm.o,archive,Asset o artefacto binario,deprecar,Definir politica de retencion/purga; no usar como fuente de verdad.,-
1659,archive/project_docs/prompts/scripts/split/rust/target/debug/incremental/splitter-0j2w09f6pxdnr/s-h9ftqy24al-0p32twx-a9n0lzauqlduxehbyummjomwp/6og8ifw0y4ux225idly9chakk.o,archive,Asset o artefacto binario,deprecar,Definir politica de retencion/purga; no usar como fuente de verdad.,-
1660,archive/project_docs/prompts/scripts/split/rust/target/debug/incremental/splitter-0j2w09f6pxdnr/s-h9ftqy24al-0p32twx-a9n0lzauqlduxehbyummjomwp/6r8rgkylb335dqw5scbxfd8xw.o,archive,Asset o artefacto binario,deprecar,Definir politica de retencion/purga; no usar como fuente de verdad.,-
1661,archive/project_docs/prompts/scripts/split/rust/target/debug/incremental/splitter-0j2w09f6pxdnr/s-h9ftqy24al-0p32twx-a9n0lzauqlduxehbyummjomwp/6tt85p8h0el4wgt7i09i7nuam.o,archive,Asset o artefacto binario,deprecar,Definir politica de retencion/purga; no usar como fuente de verdad.,-
1662,archive/project_docs/prompts/scripts/split/rust/target/debug/incremental/splitter-0j2w09f6pxdnr/s-h9ftqy24al-0p32twx-a9n0lzauqlduxehbyummjomwp/77n3wby7sz20uj38eorb0i9sq.o,archive,Asset o artefacto binario,deprecar,Definir politica de retencion/purga; no usar como fuente de verdad.,-
1663,archive/project_docs/prompts/scripts/split/rust/target/debug/incremental/splitter-0j2w09f6pxdnr/s-h9ftqy24al-0p32twx-a9n0lzauqlduxehbyummjomwp/7kh5t39m23hubgdouswljlro6.o,archive,Asset o artefacto binario,deprecar,Definir politica de retencion/purga; no usar como fuente de verdad.,-
1664,archive/project_docs/prompts/scripts/split/rust/target/debug/incremental/splitter-0j2w09f6pxdnr/s-h9ftqy24al-0p32twx-a9n0lzauqlduxehbyummjomwp/7utuqm8wzvdkyt51yeavyjkxh.o,archive,Asset o artefacto binario,deprecar,Definir politica de retencion/purga; no usar como fuente de verdad.,-
1665,archive/project_docs/prompts/scripts/split/rust/target/debug/incremental/splitter-0j2w09f6pxdnr/s-h9ftqy24al-0p32twx-a9n0lzauqlduxehbyummjomwp/7xfhepuljtz04durfs1o0b8zj.o,archive,Asset o artefacto binario,deprecar,Definir politica de retencion/purga; no usar como fuente de verdad.,-
1666,archive/project_docs/prompts/scripts/split/rust/target/debug/incremental/splitter-0j2w09f6pxdnr/s-h9ftqy24al-0p32twx-a9n0lzauqlduxehbyummjomwp/7xr8mwtjt8ex6mln48dq5sngi.o,archive,Asset o artefacto binario,deprecar,Definir politica de retencion/purga; no usar como fuente de verdad.,-
1667,archive/project_docs/prompts/scripts/split/rust/target/debug/incremental/splitter-0j2w09f6pxdnr/s-h9ftqy24al-0p32twx-a9n0lzauqlduxehbyummjomwp/82lzj6sx8nd4kvo61uspool97.o,archive,Asset o artefacto binario,deprecar,Definir politica de retencion/purga; no usar como fuente de verdad.,-
1668,archive/project_docs/prompts/scripts/split/rust/target/debug/incremental/splitter-0j2w09f6pxdnr/s-h9ftqy24al-0p32twx-a9n0lzauqlduxehbyummjomwp/86s457gfce8fgx1giz339s6zt.o,archive,Asset o artefacto binario,deprecar,Definir politica de retencion/purga; no usar como fuente de verdad.,-
1669,archive/project_docs/prompts/scripts/split/rust/target/debug/incremental/splitter-0j2w09f6pxdnr/s-h9ftqy24al-0p32twx-a9n0lzauqlduxehbyummjomwp/8b0l925oiqayeiu147i2ug60k.o,archive,Asset o artefacto binario,deprecar,Definir politica de retencion/purga; no usar como fuente de verdad.,-
1670,archive/project_docs/prompts/scripts/split/rust/target/debug/incremental/splitter-0j2w09f6pxdnr/s-h9ftqy24al-0p32twx-a9n0lzauqlduxehbyummjomwp/8edykkvvu6azm5yxed5pnx6r2.o,archive,Asset o artefacto binario,deprecar,Definir politica de retencion/purga; no usar como fuente de verdad.,-
1671,archive/project_docs/prompts/scripts/split/rust/target/debug/incremental/splitter-0j2w09f6pxdnr/s-h9ftqy24al-0p32twx-a9n0lzauqlduxehbyummjomwp/99kqgn67gr5bbde0w5tpxu97d.o,archive,Asset o artefacto binario,deprecar,Definir politica de retencion/purga; no usar como fuente de verdad.,-
1672,archive/project_docs/prompts/scripts/split/rust/target/debug/incremental/splitter-0j2w09f6pxdnr/s-h9ftqy24al-0p32twx-a9n0lzauqlduxehbyummjomwp/9b3pp1hhgapp1c5qn7hp2ssq9.o,archive,Asset o artefacto binario,deprecar,Definir politica de retencion/purga; no usar como fuente de verdad.,-
1673,archive/project_docs/prompts/scripts/split/rust/target/debug/incremental/splitter-0j2w09f6pxdnr/s-h9ftqy24al-0p32twx-a9n0lzauqlduxehbyummjomwp/9b40xf3swiiz4iglch2gytvk5.o,archive,Asset o artefacto binario,deprecar,Definir politica de retencion/purga; no usar como fuente de verdad.,-
1674,archive/project_docs/prompts/scripts/split/rust/target/debug/incremental/splitter-0j2w09f6pxdnr/s-h9ftqy24al-0p32twx-a9n0lzauqlduxehbyummjomwp/9omtei44yhggny7j2qdafs3eu.o,archive,Asset o artefacto binario,deprecar,Definir politica de retencion/purga; no usar como fuente de verdad.,-
1675,archive/project_docs/prompts/scripts/split/rust/target/debug/incremental/splitter-0j2w09f6pxdnr/s-h9ftqy24al-0p32twx-a9n0lzauqlduxehbyummjomwp/9xyxo3on3mcjgkx1y0r1amlrm.o,archive,Asset o artefacto binario,deprecar,Definir politica de retencion/purga; no usar como fuente de verdad.,-
1676,archive/project_docs/prompts/scripts/split/rust/target/debug/incremental/splitter-0j2w09f6pxdnr/s-h9ftqy24al-0p32twx-a9n0lzauqlduxehbyummjomwp/aevgtjji2z8tn5k62rqz4e0gf.o,archive,Asset o artefacto binario,deprecar,Definir politica de retencion/purga; no usar como fuente de verdad.,-
1677,archive/project_docs/prompts/scripts/split/rust/target/debug/incremental/splitter-0j2w09f6pxdnr/s-h9ftqy24al-0p32twx-a9n0lzauqlduxehbyummjomwp/amb0kuhu35ebyhly07hhvrylt.o,archive,Asset o artefacto binario,deprecar,Definir politica de retencion/purga; no usar como fuente de verdad.,-
1678,archive/project_docs/prompts/scripts/split/rust/target/debug/incremental/splitter-0j2w09f6pxdnr/s-h9ftqy24al-0p32twx-a9n0lzauqlduxehbyummjomwp/ammx4wp8rwo82br5ry9gmrfi1.o,archive,Asset o artefacto binario,deprecar,Definir politica de retencion/purga; no usar como fuente de verdad.,-
1679,archive/project_docs/prompts/scripts/split/rust/target/debug/incremental/splitter-0j2w09f6pxdnr/s-h9ftqy24al-0p32twx-a9n0lzauqlduxehbyummjomwp/b4rqhn4ne8qafawgxp8lx3yvu.o,archive,Asset o artefacto binario,deprecar,Definir politica de retencion/purga; no usar como fuente de verdad.,-
1680,archive/project_docs/prompts/scripts/split/rust/target/debug/incremental/splitter-0j2w09f6pxdnr/s-h9ftqy24al-0p32twx-a9n0lzauqlduxehbyummjomwp/b7fjufzz46yuki4ppmfvwhmh6.o,archive,Asset o artefacto binario,deprecar,Definir politica de retencion/purga; no usar como fuente de verdad.,-
1681,archive/project_docs/prompts/scripts/split/rust/target/debug/incremental/splitter-0j2w09f6pxdnr/s-h9ftqy24al-0p32twx-a9n0lzauqlduxehbyummjomwp/b8ahz3jsid327whs0cncu1ef5.o,archive,Asset o artefacto binario,deprecar,Definir politica de retencion/purga; no usar como fuente de verdad.,-
1682,archive/project_docs/prompts/scripts/split/rust/target/debug/incremental/splitter-0j2w09f6pxdnr/s-h9ftqy24al-0p32twx-a9n0lzauqlduxehbyummjomwp/bcda849tcnpodajpszmsw4tgx.o,archive,Asset o artefacto binario,deprecar,Definir politica de retencion/purga; no usar como fuente de verdad.,-
1683,archive/project_docs/prompts/scripts/split/rust/target/debug/incremental/splitter-0j2w09f6pxdnr/s-h9ftqy24al-0p32twx-a9n0lzauqlduxehbyummjomwp/biyuga0q0gwtiai6lyn6hqg1e.o,archive,Asset o artefacto binario,deprecar,Definir politica de retencion/purga; no usar como fuente de verdad.,-
1684,archive/project_docs/prompts/scripts/split/rust/target/debug/incremental/splitter-0j2w09f6pxdnr/s-h9ftqy24al-0p32twx-a9n0lzauqlduxehbyummjomwp/bqa1f5vjuhdffa3jm0jxsb6po.o,archive,Asset o artefacto binario,deprecar,Definir politica de retencion/purga; no usar como fuente de verdad.,-
1685,archive/project_docs/prompts/scripts/split/rust/target/debug/incremental/splitter-0j2w09f6pxdnr/s-h9ftqy24al-0p32twx-a9n0lzauqlduxehbyummjomwp/bsjfoontmjknuu1lr0whnuy5l.o,archive,Asset o artefacto binario,deprecar,Definir politica de retencion/purga; no usar como fuente de verdad.,-
1686,archive/project_docs/prompts/scripts/split/rust/target/debug/incremental/splitter-0j2w09f6pxdnr/s-h9ftqy24al-0p32twx-a9n0lzauqlduxehbyummjomwp/c8sw5x92eg6yuj095bytzkuvw.o,archive,Asset o artefacto binario,deprecar,Definir politica de retencion/purga; no usar como fuente de verdad.,-
1687,archive/project_docs/prompts/scripts/split/rust/target/debug/incremental/splitter-0j2w09f6pxdnr/s-h9ftqy24al-0p32twx-a9n0lzauqlduxehbyummjomwp/d49qy734iizg9ryr3yrzpd01n.o,archive,Asset o artefacto binario,deprecar,Definir politica de retencion/purga; no usar como fuente de verdad.,-
1688,archive/project_docs/prompts/scripts/split/rust/target/debug/incremental/splitter-0j2w09f6pxdnr/s-h9ftqy24al-0p32twx-a9n0lzauqlduxehbyummjomwp/d5d113k995mf97ncvrn9e023m.o,archive,Asset o artefacto binario,deprecar,Definir politica de retencion/purga; no usar como fuente de verdad.,-
1689,archive/project_docs/prompts/scripts/split/rust/target/debug/incremental/splitter-0j2w09f6pxdnr/s-h9ftqy24al-0p32twx-a9n0lzauqlduxehbyummjomwp/d6z5moa10i7tx9d222x1aq7f3.o,archive,Asset o artefacto binario,deprecar,Definir politica de retencion/purga; no usar como fuente de verdad.,-
1690,archive/project_docs/prompts/scripts/split/rust/target/debug/incremental/splitter-0j2w09f6pxdnr/s-h9ftqy24al-0p32twx-a9n0lzauqlduxehbyummjomwp/dep-graph.bin,archive,Asset o artefacto binario,deprecar,Definir politica de retencion/purga; no usar como fuente de verdad.,-
1691,archive/project_docs/prompts/scripts/split/rust/target/debug/incremental/splitter-0j2w09f6pxdnr/s-h9ftqy24al-0p32twx-a9n0lzauqlduxehbyummjomwp/ds77vz8ltev348hrzchv2pa2o.o,archive,Asset o artefacto binario,deprecar,Definir politica de retencion/purga; no usar como fuente de verdad.,-
1692,archive/project_docs/prompts/scripts/split/rust/target/debug/incremental/splitter-0j2w09f6pxdnr/s-h9ftqy24al-0p32twx-a9n0lzauqlduxehbyummjomwp/ds9wpclt2x8l4drmvpu6j8xhk.o,archive,Asset o artefacto binario,deprecar,Definir politica de retencion/purga; no usar como fuente de verdad.,-
1693,archive/project_docs/prompts/scripts/split/rust/target/debug/incremental/splitter-0j2w09f6pxdnr/s-h9ftqy24al-0p32twx-a9n0lzauqlduxehbyummjomwp/e5jkwp6df7sh7c81cychjt8s6.o,archive,Asset o artefacto binario,deprecar,Definir politica de retencion/purga; no usar como fuente de verdad.,-
1694,archive/project_docs/prompts/scripts/split/rust/target/debug/incremental/splitter-0j2w09f6pxdnr/s-h9ftqy24al-0p32twx-a9n0lzauqlduxehbyummjomwp/e8jlfdl4awb7kzymy0isqoizl.o,archive,Asset o artefacto binario,deprecar,Definir politica de retencion/purga; no usar como fuente de verdad.,-
1695,archive/project_docs/prompts/scripts/split/rust/target/debug/incremental/splitter-0j2w09f6pxdnr/s-h9ftqy24al-0p32twx-a9n0lzauqlduxehbyummjomwp/e8twqb8bipvx9emm4wpgbqr1j.o,archive,Asset o artefacto binario,deprecar,Definir politica de retencion/purga; no usar como fuente de verdad.,-
1696,archive/project_docs/prompts/scripts/split/rust/target/debug/incremental/splitter-0j2w09f6pxdnr/s-h9ftqy24al-0p32twx-a9n0lzauqlduxehbyummjomwp/eb5422kzj5h5a3tqjm3mwvmu9.o,archive,Asset o artefacto binario,deprecar,Definir politica de retencion/purga; no usar como fuente de verdad.,-
1697,archive/project_docs/prompts/scripts/split/rust/target/debug/incremental/splitter-0j2w09f6pxdnr/s-h9ftqy24al-0p32twx-a9n0lzauqlduxehbyummjomwp/egjc6e87s89xu53gqar067r99.o,archive,Asset o artefacto binario,deprecar,Definir politica de retencion/purga; no usar como fuente de verdad.,-
1698,archive/project_docs/prompts/scripts/split/rust/target/debug/incremental/splitter-0j2w09f6pxdnr/s-h9ftqy24al-0p32twx-a9n0lzauqlduxehbyummjomwp/etijr7jh90zw63287gsaxm0lf.o,archive,Asset o artefacto binario,deprecar,Definir politica de retencion/purga; no usar como fuente de verdad.,-
1699,archive/project_docs/prompts/scripts/split/rust/target/debug/incremental/splitter-0j2w09f6pxdnr/s-h9ftqy24al-0p32twx-a9n0lzauqlduxehbyummjomwp/ewtwbgsyt0v0r9etz5dmua6ja.o,archive,Asset o artefacto binario,deprecar,Definir politica de retencion/purga; no usar como fuente de verdad.,-
1700,archive/project_docs/prompts/scripts/split/rust/target/debug/incremental/splitter-0j2w09f6pxdnr/s-h9ftqy24al-0p32twx-a9n0lzauqlduxehbyummjomwp/f2dlw64dixmmybmxqhrijkheq.o,archive,Asset o artefacto binario,deprecar,Definir politica de retencion/purga; no usar como fuente de verdad.,-
1701,archive/project_docs/prompts/scripts/split/rust/target/debug/incremental/splitter-0j2w09f6pxdnr/s-h9ftqy24al-0p32twx-a9n0lzauqlduxehbyummjomwp/query-cache.bin,archive,Asset o artefacto binario,deprecar,Definir politica de retencion/purga; no usar como fuente de verdad.,-
1702,archive/project_docs/prompts/scripts/split/rust/target/debug/incremental/splitter-0j2w09f6pxdnr/s-h9ftqy24al-0p32twx-a9n0lzauqlduxehbyummjomwp/work-products.bin,archive,Asset o artefacto binario,deprecar,Definir politica de retencion/purga; no usar como fuente de verdad.,-
1703,archive/project_docs/prompts/scripts/split/rust/target/debug/incremental/splitter-0j2w09f6pxdnr/s-h9ftqy24al-0p32twx.lock,archive,Lockfile para reproducibilidad,deprecar,Definir politica de retencion/purga; no usar como fuente de verdad.,-
1704,archive/project_docs/prompts/scripts/split/rust/target/debug/incremental/splitter-0lyb7ux9kwtq7/s-h9fty9q8wk-1he8zaq-a3vp8z2yqu07szyh2o3re8y92/dep-graph.bin,archive,Asset o artefacto binario,deprecar,Definir politica de retencion/purga; no usar como fuente de verdad.,-
1705,archive/project_docs/prompts/scripts/split/rust/target/debug/incremental/splitter-0lyb7ux9kwtq7/s-h9fty9q8wk-1he8zaq-a3vp8z2yqu07szyh2o3re8y92/query-cache.bin,archive,Asset o artefacto binario,deprecar,Definir politica de retencion/purga; no usar como fuente de verdad.,-
1706,archive/project_docs/prompts/scripts/split/rust/target/debug/incremental/splitter-0lyb7ux9kwtq7/s-h9fty9q8wk-1he8zaq-a3vp8z2yqu07szyh2o3re8y92/work-products.bin,archive,Asset o artefacto binario,deprecar,Definir politica de retencion/purga; no usar como fuente de verdad.,-
1707,archive/project_docs/prompts/scripts/split/rust/target/debug/incremental/splitter-0lyb7ux9kwtq7/s-h9fty9q8wk-1he8zaq.lock,archive,Lockfile para reproducibilidad,deprecar,Definir politica de retencion/purga; no usar como fuente de verdad.,-
1708,archive/project_docs/prompts/scripts/split/rust/target/debug/incremental/splitter-3m03as3o8r048/s-h9fty9q8wf-1i2c92i-8ljb6eiurt6pgt0w5gzblugeo/dep-graph.bin,archive,Asset o artefacto binario,deprecar,Definir politica de retencion/purga; no usar como fuente de verdad.,-
1709,archive/project_docs/prompts/scripts/split/rust/target/debug/incremental/splitter-3m03as3o8r048/s-h9fty9q8wf-1i2c92i-8ljb6eiurt6pgt0w5gzblugeo/query-cache.bin,archive,Asset o artefacto binario,deprecar,Definir politica de retencion/purga; no usar como fuente de verdad.,-
1710,archive/project_docs/prompts/scripts/split/rust/target/debug/incremental/splitter-3m03as3o8r048/s-h9fty9q8wf-1i2c92i-8ljb6eiurt6pgt0w5gzblugeo/work-products.bin,archive,Asset o artefacto binario,deprecar,Definir politica de retencion/purga; no usar como fuente de verdad.,-
1711,archive/project_docs/prompts/scripts/split/rust/target/debug/incremental/splitter-3m03as3o8r048/s-h9fty9q8wf-1i2c92i.lock,archive,Lockfile para reproducibilidad,deprecar,Definir politica de retencion/purga; no usar como fuente de verdad.,-
1712,archive/project_docs/prompts/scripts/split/rust/target/debug/splitter,archive,Retencion historica fuera del canon activo,deprecar,Definir politica de retencion/purga; no usar como fuente de verdad.,-
1713,archive/project_docs/prompts/scripts/split/rust/target/debug/splitter.d,archive,Retencion historica fuera del canon activo,deprecar,Definir politica de retencion/purga; no usar como fuente de verdad.,-
1714,archive/project_docs/prompts/scripts/split/rust/target/release/.cargo-lock,archive,Retencion historica fuera del canon activo,deprecar,Definir politica de retencion/purga; no usar como fuente de verdad.,-
1715,archive/project_docs/prompts/scripts/split/rust/target/release/.fingerprint/aho-corasick-90cc8041bd70b3ab/dep-lib-aho_corasick,archive,Retencion historica fuera del canon activo,deprecar,Definir politica de retencion/purga; no usar como fuente de verdad.,-
1716,archive/project_docs/prompts/scripts/split/rust/target/release/.fingerprint/aho-corasick-90cc8041bd70b3ab/invoked.timestamp,archive,Retencion historica fuera del canon activo,deprecar,Definir politica de retencion/purga; no usar como fuente de verdad.,-
1717,archive/project_docs/prompts/scripts/split/rust/target/release/.fingerprint/aho-corasick-90cc8041bd70b3ab/lib-aho_corasick,archive,Retencion historica fuera del canon activo,deprecar,Definir politica de retencion/purga; no usar como fuente de verdad.,-
1718,archive/project_docs/prompts/scripts/split/rust/target/release/.fingerprint/aho-corasick-90cc8041bd70b3ab/lib-aho_corasick.json,archive,Archivo de configuracion,deprecar,Definir politica de retencion/purga; no usar como fuente de verdad.,"{""rustc"":5357548097637079788,""features"":""[\""perf-literal\"", \""std\""]"",""declared_features"":""[\""default\"", \""logging\"", \""perf-literal\"", \""st"
1719,archive/project_docs/prompts/scripts/split/rust/target/release/.fingerprint/itoa-7c81d69e6d515703/dep-lib-itoa,archive,Retencion historica fuera del canon activo,deprecar,Definir politica de retencion/purga; no usar como fuente de verdad.,-
1720,archive/project_docs/prompts/scripts/split/rust/target/release/.fingerprint/itoa-7c81d69e6d515703/invoked.timestamp,archive,Retencion historica fuera del canon activo,deprecar,Definir politica de retencion/purga; no usar como fuente de verdad.,-
1721,archive/project_docs/prompts/scripts/split/rust/target/release/.fingerprint/itoa-7c81d69e6d515703/lib-itoa,archive,Retencion historica fuera del canon activo,deprecar,Definir politica de retencion/purga; no usar como fuente de verdad.,-
1722,archive/project_docs/prompts/scripts/split/rust/target/release/.fingerprint/itoa-7c81d69e6d515703/lib-itoa.json,archive,Archivo de configuracion,deprecar,Definir politica de retencion/purga; no usar como fuente de verdad.,"{""rustc"":5357548097637079788,""features"":""[]"",""declared_features"":""[\""no-panic\""]"",""target"":8239509073162986830,""profile"":2040997289075261528"
1723,archive/project_docs/prompts/scripts/split/rust/target/release/.fingerprint/memchr-7466bc7de558eba7/dep-lib-memchr,archive,Retencion historica fuera del canon activo,deprecar,Definir politica de retencion/purga; no usar como fuente de verdad.,-
1724,archive/project_docs/prompts/scripts/split/rust/target/release/.fingerprint/memchr-7466bc7de558eba7/invoked.timestamp,archive,Retencion historica fuera del canon activo,deprecar,Definir politica de retencion/purga; no usar como fuente de verdad.,-
1725,archive/project_docs/prompts/scripts/split/rust/target/release/.fingerprint/memchr-7466bc7de558eba7/lib-memchr,archive,Retencion historica fuera del canon activo,deprecar,Definir politica de retencion/purga; no usar como fuente de verdad.,-
1726,archive/project_docs/prompts/scripts/split/rust/target/release/.fingerprint/memchr-7466bc7de558eba7/lib-memchr.json,archive,Archivo de configuracion,deprecar,Definir politica de retencion/purga; no usar como fuente de verdad.,"{""rustc"":5357548097637079788,""features"":""[\""alloc\"", \""std\""]"",""declared_features"":""[\""alloc\"", \""core\"", \""default\"", \""libc\"", \""logging\"""
1727,archive/project_docs/prompts/scripts/split/rust/target/release/.fingerprint/proc-macro2-197451954d7f8091/run-build-script-build-script-build,archive,Retencion historica fuera del canon activo,deprecar,Definir politica de retencion/purga; no usar como fuente de verdad.,-
1728,archive/project_docs/prompts/scripts/split/rust/target/release/.fingerprint/proc-macro2-197451954d7f8091/run-build-script-build-script-build.json,archive,Archivo de configuracion,deprecar,Definir politica de retencion/purga; no usar como fuente de verdad.,"{""rustc"":5357548097637079788,""features"":"""",""declared_features"":"""",""target"":0,""profile"":0,""path"":0,""deps"":[[3060637413840920116,""build_script"
1729,archive/project_docs/prompts/scripts/split/rust/target/release/.fingerprint/proc-macro2-ed277a9b6bf4ed79/dep-lib-proc_macro2,archive,Retencion historica fuera del canon activo,deprecar,Definir politica de retencion/purga; no usar como fuente de verdad.,-
1730,archive/project_docs/prompts/scripts/split/rust/target/release/.fingerprint/proc-macro2-ed277a9b6bf4ed79/invoked.timestamp,archive,Retencion historica fuera del canon activo,deprecar,Definir politica de retencion/purga; no usar como fuente de verdad.,-
1731,archive/project_docs/prompts/scripts/split/rust/target/release/.fingerprint/proc-macro2-ed277a9b6bf4ed79/lib-proc_macro2,archive,Retencion historica fuera del canon activo,deprecar,Definir politica de retencion/purga; no usar como fuente de verdad.,-
1732,archive/project_docs/prompts/scripts/split/rust/target/release/.fingerprint/proc-macro2-ed277a9b6bf4ed79/lib-proc_macro2.json,archive,Archivo de configuracion,deprecar,Definir politica de retencion/purga; no usar como fuente de verdad.,"{""rustc"":5357548097637079788,""features"":""[\""proc-macro\""]"",""declared_features"":""[\""default\"", \""nightly\"", \""proc-macro\"", \""span-locations\"
1733,archive/project_docs/prompts/scripts/split/rust/target/release/.fingerprint/proc-macro2-f95e922753841fd8/build-script-build-script-build,archive,Retencion historica fuera del canon activo,deprecar,Definir politica de retencion/purga; no usar como fuente de verdad.,-
1734,archive/project_docs/prompts/scripts/split/rust/target/release/.fingerprint/proc-macro2-f95e922753841fd8/build-script-build-script-build.json,archive,Archivo de configuracion,deprecar,Definir politica de retencion/purga; no usar como fuente de verdad.,"{""rustc"":5357548097637079788,""features"":""[\""proc-macro\""]"",""declared_features"":""[\""default\"", \""nightly\"", \""proc-macro\"", \""span-locations\"
1735,archive/project_docs/prompts/scripts/split/rust/target/release/.fingerprint/proc-macro2-f95e922753841fd8/dep-build-script-build-script-build,archive,Retencion historica fuera del canon activo,deprecar,Definir politica de retencion/purga; no usar como fuente de verdad.,-
1736,archive/project_docs/prompts/scripts/split/rust/target/release/.fingerprint/proc-macro2-f95e922753841fd8/invoked.timestamp,archive,Retencion historica fuera del canon activo,deprecar,Definir politica de retencion/purga; no usar como fuente de verdad.,-
1737,archive/project_docs/prompts/scripts/split/rust/target/release/.fingerprint/quote-f2891eab1c1cdf85/dep-lib-quote,archive,Retencion historica fuera del canon activo,deprecar,Definir politica de retencion/purga; no usar como fuente de verdad.,-
1738,archive/project_docs/prompts/scripts/split/rust/target/release/.fingerprint/quote-f2891eab1c1cdf85/invoked.timestamp,archive,Retencion historica fuera del canon activo,deprecar,Definir politica de retencion/purga; no usar como fuente de verdad.,-
1739,archive/project_docs/prompts/scripts/split/rust/target/release/.fingerprint/quote-f2891eab1c1cdf85/lib-quote,archive,Retencion historica fuera del canon activo,deprecar,Definir politica de retencion/purga; no usar como fuente de verdad.,-
1740,archive/project_docs/prompts/scripts/split/rust/target/release/.fingerprint/quote-f2891eab1c1cdf85/lib-quote.json,archive,Archivo de configuracion,deprecar,Definir politica de retencion/purga; no usar como fuente de verdad.,"{""rustc"":5357548097637079788,""features"":""[\""proc-macro\""]"",""declared_features"":""[\""default\"", \""proc-macro\""]"",""target"":3570458776599611685,"
1741,archive/project_docs/prompts/scripts/split/rust/target/release/.fingerprint/regex-automata-8e36bc4931bdd226/dep-lib-regex_automata,archive,Retencion historica fuera del canon activo,deprecar,Definir politica de retencion/purga; no usar como fuente de verdad.,-
1742,archive/project_docs/prompts/scripts/split/rust/target/release/.fingerprint/regex-automata-8e36bc4931bdd226/invoked.timestamp,archive,Retencion historica fuera del canon activo,deprecar,Definir politica de retencion/purga; no usar como fuente de verdad.,-
1743,archive/project_docs/prompts/scripts/split/rust/target/release/.fingerprint/regex-automata-8e36bc4931bdd226/lib-regex_automata,archive,Retencion historica fuera del canon activo,deprecar,Definir politica de retencion/purga; no usar como fuente de verdad.,-
1744,archive/project_docs/prompts/scripts/split/rust/target/release/.fingerprint/regex-automata-8e36bc4931bdd226/lib-regex_automata.json,archive,Archivo de configuracion,deprecar,Definir politica de retencion/purga; no usar como fuente de verdad.,"{""rustc"":5357548097637079788,""features"":""[\""alloc\"", \""dfa-onepass\"", \""hybrid\"", \""meta\"", \""nfa-backtrack\"", \""nfa-pikevm\"", \""nfa-thompso"
1745,archive/project_docs/prompts/scripts/split/rust/target/release/.fingerprint/regex-e6a28b1d023b5b26/dep-lib-regex,archive,Retencion historica fuera del canon activo,deprecar,Definir politica de retencion/purga; no usar como fuente de verdad.,-
1746,archive/project_docs/prompts/scripts/split/rust/target/release/.fingerprint/regex-e6a28b1d023b5b26/invoked.timestamp,archive,Retencion historica fuera del canon activo,deprecar,Definir politica de retencion/purga; no usar como fuente de verdad.,-
1747,archive/project_docs/prompts/scripts/split/rust/target/release/.fingerprint/regex-e6a28b1d023b5b26/lib-regex,archive,Retencion historica fuera del canon activo,deprecar,Definir politica de retencion/purga; no usar como fuente de verdad.,-
1748,archive/project_docs/prompts/scripts/split/rust/target/release/.fingerprint/regex-e6a28b1d023b5b26/lib-regex.json,archive,Archivo de configuracion,deprecar,Definir politica de retencion/purga; no usar como fuente de verdad.,"{""rustc"":5357548097637079788,""features"":""[\""default\"", \""perf\"", \""perf-backtrack\"", \""perf-cache\"", \""perf-dfa\"", \""perf-inline\"", \""perf-l"
1749,archive/project_docs/prompts/scripts/split/rust/target/release/.fingerprint/regex-syntax-1bcd44627abd3a01/dep-lib-regex_syntax,archive,Retencion historica fuera del canon activo,deprecar,Definir politica de retencion/purga; no usar como fuente de verdad.,-
1750,archive/project_docs/prompts/scripts/split/rust/target/release/.fingerprint/regex-syntax-1bcd44627abd3a01/invoked.timestamp,archive,Retencion historica fuera del canon activo,deprecar,Definir politica de retencion/purga; no usar como fuente de verdad.,-
1751,archive/project_docs/prompts/scripts/split/rust/target/release/.fingerprint/regex-syntax-1bcd44627abd3a01/lib-regex_syntax,archive,Retencion historica fuera del canon activo,deprecar,Definir politica de retencion/purga; no usar como fuente de verdad.,-
1752,archive/project_docs/prompts/scripts/split/rust/target/release/.fingerprint/regex-syntax-1bcd44627abd3a01/lib-regex_syntax.json,archive,Archivo de configuracion,deprecar,Definir politica de retencion/purga; no usar como fuente de verdad.,"{""rustc"":5357548097637079788,""features"":""[\""default\"", \""std\"", \""unicode\"", \""unicode-age\"", \""unicode-bool\"", \""unicode-case\"", \""unicode-"
1753,archive/project_docs/prompts/scripts/split/rust/target/release/.fingerprint/ryu-150b50122825ec08/dep-lib-ryu,archive,Retencion historica fuera del canon activo,deprecar,Definir politica de retencion/purga; no usar como fuente de verdad.,-
1754,archive/project_docs/prompts/scripts/split/rust/target/release/.fingerprint/ryu-150b50122825ec08/invoked.timestamp,archive,Retencion historica fuera del canon activo,deprecar,Definir politica de retencion/purga; no usar como fuente de verdad.,-
1755,archive/project_docs/prompts/scripts/split/rust/target/release/.fingerprint/ryu-150b50122825ec08/lib-ryu,archive,Retencion historica fuera del canon activo,deprecar,Definir politica de retencion/purga; no usar como fuente de verdad.,-
1756,archive/project_docs/prompts/scripts/split/rust/target/release/.fingerprint/ryu-150b50122825ec08/lib-ryu.json,archive,Archivo de configuracion,deprecar,Definir politica de retencion/purga; no usar como fuente de verdad.,"{""rustc"":5357548097637079788,""features"":""[]"",""declared_features"":""[\""no-panic\"", \""small\""]"",""target"":8955674961151483972,""profile"":20409972"
1757,archive/project_docs/prompts/scripts/split/rust/target/release/.fingerprint/serde-0c6d134e0dfdb732/dep-lib-serde,archive,Retencion historica fuera del canon activo,deprecar,Definir politica de retencion/purga; no usar como fuente de verdad.,-
1758,archive/project_docs/prompts/scripts/split/rust/target/release/.fingerprint/serde-0c6d134e0dfdb732/invoked.timestamp,archive,Retencion historica fuera del canon activo,deprecar,Definir politica de retencion/purga; no usar como fuente de verdad.,-
1759,archive/project_docs/prompts/scripts/split/rust/target/release/.fingerprint/serde-0c6d134e0dfdb732/lib-serde,archive,Retencion historica fuera del canon activo,deprecar,Definir politica de retencion/purga; no usar como fuente de verdad.,-
1760,archive/project_docs/prompts/scripts/split/rust/target/release/.fingerprint/serde-0c6d134e0dfdb732/lib-serde.json,archive,Archivo de configuracion,deprecar,Definir politica de retencion/purga; no usar como fuente de verdad.,"{""rustc"":5357548097637079788,""features"":""[\""default\"", \""derive\"", \""serde_derive\"", \""std\""]"",""declared_features"":""[\""alloc\"", \""default\"","
1761,archive/project_docs/prompts/scripts/split/rust/target/release/.fingerprint/serde-5c2ae0f3032314ee/build-script-build-script-build,archive,Retencion historica fuera del canon activo,deprecar,Definir politica de retencion/purga; no usar como fuente de verdad.,-
1762,archive/project_docs/prompts/scripts/split/rust/target/release/.fingerprint/serde-5c2ae0f3032314ee/build-script-build-script-build.json,archive,Archivo de configuracion,deprecar,Definir politica de retencion/purga; no usar como fuente de verdad.,"{""rustc"":5357548097637079788,""features"":""[\""default\"", \""derive\"", \""serde_derive\"", \""std\""]"",""declared_features"":""[\""alloc\"", \""default\"","
1763,archive/project_docs/prompts/scripts/split/rust/target/release/.fingerprint/serde-5c2ae0f3032314ee/dep-build-script-build-script-build,archive,Retencion historica fuera del canon activo,deprecar,Definir politica de retencion/purga; no usar como fuente de verdad.,-
1764,archive/project_docs/prompts/scripts/split/rust/target/release/.fingerprint/serde-5c2ae0f3032314ee/invoked.timestamp,archive,Retencion historica fuera del canon activo,deprecar,Definir politica de retencion/purga; no usar como fuente de verdad.,-
1765,archive/project_docs/prompts/scripts/split/rust/target/release/.fingerprint/serde-dcbe9011596548c5/run-build-script-build-script-build,archive,Retencion historica fuera del canon activo,deprecar,Definir politica de retencion/purga; no usar como fuente de verdad.,-
1766,archive/project_docs/prompts/scripts/split/rust/target/release/.fingerprint/serde-dcbe9011596548c5/run-build-script-build-script-build.json,archive,Archivo de configuracion,deprecar,Definir politica de retencion/purga; no usar como fuente de verdad.,"{""rustc"":5357548097637079788,""features"":"""",""declared_features"":"""",""target"":0,""profile"":0,""path"":0,""deps"":[[9689903380558560274,""build_script"
1767,archive/project_docs/prompts/scripts/split/rust/target/release/.fingerprint/serde_derive-b015b1ac21131d6c/dep-lib-serde_derive,archive,Retencion historica fuera del canon activo,deprecar,Definir politica de retencion/purga; no usar como fuente de verdad.,-
1768,archive/project_docs/prompts/scripts/split/rust/target/release/.fingerprint/serde_derive-b015b1ac21131d6c/invoked.timestamp,archive,Retencion historica fuera del canon activo,deprecar,Definir politica de retencion/purga; no usar como fuente de verdad.,-
1769,archive/project_docs/prompts/scripts/split/rust/target/release/.fingerprint/serde_derive-b015b1ac21131d6c/lib-serde_derive,archive,Retencion historica fuera del canon activo,deprecar,Definir politica de retencion/purga; no usar como fuente de verdad.,-
1770,archive/project_docs/prompts/scripts/split/rust/target/release/.fingerprint/serde_derive-b015b1ac21131d6c/lib-serde_derive.json,archive,Archivo de configuracion,deprecar,Definir politica de retencion/purga; no usar como fuente de verdad.,"{""rustc"":5357548097637079788,""features"":""[\""default\""]"",""declared_features"":""[\""default\"", \""deserialize_in_place\""]"",""target"":1502109978457"
1771,archive/project_docs/prompts/scripts/split/rust/target/release/.fingerprint/serde_json-2a29d601da961131/build-script-build-script-build,archive,Retencion historica fuera del canon activo,deprecar,Definir politica de retencion/purga; no usar como fuente de verdad.,-
1772,archive/project_docs/prompts/scripts/split/rust/target/release/.fingerprint/serde_json-2a29d601da961131/build-script-build-script-build.json,archive,Archivo de configuracion,deprecar,Definir politica de retencion/purga; no usar como fuente de verdad.,"{""rustc"":5357548097637079788,""features"":""[\""default\"", \""std\""]"",""declared_features"":""[\""alloc\"", \""arbitrary_precision\"", \""default\"", \""fl"
1773,archive/project_docs/prompts/scripts/split/rust/target/release/.fingerprint/serde_json-2a29d601da961131/dep-build-script-build-script-build,archive,Retencion historica fuera del canon activo,deprecar,Definir politica de retencion/purga; no usar como fuente de verdad.,-
1774,archive/project_docs/prompts/scripts/split/rust/target/release/.fingerprint/serde_json-2a29d601da961131/invoked.timestamp,archive,Retencion historica fuera del canon activo,deprecar,Definir politica de retencion/purga; no usar como fuente de verdad.,-
1775,archive/project_docs/prompts/scripts/split/rust/target/release/.fingerprint/serde_json-56066675e5d41d16/dep-lib-serde_json,archive,Retencion historica fuera del canon activo,deprecar,Definir politica de retencion/purga; no usar como fuente de verdad.,-
1776,archive/project_docs/prompts/scripts/split/rust/target/release/.fingerprint/serde_json-56066675e5d41d16/invoked.timestamp,archive,Retencion historica fuera del canon activo,deprecar,Definir politica de retencion/purga; no usar como fuente de verdad.,-
1777,archive/project_docs/prompts/scripts/split/rust/target/release/.fingerprint/serde_json-56066675e5d41d16/lib-serde_json,archive,Retencion historica fuera del canon activo,deprecar,Definir politica de retencion/purga; no usar como fuente de verdad.,-
1778,archive/project_docs/prompts/scripts/split/rust/target/release/.fingerprint/serde_json-56066675e5d41d16/lib-serde_json.json,archive,Archivo de configuracion,deprecar,Definir politica de retencion/purga; no usar como fuente de verdad.,"{""rustc"":5357548097637079788,""features"":""[\""default\"", \""std\""]"",""declared_features"":""[\""alloc\"", \""arbitrary_precision\"", \""default\"", \""fl"
1779,archive/project_docs/prompts/scripts/split/rust/target/release/.fingerprint/serde_json-c9e31cd2a74d7f94/run-build-script-build-script-build,archive,Retencion historica fuera del canon activo,deprecar,Definir politica de retencion/purga; no usar como fuente de verdad.,-
1780,archive/project_docs/prompts/scripts/split/rust/target/release/.fingerprint/serde_json-c9e31cd2a74d7f94/run-build-script-build-script-build.json,archive,Archivo de configuracion,deprecar,Definir politica de retencion/purga; no usar como fuente de verdad.,"{""rustc"":5357548097637079788,""features"":"""",""declared_features"":"""",""target"":0,""profile"":0,""path"":0,""deps"":[[8569119365930580996,""build_script"
1781,archive/project_docs/prompts/scripts/split/rust/target/release/.fingerprint/splitter-70e0e4b628a5b3fd/bin-splitter,archive,Retencion historica fuera del canon activo,deprecar,Definir politica de retencion/purga; no usar como fuente de verdad.,-
1782,archive/project_docs/prompts/scripts/split/rust/target/release/.fingerprint/splitter-70e0e4b628a5b3fd/bin-splitter.json,archive,Archivo de configuracion,deprecar,Definir politica de retencion/purga; no usar como fuente de verdad.,"{""rustc"":5357548097637079788,""features"":""[]"",""declared_features"":""[]"",""target"":1753310550606894958,""profile"":2040997289075261528,""path"":7386"
1783,archive/project_docs/prompts/scripts/split/rust/target/release/.fingerprint/splitter-70e0e4b628a5b3fd/dep-bin-splitter,archive,Retencion historica fuera del canon activo,deprecar,Definir politica de retencion/purga; no usar como fuente de verdad.,-
1784,archive/project_docs/prompts/scripts/split/rust/target/release/.fingerprint/splitter-70e0e4b628a5b3fd/invoked.timestamp,archive,Retencion historica fuera del canon activo,deprecar,Definir politica de retencion/purga; no usar como fuente de verdad.,-
1785,archive/project_docs/prompts/scripts/split/rust/target/release/.fingerprint/syn-ab8209aea0251dd3/dep-lib-syn,archive,Retencion historica fuera del canon activo,deprecar,Definir politica de retencion/purga; no usar como fuente de verdad.,-
1786,archive/project_docs/prompts/scripts/split/rust/target/release/.fingerprint/syn-ab8209aea0251dd3/invoked.timestamp,archive,Retencion historica fuera del canon activo,deprecar,Definir politica de retencion/purga; no usar como fuente de verdad.,-
1787,archive/project_docs/prompts/scripts/split/rust/target/release/.fingerprint/syn-ab8209aea0251dd3/lib-syn,archive,Retencion historica fuera del canon activo,deprecar,Definir politica de retencion/purga; no usar como fuente de verdad.,-
1788,archive/project_docs/prompts/scripts/split/rust/target/release/.fingerprint/syn-ab8209aea0251dd3/lib-syn.json,archive,Archivo de configuracion,deprecar,Definir politica de retencion/purga; no usar como fuente de verdad.,"{""rustc"":5357548097637079788,""features"":""[\""clone-impls\"", \""derive\"", \""parsing\"", \""printing\"", \""proc-macro\""]"",""declared_features"":""[\""c"
1789,archive/project_docs/prompts/scripts/split/rust/target/release/.fingerprint/unicode-ident-af71fa9cb60540f5/dep-lib-unicode_ident,archive,Retencion historica fuera del canon activo,deprecar,Definir politica de retencion/purga; no usar como fuente de verdad.,-
1790,archive/project_docs/prompts/scripts/split/rust/target/release/.fingerprint/unicode-ident-af71fa9cb60540f5/invoked.timestamp,archive,Retencion historica fuera del canon activo,deprecar,Definir politica de retencion/purga; no usar como fuente de verdad.,-
1791,archive/project_docs/prompts/scripts/split/rust/target/release/.fingerprint/unicode-ident-af71fa9cb60540f5/lib-unicode_ident,archive,Retencion historica fuera del canon activo,deprecar,Definir politica de retencion/purga; no usar como fuente de verdad.,-
1792,archive/project_docs/prompts/scripts/split/rust/target/release/.fingerprint/unicode-ident-af71fa9cb60540f5/lib-unicode_ident.json,archive,Archivo de configuracion,deprecar,Definir politica de retencion/purga; no usar como fuente de verdad.,"{""rustc"":5357548097637079788,""features"":""[]"",""declared_features"":""[]"",""target"":5438535436255082082,""profile"":1369601567987815722,""path"":9977"
1793,archive/project_docs/prompts/scripts/split/rust/target/release/build/proc-macro2-197451954d7f8091/invoked.timestamp,archive,Retencion historica fuera del canon activo,deprecar,Definir politica de retencion/purga; no usar como fuente de verdad.,-
1794,archive/project_docs/prompts/scripts/split/rust/target/release/build/proc-macro2-197451954d7f8091/output,archive,Retencion historica fuera del canon activo,deprecar,Definir politica de retencion/purga; no usar como fuente de verdad.,-
1795,archive/project_docs/prompts/scripts/split/rust/target/release/build/proc-macro2-197451954d7f8091/root-output,archive,Retencion historica fuera del canon activo,deprecar,Definir politica de retencion/purga; no usar como fuente de verdad.,-
1796,archive/project_docs/prompts/scripts/split/rust/target/release/build/proc-macro2-197451954d7f8091/stderr,archive,Retencion historica fuera del canon activo,deprecar,Definir politica de retencion/purga; no usar como fuente de verdad.,-
1797,archive/project_docs/prompts/scripts/split/rust/target/release/build/proc-macro2-f95e922753841fd8/build-script-build,archive,Retencion historica fuera del canon activo,deprecar,Definir politica de retencion/purga; no usar como fuente de verdad.,-
1798,archive/project_docs/prompts/scripts/split/rust/target/release/build/proc-macro2-f95e922753841fd8/build_script_build-f95e922753841fd8,archive,Retencion historica fuera del canon activo,deprecar,Definir politica de retencion/purga; no usar como fuente de verdad.,-
1799,archive/project_docs/prompts/scripts/split/rust/target/release/build/proc-macro2-f95e922753841fd8/build_script_build-f95e922753841fd8.d,archive,Retencion historica fuera del canon activo,deprecar,Definir politica de retencion/purga; no usar como fuente de verdad.,-
1800,archive/project_docs/prompts/scripts/split/rust/target/release/build/serde-5c2ae0f3032314ee/build-script-build,archive,Retencion historica fuera del canon activo,deprecar,Definir politica de retencion/purga; no usar como fuente de verdad.,-
1801,archive/project_docs/prompts/scripts/split/rust/target/release/build/serde-5c2ae0f3032314ee/build_script_build-5c2ae0f3032314ee,archive,Retencion historica fuera del canon activo,deprecar,Definir politica de retencion/purga; no usar como fuente de verdad.,-
1802,archive/project_docs/prompts/scripts/split/rust/target/release/build/serde-5c2ae0f3032314ee/build_script_build-5c2ae0f3032314ee.d,archive,Retencion historica fuera del canon activo,deprecar,Definir politica de retencion/purga; no usar como fuente de verdad.,-
1803,archive/project_docs/prompts/scripts/split/rust/target/release/build/serde-dcbe9011596548c5/invoked.timestamp,archive,Retencion historica fuera del canon activo,deprecar,Definir politica de retencion/purga; no usar como fuente de verdad.,-
1804,archive/project_docs/prompts/scripts/split/rust/target/release/build/serde-dcbe9011596548c5/output,archive,Retencion historica fuera del canon activo,deprecar,Definir politica de retencion/purga; no usar como fuente de verdad.,-
1805,archive/project_docs/prompts/scripts/split/rust/target/release/build/serde-dcbe9011596548c5/root-output,archive,Retencion historica fuera del canon activo,deprecar,Definir politica de retencion/purga; no usar como fuente de verdad.,-
1806,archive/project_docs/prompts/scripts/split/rust/target/release/build/serde-dcbe9011596548c5/stderr,archive,Retencion historica fuera del canon activo,deprecar,Definir politica de retencion/purga; no usar como fuente de verdad.,-
1807,archive/project_docs/prompts/scripts/split/rust/target/release/build/serde_json-2a29d601da961131/build-script-build,archive,Retencion historica fuera del canon activo,deprecar,Definir politica de retencion/purga; no usar como fuente de verdad.,-
1808,archive/project_docs/prompts/scripts/split/rust/target/release/build/serde_json-2a29d601da961131/build_script_build-2a29d601da961131,archive,Retencion historica fuera del canon activo,deprecar,Definir politica de retencion/purga; no usar como fuente de verdad.,-
1809,archive/project_docs/prompts/scripts/split/rust/target/release/build/serde_json-2a29d601da961131/build_script_build-2a29d601da961131.d,archive,Retencion historica fuera del canon activo,deprecar,Definir politica de retencion/purga; no usar como fuente de verdad.,-
1810,archive/project_docs/prompts/scripts/split/rust/target/release/build/serde_json-c9e31cd2a74d7f94/invoked.timestamp,archive,Retencion historica fuera del canon activo,deprecar,Definir politica de retencion/purga; no usar como fuente de verdad.,-
1811,archive/project_docs/prompts/scripts/split/rust/target/release/build/serde_json-c9e31cd2a74d7f94/output,archive,Retencion historica fuera del canon activo,deprecar,Definir politica de retencion/purga; no usar como fuente de verdad.,-
1812,archive/project_docs/prompts/scripts/split/rust/target/release/build/serde_json-c9e31cd2a74d7f94/root-output,archive,Retencion historica fuera del canon activo,deprecar,Definir politica de retencion/purga; no usar como fuente de verdad.,-
1813,archive/project_docs/prompts/scripts/split/rust/target/release/build/serde_json-c9e31cd2a74d7f94/stderr,archive,Retencion historica fuera del canon activo,deprecar,Definir politica de retencion/purga; no usar como fuente de verdad.,-
1814,archive/project_docs/prompts/scripts/split/rust/target/release/deps/aho_corasick-90cc8041bd70b3ab.d,archive,Retencion historica fuera del canon activo,deprecar,Definir politica de retencion/purga; no usar como fuente de verdad.,-
1815,archive/project_docs/prompts/scripts/split/rust/target/release/deps/itoa-7c81d69e6d515703.d,archive,Retencion historica fuera del canon activo,deprecar,Definir politica de retencion/purga; no usar como fuente de verdad.,-
1816,archive/project_docs/prompts/scripts/split/rust/target/release/deps/libaho_corasick-90cc8041bd70b3ab.rlib,archive,Asset o artefacto binario,deprecar,Definir politica de retencion/purga; no usar como fuente de verdad.,-
1817,archive/project_docs/prompts/scripts/split/rust/target/release/deps/libaho_corasick-90cc8041bd70b3ab.rmeta,archive,Retencion historica fuera del canon activo,deprecar,Definir politica de retencion/purga; no usar como fuente de verdad.,-
1818,archive/project_docs/prompts/scripts/split/rust/target/release/deps/libitoa-7c81d69e6d515703.rlib,archive,Asset o artefacto binario,deprecar,Definir politica de retencion/purga; no usar como fuente de verdad.,-
1819,archive/project_docs/prompts/scripts/split/rust/target/release/deps/libitoa-7c81d69e6d515703.rmeta,archive,Retencion historica fuera del canon activo,deprecar,Definir politica de retencion/purga; no usar como fuente de verdad.,-
1820,archive/project_docs/prompts/scripts/split/rust/target/release/deps/libmemchr-7466bc7de558eba7.rlib,archive,Asset o artefacto binario,deprecar,Definir politica de retencion/purga; no usar como fuente de verdad.,-
1821,archive/project_docs/prompts/scripts/split/rust/target/release/deps/libmemchr-7466bc7de558eba7.rmeta,archive,Retencion historica fuera del canon activo,deprecar,Definir politica de retencion/purga; no usar como fuente de verdad.,-
1822,archive/project_docs/prompts/scripts/split/rust/target/release/deps/libproc_macro2-ed277a9b6bf4ed79.rlib,archive,Asset o artefacto binario,deprecar,Definir politica de retencion/purga; no usar como fuente de verdad.,-
1823,archive/project_docs/prompts/scripts/split/rust/target/release/deps/libproc_macro2-ed277a9b6bf4ed79.rmeta,archive,Retencion historica fuera del canon activo,deprecar,Definir politica de retencion/purga; no usar como fuente de verdad.,-
1824,archive/project_docs/prompts/scripts/split/rust/target/release/deps/libquote-f2891eab1c1cdf85.rlib,archive,Asset o artefacto binario,deprecar,Definir politica de retencion/purga; no usar como fuente de verdad.,-
1825,archive/project_docs/prompts/scripts/split/rust/target/release/deps/libquote-f2891eab1c1cdf85.rmeta,archive,Retencion historica fuera del canon activo,deprecar,Definir politica de retencion/purga; no usar como fuente de verdad.,-
1826,archive/project_docs/prompts/scripts/split/rust/target/release/deps/libregex-e6a28b1d023b5b26.rlib,archive,Asset o artefacto binario,deprecar,Definir politica de retencion/purga; no usar como fuente de verdad.,-
1827,archive/project_docs/prompts/scripts/split/rust/target/release/deps/libregex-e6a28b1d023b5b26.rmeta,archive,Retencion historica fuera del canon activo,deprecar,Definir politica de retencion/purga; no usar como fuente de verdad.,-
1828,archive/project_docs/prompts/scripts/split/rust/target/release/deps/libregex_automata-8e36bc4931bdd226.rlib,archive,Asset o artefacto binario,deprecar,Definir politica de retencion/purga; no usar como fuente de verdad.,-
1829,archive/project_docs/prompts/scripts/split/rust/target/release/deps/libregex_automata-8e36bc4931bdd226.rmeta,archive,Retencion historica fuera del canon activo,deprecar,Definir politica de retencion/purga; no usar como fuente de verdad.,-
1830,archive/project_docs/prompts/scripts/split/rust/target/release/deps/libregex_syntax-1bcd44627abd3a01.rlib,archive,Asset o artefacto binario,deprecar,Definir politica de retencion/purga; no usar como fuente de verdad.,-
1831,archive/project_docs/prompts/scripts/split/rust/target/release/deps/libregex_syntax-1bcd44627abd3a01.rmeta,archive,Retencion historica fuera del canon activo,deprecar,Definir politica de retencion/purga; no usar como fuente de verdad.,-
1832,archive/project_docs/prompts/scripts/split/rust/target/release/deps/libryu-150b50122825ec08.rlib,archive,Asset o artefacto binario,deprecar,Definir politica de retencion/purga; no usar como fuente de verdad.,-
1833,archive/project_docs/prompts/scripts/split/rust/target/release/deps/libryu-150b50122825ec08.rmeta,archive,Retencion historica fuera del canon activo,deprecar,Definir politica de retencion/purga; no usar como fuente de verdad.,-
1834,archive/project_docs/prompts/scripts/split/rust/target/release/deps/libserde-0c6d134e0dfdb732.rlib,archive,Asset o artefacto binario,deprecar,Definir politica de retencion/purga; no usar como fuente de verdad.,-
1835,archive/project_docs/prompts/scripts/split/rust/target/release/deps/libserde-0c6d134e0dfdb732.rmeta,archive,Retencion historica fuera del canon activo,deprecar,Definir politica de retencion/purga; no usar como fuente de verdad.,-
1836,archive/project_docs/prompts/scripts/split/rust/target/release/deps/libserde_derive-b015b1ac21131d6c.dylib,archive,Asset o artefacto binario,deprecar,Definir politica de retencion/purga; no usar como fuente de verdad.,-
1837,archive/project_docs/prompts/scripts/split/rust/target/release/deps/libserde_json-56066675e5d41d16.rlib,archive,Asset o artefacto binario,deprecar,Definir politica de retencion/purga; no usar como fuente de verdad.,-
1838,archive/project_docs/prompts/scripts/split/rust/target/release/deps/libserde_json-56066675e5d41d16.rmeta,archive,Retencion historica fuera del canon activo,deprecar,Definir politica de retencion/purga; no usar como fuente de verdad.,-
1839,archive/project_docs/prompts/scripts/split/rust/target/release/deps/libsyn-ab8209aea0251dd3.rlib,archive,Asset o artefacto binario,deprecar,Definir politica de retencion/purga; no usar como fuente de verdad.,-
1840,archive/project_docs/prompts/scripts/split/rust/target/release/deps/libsyn-ab8209aea0251dd3.rmeta,archive,Retencion historica fuera del canon activo,deprecar,Definir politica de retencion/purga; no usar como fuente de verdad.,-
1841,archive/project_docs/prompts/scripts/split/rust/target/release/deps/libunicode_ident-af71fa9cb60540f5.rlib,archive,Asset o artefacto binario,deprecar,Definir politica de retencion/purga; no usar como fuente de verdad.,-
1842,archive/project_docs/prompts/scripts/split/rust/target/release/deps/libunicode_ident-af71fa9cb60540f5.rmeta,archive,Retencion historica fuera del canon activo,deprecar,Definir politica de retencion/purga; no usar como fuente de verdad.,-
1843,archive/project_docs/prompts/scripts/split/rust/target/release/deps/memchr-7466bc7de558eba7.d,archive,Retencion historica fuera del canon activo,deprecar,Definir politica de retencion/purga; no usar como fuente de verdad.,-
1844,archive/project_docs/prompts/scripts/split/rust/target/release/deps/proc_macro2-ed277a9b6bf4ed79.d,archive,Retencion historica fuera del canon activo,deprecar,Definir politica de retencion/purga; no usar como fuente de verdad.,-
1845,archive/project_docs/prompts/scripts/split/rust/target/release/deps/quote-f2891eab1c1cdf85.d,archive,Retencion historica fuera del canon activo,deprecar,Definir politica de retencion/purga; no usar como fuente de verdad.,-
1846,archive/project_docs/prompts/scripts/split/rust/target/release/deps/regex-e6a28b1d023b5b26.d,archive,Retencion historica fuera del canon activo,deprecar,Definir politica de retencion/purga; no usar como fuente de verdad.,-
1847,archive/project_docs/prompts/scripts/split/rust/target/release/deps/regex_automata-8e36bc4931bdd226.d,archive,Retencion historica fuera del canon activo,deprecar,Definir politica de retencion/purga; no usar como fuente de verdad.,-
1848,archive/project_docs/prompts/scripts/split/rust/target/release/deps/regex_syntax-1bcd44627abd3a01.d,archive,Retencion historica fuera del canon activo,deprecar,Definir politica de retencion/purga; no usar como fuente de verdad.,-
1849,archive/project_docs/prompts/scripts/split/rust/target/release/deps/ryu-150b50122825ec08.d,archive,Retencion historica fuera del canon activo,deprecar,Definir politica de retencion/purga; no usar como fuente de verdad.,-
1850,archive/project_docs/prompts/scripts/split/rust/target/release/deps/serde-0c6d134e0dfdb732.d,archive,Retencion historica fuera del canon activo,deprecar,Definir politica de retencion/purga; no usar como fuente de verdad.,-
1851,archive/project_docs/prompts/scripts/split/rust/target/release/deps/serde_derive-b015b1ac21131d6c.d,archive,Retencion historica fuera del canon activo,deprecar,Definir politica de retencion/purga; no usar como fuente de verdad.,-
1852,archive/project_docs/prompts/scripts/split/rust/target/release/deps/serde_json-56066675e5d41d16.d,archive,Retencion historica fuera del canon activo,deprecar,Definir politica de retencion/purga; no usar como fuente de verdad.,-
1853,archive/project_docs/prompts/scripts/split/rust/target/release/deps/splitter-70e0e4b628a5b3fd,archive,Retencion historica fuera del canon activo,deprecar,Definir politica de retencion/purga; no usar como fuente de verdad.,-
1854,archive/project_docs/prompts/scripts/split/rust/target/release/deps/splitter-70e0e4b628a5b3fd.d,archive,Retencion historica fuera del canon activo,deprecar,Definir politica de retencion/purga; no usar como fuente de verdad.,-
1855,archive/project_docs/prompts/scripts/split/rust/target/release/deps/syn-ab8209aea0251dd3.d,archive,Retencion historica fuera del canon activo,deprecar,Definir politica de retencion/purga; no usar como fuente de verdad.,-
1856,archive/project_docs/prompts/scripts/split/rust/target/release/deps/unicode_ident-af71fa9cb60540f5.d,archive,Retencion historica fuera del canon activo,deprecar,Definir politica de retencion/purga; no usar como fuente de verdad.,-
1857,archive/project_docs/prompts/scripts/split/rust/target/release/splitter,archive,Retencion historica fuera del canon activo,deprecar,Definir politica de retencion/purga; no usar como fuente de verdad.,-
1858,archive/project_docs/prompts/scripts/split/rust/target/release/splitter.d,archive,Retencion historica fuera del canon activo,deprecar,Definir politica de retencion/purga; no usar como fuente de verdad.,-
1859,archive/project_docs/prompts/scripts/split/rust/target/rust-analyzer/metadata/workspace/Cargo.lock,archive,Lockfile para reproducibilidad,deprecar,Definir politica de retencion/purga; no usar como fuente de verdad.,# This file is automatically @generated by Cargo.
1860,bin/init.sh,bin,Script ejecutable o de carga de shell,resuelto,Sin accion inmediata; mantener bajo control de cambios y pruebas smoke.,-
1861,bin/tree/big-folders,bin,Utilidades ejecutables,resuelto,Sin accion inmediata; mantener bajo control de cambios y pruebas smoke.,-
1862,caps-layout/.qmk_firmware/keyboards/dailycraft/claw44/rev2/keymaps/angel/keymap.c,caps-layout,Firmware/layout teclado,resuelto,Sin accion inmediata; mantener bajo control de cambios y pruebas smoke.,-
1863,caps-layout/README.md,caps-layout,Documento de referencia o decision,resuelto,Sin accion inmediata; mantener bajo control de cambios y pruebas smoke.,# QMK
1864,caps-layout/claw44v2buildguide.pdf,caps-layout,Asset o artefacto binario,hay-que-re-evaluar,Evaluar mover binarios pesados a release assets o archive documentado.,-
1865,caps-layout/qmk/qmk.ini,caps-layout,Archivo de configuracion,resuelto,Sin accion inmediata; mantener bajo control de cambios y pruebas smoke.,[user]
1866,docs/README.md,docs,Entrypoint critico del sistema de dotfiles,resuelto,Mantener con smoke tests y revisiones de regresion.,# Documentacion Canonica
1867,docs/_legacy/project_docs/PENDING_REVIEW.md,docs/_legacy,Documento de referencia o decision,deprecar,Retirar en fase final tras aprobacion; mantener solo mientras haya dependencias de ruta.,# Legacy Stub: PENDING_REVIEW
1868,docs/_legacy/project_docs/README.legacy.md,docs/_legacy,Documento de referencia o decision,deprecar,Retirar en fase final tras aprobacion; mantener solo mientras haya dependencias de ruta.,# Legacy Stub: project_docs
1869,docs/_legacy/project_docs/README.md,docs/_legacy,Documento de referencia o decision,deprecar,Retirar en fase final tras aprobacion; mantener solo mientras haya dependencias de ruta.,# Legacy Stub: project_docs
1870,docs/_legacy/project_docs/Roadmap.md,docs/_legacy,Documento de referencia o decision,deprecar,Retirar en fase final tras aprobacion; mantener solo mientras haya dependencias de ruta.,# Legacy Stub
1871,docs/_legacy/project_docs/STRUCTURE.md,docs/_legacy,Documento de referencia o decision,deprecar,Retirar en fase final tras aprobacion; mantener solo mientras haya dependencias de ruta.,# Legacy Stub
1872,docs/_legacy/project_docs/guides/01-MCP-Setup-with-Claude-Code.md,docs/_legacy,Documento de referencia o decision,deprecar,Retirar en fase final tras aprobacion; mantener solo mientras haya dependencias de ruta.,# Legacy Stub
1873,docs/_legacy/project_docs/guides/shell-load-order-zsh-bash.md,docs/_legacy,Documento de referencia o decision,deprecar,Retirar en fase final tras aprobacion; mantener solo mientras haya dependencias de ruta.,# Legacy Stub
1874,docs/_legacy/project_docs/outputs/00a-Versioning_System.md,docs/_legacy,Documento de referencia o decision,deprecar,Retirar en fase final tras aprobacion; mantener solo mientras haya dependencias de ruta.,# Legacy Stub
1875,docs/_legacy/project_docs/plan-auditoria-dotfiles-2026-01-21.md,docs/_legacy,Documento de referencia o decision,deprecar,Retirar en fase final tras aprobacion; mantener solo mientras haya dependencias de ruta.,# Legacy Stub
1876,docs/_legacy/project_docs/plan-shell-redistribucion-2026-01-27.md,docs/_legacy,Documento de referencia o decision,deprecar,Retirar en fase final tras aprobacion; mantener solo mientras haya dependencias de ruta.,# Legacy Stub
1877,docs/_legacy/project_docs/prompts/00a-Crear_estructura_base_con_versionado.md,docs/_legacy,Prompt operativo/documental,deprecar,Retirar en fase final tras aprobacion; mantener solo mientras haya dependencias de ruta.,# Legacy Stub
1878,docs/_legacy/project_docs/prompts/00b-Implementar_sistema_de_logging.md,docs/_legacy,Prompt operativo/documental,deprecar,Retirar en fase final tras aprobacion; mantener solo mientras haya dependencias de ruta.,# Legacy Stub
1879,docs/_legacy/project_docs/prompts/00c-Crear_detección_de_plataforma.md,docs/_legacy,Prompt operativo/documental,deprecar,Retirar en fase final tras aprobacion; mantener solo mientras haya dependencias de ruta.,# Legacy Stub
1880,docs/_legacy/project_docs/prompts/00d-Setup_CI_CD_con_GitHub_Actions.md,docs/_legacy,Prompt operativo/documental,deprecar,Retirar en fase final tras aprobacion; mantener solo mientras haya dependencias de ruta.,# Legacy Stub
1881,docs/_legacy/project_docs/prompts/01-Análisis_profundo_del_estado_actual.md,docs/_legacy,Prompt operativo/documental,deprecar,Retirar en fase final tras aprobacion; mantener solo mientras haya dependencias de ruta.,# Legacy Stub
1882,docs/_legacy/project_docs/prompts/02-Evaluación_de_calidad_del_código.md,docs/_legacy,Prompt operativo/documental,deprecar,Retirar en fase final tras aprobacion; mantener solo mientras haya dependencias de ruta.,# Legacy Stub
1883,docs/_legacy/project_docs/prompts/03-Detección_de_problemas_de_seguridad.md,docs/_legacy,Prompt operativo/documental,deprecar,Retirar en fase final tras aprobacion; mantener solo mientras haya dependencias de ruta.,# Legacy Stub
1884,docs/_legacy/project_docs/prompts/04-Análisis_de_estructura_y_organización.md,docs/_legacy,Prompt operativo/documental,deprecar,Retirar en fase final tras aprobacion; mantener solo mientras haya dependencias de ruta.,# Legacy Stub
1885,docs/_legacy/project_docs/prompts/05-Diseño_de_nueva_arquitectura_modular.md,docs/_legacy,Prompt operativo/documental,deprecar,Retirar en fase final tras aprobacion; mantener solo mientras haya dependencias de ruta.,# Legacy Stub
1886,docs/_legacy/project_docs/prompts/06-Crear_workflow_de_implementación.md,docs/_legacy,Prompt operativo/documental,deprecar,Retirar en fase final tras aprobacion; mantener solo mientras haya dependencias de ruta.,# Legacy Stub
1887,docs/_legacy/project_docs/prompts/07-Estimar_esfuerzo_de_migración.md,docs/_legacy,Prompt operativo/documental,deprecar,Retirar en fase final tras aprobacion; mantener solo mientras haya dependencias de ruta.,# Legacy Stub
1888,docs/_legacy/project_docs/prompts/08-Crear_estructura_base_de_directorios.md,docs/_legacy,Prompt operativo/documental,deprecar,Retirar en fase final tras aprobacion; mantener solo mientras haya dependencias de ruta.,# Legacy Stub
1889,docs/_legacy/project_docs/prompts/09-Implementar_sistema_de_bootstrap.md,docs/_legacy,Prompt operativo/documental,deprecar,Retirar en fase final tras aprobacion; mantener solo mientras haya dependencias de ruta.,# Legacy Stub
1890,docs/_legacy/project_docs/prompts/10-Crear_instalador_modular.md,docs/_legacy,Prompt operativo/documental,deprecar,Retirar en fase final tras aprobacion; mantener solo mientras haya dependencias de ruta.,# Legacy Stub
1891,docs/_legacy/project_docs/prompts/11-Refactorizar_configuración_de_Zsh.md,docs/_legacy,Prompt operativo/documental,deprecar,Retirar en fase final tras aprobacion; mantener solo mientras haya dependencias de ruta.,# Legacy Stub
1892,docs/_legacy/project_docs/prompts/12-Organizar_exports__aliases_y_funciones.md,docs/_legacy,Prompt operativo/documental,deprecar,Retirar en fase final tras aprobacion; mantener solo mientras haya dependencias de ruta.,# Legacy Stub
1893,docs/_legacy/project_docs/prompts/13-Implementar_sistema_de_auto_carga_modular.md,docs/_legacy,Prompt operativo/documental,deprecar,Retirar en fase final tras aprobacion; mantener solo mientras haya dependencias de ruta.,# Legacy Stub
1894,docs/_legacy/project_docs/prompts/14-Implementar_gestor_ASDF_mejorado.md,docs/_legacy,Prompt operativo/documental,deprecar,Retirar en fase final tras aprobacion; mantener solo mientras haya dependencias de ruta.,# Legacy Stub
1895,docs/_legacy/project_docs/prompts/15-Crear_scripts_de_setup_por_lenguaje.md,docs/_legacy,Prompt operativo/documental,deprecar,Retirar en fase final tras aprobacion; mantener solo mientras haya dependencias de ruta.,# Legacy Stub
1896,docs/_legacy/project_docs/prompts/16-Configurar_servidores_MCP.md,docs/_legacy,Prompt operativo/documental,deprecar,Retirar en fase final tras aprobacion; mantener solo mientras haya dependencias de ruta.,# Legacy Stub
1897,docs/_legacy/project_docs/prompts/17-Crear_comandos_SuperClaude_personalizados.md,docs/_legacy,Prompt operativo/documental,deprecar,Retirar en fase final tras aprobacion; mantener solo mientras haya dependencias de ruta.,# Legacy Stub
1898,docs/_legacy/project_docs/prompts/18-Migrar_scripts_existentes.md,docs/_legacy,Prompt operativo/documental,deprecar,Retirar en fase final tras aprobacion; mantener solo mientras haya dependencias de ruta.,# Legacy Stub
1899,docs/_legacy/project_docs/prompts/19-Implementar_funciones_reutilizables.md,docs/_legacy,Prompt operativo/documental,deprecar,Retirar en fase final tras aprobacion; mantener solo mientras haya dependencias de ruta.,# Legacy Stub
1900,docs/_legacy/project_docs/prompts/20-Generar_README_principal.md,docs/_legacy,Prompt operativo/documental,deprecar,Retirar en fase final tras aprobacion; mantener solo mientras haya dependencias de ruta.,# Legacy Stub
1901,docs/_legacy/project_docs/prompts/21-Documentar_arquitectura.md,docs/_legacy,Prompt operativo/documental,deprecar,Retirar en fase final tras aprobacion; mantener solo mientras haya dependencias de ruta.,# Legacy Stub
1902,docs/_legacy/project_docs/prompts/22-Crear_guías_de_setup.md,docs/_legacy,Prompt operativo/documental,deprecar,Retirar en fase final tras aprobacion; mantener solo mientras haya dependencias de ruta.,# Legacy Stub
1903,docs/_legacy/project_docs/prompts/23-Implementar_tests_de_instalación.md,docs/_legacy,Prompt operativo/documental,deprecar,Retirar en fase final tras aprobacion; mantener solo mientras haya dependencias de ruta.,# Legacy Stub
1904,docs/_legacy/project_docs/prompts/24-Validar_compatibilidad_multi_plataforma.md,docs/_legacy,Prompt operativo/documental,deprecar,Retirar en fase final tras aprobacion; mantener solo mientras haya dependencias de ruta.,# Legacy Stub
1905,docs/_legacy/project_docs/prompts/25-Prueba_completa_del_sistema.md,docs/_legacy,Prompt operativo/documental,deprecar,Retirar en fase final tras aprobacion; mantener solo mientras haya dependencias de ruta.,# Legacy Stub
1906,docs/_legacy/project_docs/prompts/26-Optimizar_performance_de_carga.md,docs/_legacy,Prompt operativo/documental,deprecar,Retirar en fase final tras aprobacion; mantener solo mientras haya dependencias de ruta.,# Legacy Stub
1907,docs/_legacy/project_docs/prompts/27-Eliminar_código_muerto_y_duplicado.md,docs/_legacy,Prompt operativo/documental,deprecar,Retirar en fase final tras aprobacion; mantener solo mientras haya dependencias de ruta.,# Legacy Stub
1908,docs/_legacy/project_docs/prompts/28-Comprimir_y_optimizar_configuraciones.md,docs/_legacy,Prompt operativo/documental,deprecar,Retirar en fase final tras aprobacion; mantener solo mientras haya dependencias de ruta.,# Legacy Stub
1909,docs/_legacy/project_docs/prompts/29-Preparar_para_versionado.md,docs/_legacy,Prompt operativo/documental,deprecar,Retirar en fase final tras aprobacion; mantener solo mientras haya dependencias de ruta.,# Legacy Stub
1910,docs/_legacy/project_docs/prompts/30-Crear_estructura_de_branches.md,docs/_legacy,Prompt operativo/documental,deprecar,Retirar en fase final tras aprobacion; mantener solo mientras haya dependencias de ruta.,# Legacy Stub
1911,docs/_legacy/project_docs/prompts/31-Documentar_cambios.md,docs/_legacy,Prompt operativo/documental,deprecar,Retirar en fase final tras aprobacion; mantener solo mientras haya dependencias de ruta.,# Legacy Stub
1912,docs/_legacy/project_docs/prompts/32-Crear_comando_analyze_dotfiles.md,docs/_legacy,Prompt operativo/documental,deprecar,Retirar en fase final tras aprobacion; mantener solo mientras haya dependencias de ruta.,# Legacy Stub
1913,docs/_legacy/project_docs/prompts/33-Crear_comando_sync_dotfiles.md,docs/_legacy,Prompt operativo/documental,deprecar,Retirar en fase final tras aprobacion; mantener solo mientras haya dependencias de ruta.,# Legacy Stub
1914,docs/_legacy/project_docs/prompts/34-Indexar_todos_los_comandos.md,docs/_legacy,Prompt operativo/documental,deprecar,Retirar en fase final tras aprobacion; mantener solo mientras haya dependencias de ruta.,# Legacy Stub
1915,docs/_legacy/project_docs/prompts/35-Análisis_final_de_calidad.md,docs/_legacy,Prompt operativo/documental,deprecar,Retirar en fase final tras aprobacion; mantener solo mientras haya dependencias de ruta.,# Legacy Stub
1916,docs/_legacy/project_docs/prompts/36-Generar_reporte_de_migración.md,docs/_legacy,Prompt operativo/documental,deprecar,Retirar en fase final tras aprobacion; mantener solo mientras haya dependencias de ruta.,# Legacy Stub
1917,docs/_legacy/project_docs/prompts/37-Crear_workflow_de_mantenimiento.md,docs/_legacy,Prompt operativo/documental,deprecar,Retirar en fase final tras aprobacion; mantener solo mientras haya dependencias de ruta.,# Legacy Stub
1918,docs/_legacy/project_docs/prompts/38-Migrar_configuración_QMK.md,docs/_legacy,Prompt operativo/documental,deprecar,Retirar en fase final tras aprobacion; mantener solo mientras haya dependencias de ruta.,# Legacy Stub
1919,docs/_legacy/project_docs/prompts/39-Organizar_fuentes_personalizadas.md,docs/_legacy,Prompt operativo/documental,deprecar,Retirar en fase final tras aprobacion; mantener solo mientras haya dependencias de ruta.,# Legacy Stub
1920,docs/_legacy/project_docs/prompts/40-Refactorizar_SketchyBar.md,docs/_legacy,Prompt operativo/documental,deprecar,Retirar en fase final tras aprobacion; mantener solo mientras haya dependencias de ruta.,# Legacy Stub
1921,docs/_legacy/project_docs/prompts/41-Migrar_configuración_Yabai.md,docs/_legacy,Prompt operativo/documental,deprecar,Retirar en fase final tras aprobacion; mantener solo mientras haya dependencias de ruta.,# Legacy Stub
1922,docs/_legacy/project_docs/prompts/42-Consolidar_shortcuts_SKHD.md,docs/_legacy,Prompt operativo/documental,deprecar,Retirar en fase final tras aprobacion; mantener solo mientras haya dependencias de ruta.,# Legacy Stub
1923,docs/_legacy/project_docs/prompts/43-Migrar_configuración_Alacritty.md,docs/_legacy,Prompt operativo/documental,deprecar,Retirar en fase final tras aprobacion; mantener solo mientras haya dependencias de ruta.,# Legacy Stub
1924,docs/_legacy/project_docs/prompts/44-Optimizar_configuración_tmux.md,docs/_legacy,Prompt operativo/documental,deprecar,Retirar en fase final tras aprobacion; mantener solo mientras haya dependencias de ruta.,# Legacy Stub
1925,docs/_legacy/project_docs/prompts/45-Integrar_workflows.md,docs/_legacy,Prompt operativo/documental,deprecar,Retirar en fase final tras aprobacion; mantener solo mientras haya dependencias de ruta.,# Legacy Stub
1926,docs/_legacy/project_docs/prompts/46-Configurar_gestión_de_claves_SSH.md,docs/_legacy,Prompt operativo/documental,deprecar,Retirar en fase final tras aprobacion; mantener solo mientras haya dependencias de ruta.,# Legacy Stub
1927,docs/_legacy/project_docs/prompts/47-Integrar_hardware_keys.md,docs/_legacy,Prompt operativo/documental,deprecar,Retirar en fase final tras aprobacion; mantener solo mientras haya dependencias de ruta.,# Legacy Stub
1928,docs/_legacy/project_docs/prompts/48-Configurar_GPG_con_hardware.md,docs/_legacy,Prompt operativo/documental,deprecar,Retirar en fase final tras aprobacion; mantener solo mientras haya dependencias de ruta.,# Legacy Stub
1929,docs/_legacy/project_docs/prompts/49-Gestión_segura_de_secretos.md,docs/_legacy,Prompt operativo/documental,deprecar,Retirar en fase final tras aprobacion; mantener solo mientras haya dependencias de ruta.,# Legacy Stub
1930,docs/_legacy/project_docs/prompts/50-Sistema_de_vaults_con_symlinks.md,docs/_legacy,Prompt operativo/documental,deprecar,Retirar en fase final tras aprobacion; mantener solo mientras haya dependencias de ruta.,# Legacy Stub
1931,docs/_legacy/project_docs/prompts/51-Integración_con_servicios_cloud.md,docs/_legacy,Prompt operativo/documental,deprecar,Retirar en fase final tras aprobacion; mantener solo mientras haya dependencias de ruta.,# Legacy Stub
1932,docs/_legacy/project_docs/prompts/52-Integración_con_Obsidian.md,docs/_legacy,Prompt operativo/documental,deprecar,Retirar en fase final tras aprobacion; mantener solo mientras haya dependencias de ruta.,# Legacy Stub
1933,docs/_legacy/project_docs/prompts/53-Integración_con_Notion.md,docs/_legacy,Prompt operativo/documental,deprecar,Retirar en fase final tras aprobacion; mantener solo mientras haya dependencias de ruta.,# Legacy Stub
1934,docs/_legacy/project_docs/prompts/54-Configuración_Ethereum.md,docs/_legacy,Prompt operativo/documental,deprecar,Retirar en fase final tras aprobacion; mantener solo mientras haya dependencias de ruta.,# Legacy Stub
1935,docs/_legacy/project_docs/prompts/55-Configuración_Bitcoin.md,docs/_legacy,Prompt operativo/documental,deprecar,Retirar en fase final tras aprobacion; mantener solo mientras haya dependencias de ruta.,# Legacy Stub
1936,docs/_legacy/project_docs/prompts/56-Integración_Trezor_Suite.md,docs/_legacy,Prompt operativo/documental,deprecar,Retirar en fase final tras aprobacion; mantener solo mientras haya dependencias de ruta.,# Legacy Stub
1937,docs/_legacy/project_docs/prompts/57-Scripts_de_seguridad_crypto.md,docs/_legacy,Prompt operativo/documental,deprecar,Retirar en fase final tras aprobacion; mantener solo mientras haya dependencias de ruta.,# Legacy Stub
1938,docs/_legacy/project_docs/prompts/58-Configuración_Git_con_GPG.md,docs/_legacy,Prompt operativo/documental,deprecar,Retirar en fase final tras aprobacion; mantener solo mientras haya dependencias de ruta.,# Legacy Stub
1939,docs/_legacy/project_docs/prompts/59-Git_hooks_personalizados.md,docs/_legacy,Prompt operativo/documental,deprecar,Retirar en fase final tras aprobacion; mantener solo mientras haya dependencias de ruta.,# Legacy Stub
1940,docs/_legacy/project_docs/prompts/60-Templates_y_workflows_Git.md,docs/_legacy,Prompt operativo/documental,deprecar,Retirar en fase final tras aprobacion; mantener solo mientras haya dependencias de ruta.,# Legacy Stub
1941,docs/_legacy/project_docs/prompts/61-Implementar_tests_unitarios.md,docs/_legacy,Prompt operativo/documental,deprecar,Retirar en fase final tras aprobacion; mantener solo mientras haya dependencias de ruta.,# Legacy Stub
1942,docs/_legacy/project_docs/prompts/62-Crear_documentación_de_módulos.md,docs/_legacy,Prompt operativo/documental,deprecar,Retirar en fase final tras aprobacion; mantener solo mientras haya dependencias de ruta.,# Legacy Stub
1943,docs/_legacy/project_docs/prompts/63-Setup_de_releases_automáticos.md,docs/_legacy,Prompt operativo/documental,deprecar,Retirar en fase final tras aprobacion; mantener solo mientras haya dependencias de ruta.,# Legacy Stub
1944,docs/_legacy/project_docs/prompts/64-Validación_final_completa.md,docs/_legacy,Prompt operativo/documental,deprecar,Retirar en fase final tras aprobacion; mantener solo mientras haya dependencias de ruta.,# Legacy Stub
1945,docs/_legacy/project_docs/prompts/Makefile,docs/_legacy,Legado transitorio para compatibilidad de rutas,deprecar,Retirar en fase final tras aprobacion; mantener solo mientras haya dependencias de ruta.,# Legacy Stub
1946,docs/_legacy/project_docs/prompts/scripts/split/00-All.md,docs/_legacy,Prompt operativo/documental,deprecar,Retirar en fase final tras aprobacion; mantener solo mientras haya dependencias de ruta.,# Legacy Stub
1947,docs/_legacy/project_docs/prompts/scripts/split/bash/run.sh,docs/_legacy,Script ejecutable o de carga de shell,deprecar,Retirar en fase final tras aprobacion; mantener solo mientras haya dependencias de ruta.,# Legacy Stub
1948,docs/_legacy/project_docs/prompts/scripts/split/ruby/run.rb,docs/_legacy,Codigo fuente,deprecar,Retirar en fase final tras aprobacion; mantener solo mientras haya dependencias de ruta.,# Legacy Stub
1949,docs/_legacy/project_docs/prompts/scripts/split/rust/Cargo.lock,docs/_legacy,Lockfile para reproducibilidad,deprecar,Retirar en fase final tras aprobacion; mantener solo mientras haya dependencias de ruta.,# Legacy Stub
1950,docs/_legacy/project_docs/prompts/scripts/split/rust/Cargo.toml,docs/_legacy,Archivo de configuracion,deprecar,Retirar en fase final tras aprobacion; mantener solo mientras haya dependencias de ruta.,# Legacy Stub
1951,docs/_legacy/project_docs/prompts/scripts/split/rust/run.rs,docs/_legacy,Codigo fuente,deprecar,Retirar en fase final tras aprobacion; mantener solo mientras haya dependencias de ruta.,# Legacy Stub
1952,docs/_legacy/project_docs/tasks.md,docs/_legacy,Documento de referencia o decision,deprecar,Retirar en fase final tras aprobacion; mantener solo mientras haya dependencias de ruta.,# Legacy Stub
1953,docs/architecture-patterns.md,docs,Documento de referencia o decision,resuelto,Sin accion inmediata; mantener bajo control de cambios y pruebas smoke.,# Architecture Patterns
1954,docs/audit/01-prompt.md,docs,Documento de referencia o decision,pendiente,Mantener sincronia con estado real del repo en cada fase.,# BMAD:Analyst — Auditoría Exhaustiva + Plan de Normalización (Dotfiles Monorepo)
1955,docs/audit/02-bmad-analyst-prompt.md,docs,Documento de referencia o decision,pendiente,Mantener sincronia con estado real del repo en cada fase.,# BMAD:Analyst — Auditoría y Normalización Integral (Dotfiles)
1956,docs/audit/plan-auditoria-dotfiles-2026-01-21.md,docs,Documento de referencia o decision,pendiente,Mantener sincronia con estado real del repo en cada fase.,# Plan de auditoría y reorganización de `~/.dotfiles`
1957,docs/audit/tasks-backlog-legacy.md,docs,Documento de referencia o decision,pendiente,Actualizar estado de tareas y marcar completado/deprecado por item.,# SuperClaude Tasks Tracking - .dotfiles Migration
1958,docs/brief.md,docs,Documento de referencia o decision,resuelto,Sin accion inmediata; mantener bajo control de cambios y pruebas smoke.,# Project Brief: Dotfiles Management System
1959,docs/decisions/README.md,docs,Documento de referencia o decision,resuelto,Sin accion inmediata; mantener bajo control de cambios y pruebas smoke.,# Decisions
1960,docs/decisions/system-structure.md,docs,Documento de referencia o decision,resuelto,Sin accion inmediata; mantener bajo control de cambios y pruebas smoke.,# Potencial Estructura del Proyecto Dotfiles
1961,docs/decisions/versioning-system.md,docs,Documento de referencia o decision,resuelto,Sin accion inmediata; mantener bajo control de cambios y pruebas smoke.,# Summary of Versioning System Implementation
1962,docs/deep-scan-audit-dotfiles.md,docs,Documento de referencia o decision,resuelto,Sin accion inmediata; mantener bajo control de cambios y pruebas smoke.,"# Dotfiles Deep Scan Audit (macOS-first, Linux-mirror)"
1963,docs/existing-documentation-inventory.md,docs,Documento de referencia o decision,resuelto,Sin accion inmediata; mantener bajo control de cambios y pruebas smoke.,# Existing Documentation Inventory
1964,docs/guides/README.md,docs,Documento de referencia o decision,resuelto,Sin accion inmediata; mantener bajo control de cambios y pruebas smoke.,# Guides
1965,docs/guides/mcp-setup-with-claude-code.md,docs,Documento de referencia o decision,resuelto,Sin accion inmediata; mantener bajo control de cambios y pruebas smoke.,# Complete Guide to Setting Up MCPs with Claude Code
1966,docs/guides/plan-shell-redistribucion-2026-01-27.md,docs,Documento de referencia o decision,resuelto,Sin accion inmediata; mantener bajo control de cambios y pruebas smoke.,# Plan de redistribución de shell (Zsh/Bash)
1967,docs/guides/roadmap.md,docs,Documento de referencia o decision,pendiente,Actualizar estado de tareas y marcar completado/deprecado por item.,# Roadmap - Migración .dotfiles con SuperClaude
1968,docs/guides/shell-load-order-zsh-bash.md,docs,Documento de referencia o decision,resuelto,Sin accion inmediata; mantener bajo control de cambios y pruebas smoke.,# Orden de carga de archivos de shell (Zsh y Bash)
1969,docs/migrations/dedup-phase2-report.md,docs,Documento de referencia o decision,pendiente,Mantener sincronia con estado real del repo en cada fase.,# Fase 2 - Dedupe report
1970,docs/migrations/project_docs-extraction-report.md,docs,Documento de referencia o decision,pendiente,Cerrar checklist de retiro definitivo de legacy y aprobar corte final.,# Reporte de extracción `project_docs` -> `docs` (canon)
1971,docs/migrations/project_docs-inventory-summary.md,docs,Documento de referencia o decision,pendiente,Mantener sincronia con estado real del repo en cada fase.,# Inventario legacy project_docs (resumen)
1972,docs/migrations/project_docs-inventory.md,docs,Documento de referencia o decision,pendiente,Mantener sincronia con estado real del repo en cada fase.,# Inventario legacy project_docs
1973,docs/migrations/project_docs-pending-review.md,docs,Documento de referencia o decision,pendiente,Cerrar checklist de retiro definitivo de legacy y aprobar corte final.,# Pending Review: project_docs retirement
1974,docs/migrations/project_docs-to-docs.md,docs,Documento de referencia o decision,pendiente,Mantener sincronia con estado real del repo en cada fase.,# Migracion `project_docs/` -> `docs/_legacy/project_docs/`
1975,docs/prd.md,docs,Documento de referencia o decision,resuelto,Sin accion inmediata; mantener bajo control de cambios y pruebas smoke.,# Product Requirements Document: Dotfiles Management System
1976,docs/project-parts-metadata.json,docs,Archivo de configuracion,resuelto,Sin accion inmediata; mantener bajo control de cambios y pruebas smoke.,{
1977,docs/project-scan-report.json,docs,Archivo de configuracion,resuelto,Sin accion inmediata; mantener bajo control de cambios y pruebas smoke.,{
1978,docs/project-structure.md,docs,Documento de referencia o decision,resuelto,Sin accion inmediata; mantener bajo control de cambios y pruebas smoke.,# Project Structure Classification
1979,docs/prompts/README.md,docs,Prompt operativo/documental,resuelto,Sin accion inmediata; mantener bajo control de cambios y pruebas smoke.,# Prompts
1980,docs/prompts/project-docs/00a-Crear_estructura_base_con_versionado.md,docs,Prompt operativo/documental,resuelto,Sin accion inmediata; mantener bajo control de cambios y pruebas smoke.,# Tareas Detalladas - Migración Dotfiles
1981,docs/prompts/project-docs/00b-Implementar_sistema_de_logging.md,docs,Prompt operativo/documental,resuelto,Sin accion inmediata; mantener bajo control de cambios y pruebas smoke.,### Tarea 00b: Implementar sistema de logging
1982,docs/prompts/project-docs/00c-Crear_detección_de_plataforma.md,docs,Prompt operativo/documental,resuelto,Sin accion inmediata; mantener bajo control de cambios y pruebas smoke.,### Tarea 00c: Crear detección de plataforma
1983,docs/prompts/project-docs/00d-Setup_CI_CD_con_GitHub_Actions.md,docs,Prompt operativo/documental,resuelto,Sin accion inmediata; mantener bajo control de cambios y pruebas smoke.,### Tarea 00d: Setup CI/CD con GitHub Actions
1984,docs/prompts/project-docs/01-Análisis_profundo_del_estado_actual.md,docs,Prompt operativo/documental,resuelto,Sin accion inmediata; mantener bajo control de cambios y pruebas smoke.,## Fase 1: Análisis y Diagnóstico
1985,docs/prompts/project-docs/02-Evaluación_de_calidad_del_código.md,docs,Prompt operativo/documental,resuelto,Sin accion inmediata; mantener bajo control de cambios y pruebas smoke.,### Tarea 02: Evaluación de calidad del código
1986,docs/prompts/project-docs/03-Detección_de_problemas_de_seguridad.md,docs,Prompt operativo/documental,resuelto,Sin accion inmediata; mantener bajo control de cambios y pruebas smoke.,### Tarea 03: Detección de problemas de seguridad
1987,docs/prompts/project-docs/04-Análisis_de_estructura_y_organización.md,docs,Prompt operativo/documental,resuelto,Sin accion inmediata; mantener bajo control de cambios y pruebas smoke.,### Tarea 04: Análisis de estructura y organización
1988,docs/prompts/project-docs/05-Diseño_de_nueva_arquitectura_modular.md,docs,Prompt operativo/documental,resuelto,Sin accion inmediata; mantener bajo control de cambios y pruebas smoke.,## Fase 2: Diseño y Planificación
1989,docs/prompts/project-docs/06-Crear_workflow_de_implementación.md,docs,Prompt operativo/documental,resuelto,Sin accion inmediata; mantener bajo control de cambios y pruebas smoke.,### Tarea 06: Crear workflow de implementación
1990,docs/prompts/project-docs/07-Estimar_esfuerzo_de_migración.md,docs,Prompt operativo/documental,resuelto,Sin accion inmediata; mantener bajo control de cambios y pruebas smoke.,### Tarea 07: Estimar esfuerzo de migración
1991,docs/prompts/project-docs/08-Crear_estructura_base_de_directorios.md,docs,Prompt operativo/documental,resuelto,Sin accion inmediata; mantener bajo control de cambios y pruebas smoke.,## Fase 3: Implementación de Core
1992,docs/prompts/project-docs/09-Implementar_sistema_de_bootstrap.md,docs,Prompt operativo/documental,resuelto,Sin accion inmediata; mantener bajo control de cambios y pruebas smoke.,### Tarea 09: Implementar sistema de bootstrap
1993,docs/prompts/project-docs/10-Crear_instalador_modular.md,docs,Prompt operativo/documental,resuelto,Sin accion inmediata; mantener bajo control de cambios y pruebas smoke.,### Tarea 10: Crear instalador modular
1994,docs/prompts/project-docs/11-Refactorizar_configuración_de_Zsh.md,docs,Prompt operativo/documental,resuelto,Sin accion inmediata; mantener bajo control de cambios y pruebas smoke.,## Fase 4: Migración de Shell
1995,docs/prompts/project-docs/12-Organizar_exports__aliases_y_funciones.md,docs,Prompt operativo/documental,resuelto,Sin accion inmediata; mantener bajo control de cambios y pruebas smoke.,"### Tarea 12: Organizar exports, aliases y funciones"
1996,docs/prompts/project-docs/13-Implementar_sistema_de_auto_carga_modular.md,docs,Prompt operativo/documental,resuelto,Sin accion inmediata; mantener bajo control de cambios y pruebas smoke.,### Tarea 13: Implementar sistema de auto-carga modular
1997,docs/prompts/project-docs/14-Implementar_gestor_ASDF_mejorado.md,docs,Prompt operativo/documental,resuelto,Sin accion inmediata; mantener bajo control de cambios y pruebas smoke.,## Fase 5: Configuración de Entornos
1998,docs/prompts/project-docs/15-Crear_scripts_de_setup_por_lenguaje.md,docs,Prompt operativo/documental,resuelto,Sin accion inmediata; mantener bajo control de cambios y pruebas smoke.,### Tarea 15: Crear scripts de setup por lenguaje
1999,docs/prompts/project-docs/16-Configurar_servidores_MCP.md,docs,Prompt operativo/documental,resuelto,Sin accion inmediata; mantener bajo control de cambios y pruebas smoke.,## Fase 6: Integración AI/MCP
2000,docs/prompts/project-docs/17-Crear_comandos_SuperClaude_personalizados.md,docs,Prompt operativo/documental,resuelto,Sin accion inmediata; mantener bajo control de cambios y pruebas smoke.,### Tarea 17: Crear comandos SuperClaude personalizados
2001,docs/prompts/project-docs/18-Migrar_scripts_existentes.md,docs,Prompt operativo/documental,resuelto,Sin accion inmediata; mantener bajo control de cambios y pruebas smoke.,## Fase 7: Toolbox y Scripts
2002,docs/prompts/project-docs/19-Implementar_funciones_reutilizables.md,docs,Prompt operativo/documental,resuelto,Sin accion inmediata; mantener bajo control de cambios y pruebas smoke.,### Tarea 19: Implementar funciones reutilizables
2003,docs/prompts/project-docs/20-Generar_README_principal.md,docs,Prompt operativo/documental,resuelto,Sin accion inmediata; mantener bajo control de cambios y pruebas smoke.,## Fase 8: Documentación
2004,docs/prompts/project-docs/21-Documentar_arquitectura.md,docs,Prompt operativo/documental,resuelto,Sin accion inmediata; mantener bajo control de cambios y pruebas smoke.,### Tarea 21: Documentar arquitectura
2005,docs/prompts/project-docs/22-Crear_guías_de_setup.md,docs,Prompt operativo/documental,resuelto,Sin accion inmediata; mantener bajo control de cambios y pruebas smoke.,### Tarea 22: Crear guías de setup
2006,docs/prompts/project-docs/23-Implementar_tests_de_instalación.md,docs,Prompt operativo/documental,resuelto,Sin accion inmediata; mantener bajo control de cambios y pruebas smoke.,## Fase 9: Testing y Validación
2007,docs/prompts/project-docs/24-Validar_compatibilidad_multi_plataforma.md,docs,Prompt operativo/documental,resuelto,Sin accion inmediata; mantener bajo control de cambios y pruebas smoke.,### Tarea 24: Validar compatibilidad multi-plataforma
2008,docs/prompts/project-docs/25-Prueba_completa_del_sistema.md,docs,Prompt operativo/documental,resuelto,Sin accion inmediata; mantener bajo control de cambios y pruebas smoke.,### Tarea 25: Prueba completa del sistema
2009,docs/prompts/project-docs/26-Optimizar_performance_de_carga.md,docs,Prompt operativo/documental,resuelto,Sin accion inmediata; mantener bajo control de cambios y pruebas smoke.,## Fase 10: Optimización y Limpieza
2010,docs/prompts/project-docs/27-Eliminar_código_muerto_y_duplicado.md,docs,Prompt operativo/documental,resuelto,Sin accion inmediata; mantener bajo control de cambios y pruebas smoke.,### Tarea 27: Eliminar código muerto y duplicado
2011,docs/prompts/project-docs/28-Comprimir_y_optimizar_configuraciones.md,docs,Prompt operativo/documental,resuelto,Sin accion inmediata; mantener bajo control de cambios y pruebas smoke.,### Tarea 28: Comprimir y optimizar configuraciones
2012,docs/prompts/project-docs/29-Preparar_para_versionado.md,docs,Prompt operativo/documental,resuelto,Sin accion inmediata; mantener bajo control de cambios y pruebas smoke.,## Fase 11: Deployment y Git
2013,docs/prompts/project-docs/30-Crear_estructura_de_branches.md,docs,Prompt operativo/documental,resuelto,Sin accion inmediata; mantener bajo control de cambios y pruebas smoke.,### Tarea 30: Crear estructura de branches
2014,docs/prompts/project-docs/31-Documentar_cambios.md,docs,Prompt operativo/documental,resuelto,Sin accion inmediata; mantener bajo control de cambios y pruebas smoke.,### Tarea 31: Documentar cambios
2015,docs/prompts/project-docs/32-Crear_comando_analyze_dotfiles.md,docs,Prompt operativo/documental,resuelto,Sin accion inmediata; mantener bajo control de cambios y pruebas smoke.,## Fase 12: Automatización SuperClaude
2016,docs/prompts/project-docs/33-Crear_comando_sync_dotfiles.md,docs,Prompt operativo/documental,resuelto,Sin accion inmediata; mantener bajo control de cambios y pruebas smoke.,### Tarea 33: Crear comando sync-dotfiles
2017,docs/prompts/project-docs/34-Indexar_todos_los_comandos.md,docs,Prompt operativo/documental,resuelto,Sin accion inmediata; mantener bajo control de cambios y pruebas smoke.,### Tarea 34: Indexar todos los comandos
2018,docs/prompts/project-docs/35-Análisis_final_de_calidad.md,docs,Prompt operativo/documental,resuelto,Sin accion inmediata; mantener bajo control de cambios y pruebas smoke.,## Fase 13: Validación Final
2019,docs/prompts/project-docs/36-Generar_reporte_de_migración.md,docs,Prompt operativo/documental,resuelto,Sin accion inmediata; mantener bajo control de cambios y pruebas smoke.,### Tarea 36: Generar reporte de migración
2020,docs/prompts/project-docs/37-Crear_workflow_de_mantenimiento.md,docs,Prompt operativo/documental,resuelto,Sin accion inmediata; mantener bajo control de cambios y pruebas smoke.,### Tarea 37: Crear workflow de mantenimiento
2021,docs/prompts/project-docs/38-Migrar_configuración_QMK.md,docs,Prompt operativo/documental,resuelto,Sin accion inmediata; mantener bajo control de cambios y pruebas smoke.,## Fase 14: Componentes macOS
2022,docs/prompts/project-docs/39-Organizar_fuentes_personalizadas.md,docs,Prompt operativo/documental,resuelto,Sin accion inmediata; mantener bajo control de cambios y pruebas smoke.,### Tarea 39: Organizar fuentes personalizadas
2023,docs/prompts/project-docs/40-Refactorizar_SketchyBar.md,docs,Prompt operativo/documental,resuelto,Sin accion inmediata; mantener bajo control de cambios y pruebas smoke.,### Tarea 40: Refactorizar SketchyBar
2024,docs/prompts/project-docs/41-Migrar_configuración_Yabai.md,docs,Prompt operativo/documental,resuelto,Sin accion inmediata; mantener bajo control de cambios y pruebas smoke.,### Tarea 41: Migrar configuración Yabai
2025,docs/prompts/project-docs/42-Consolidar_shortcuts_SKHD.md,docs,Prompt operativo/documental,resuelto,Sin accion inmediata; mantener bajo control de cambios y pruebas smoke.,### Tarea 42: Consolidar shortcuts SKHD
2026,docs/prompts/project-docs/43-Migrar_configuración_Alacritty.md,docs,Prompt operativo/documental,resuelto,Sin accion inmediata; mantener bajo control de cambios y pruebas smoke.,### Tarea 43: Migrar configuración Alacritty
2027,docs/prompts/project-docs/44-Optimizar_configuración_tmux.md,docs,Prompt operativo/documental,resuelto,Sin accion inmediata; mantener bajo control de cambios y pruebas smoke.,### Tarea 44: Optimizar configuración tmux
2028,docs/prompts/project-docs/45-Integrar_workflows.md,docs,Prompt operativo/documental,resuelto,Sin accion inmediata; mantener bajo control de cambios y pruebas smoke.,### Tarea 45: Integrar workflows
2029,docs/prompts/project-docs/46-Configurar_gestión_de_claves_SSH.md,docs,Prompt operativo/documental,resuelto,Sin accion inmediata; mantener bajo control de cambios y pruebas smoke.,## Fase 15: Seguridad y Criptografía
2030,docs/prompts/project-docs/47-Integrar_hardware_keys.md,docs,Prompt operativo/documental,resuelto,Sin accion inmediata; mantener bajo control de cambios y pruebas smoke.,### Tarea 47: Integrar hardware keys
2031,docs/prompts/project-docs/48-Configurar_GPG_con_hardware.md,docs,Prompt operativo/documental,resuelto,Sin accion inmediata; mantener bajo control de cambios y pruebas smoke.,### Tarea 48: Configurar GPG con hardware
2032,docs/prompts/project-docs/49-Gestión_segura_de_secretos.md,docs,Prompt operativo/documental,resuelto,Sin accion inmediata; mantener bajo control de cambios y pruebas smoke.,### Tarea 49: Gestión segura de secretos
2033,docs/prompts/project-docs/50-Sistema_de_vaults_con_symlinks.md,docs,Prompt operativo/documental,resuelto,Sin accion inmediata; mantener bajo control de cambios y pruebas smoke.,## Fase 16: Vaults y Enlaces
2034,docs/prompts/project-docs/51-Integración_con_servicios_cloud.md,docs,Prompt operativo/documental,resuelto,Sin accion inmediata; mantener bajo control de cambios y pruebas smoke.,### Tarea 51: Integración con servicios cloud
2035,docs/prompts/project-docs/52-Integración_con_Obsidian.md,docs,Prompt operativo/documental,resuelto,Sin accion inmediata; mantener bajo control de cambios y pruebas smoke.,### Tarea 52: Integración con Obsidian
2036,docs/prompts/project-docs/53-Integración_con_Notion.md,docs,Prompt operativo/documental,resuelto,Sin accion inmediata; mantener bajo control de cambios y pruebas smoke.,### Tarea 53: Integración con Notion
2037,docs/prompts/project-docs/54-Configuración_Ethereum.md,docs,Prompt operativo/documental,resuelto,Sin accion inmediata; mantener bajo control de cambios y pruebas smoke.,## Fase 17: Criptomonedas y Web3
2038,docs/prompts/project-docs/55-Configuración_Bitcoin.md,docs,Prompt operativo/documental,resuelto,Sin accion inmediata; mantener bajo control de cambios y pruebas smoke.,### Tarea 55: Configuración Bitcoin
2039,docs/prompts/project-docs/56-Integración_Trezor_Suite.md,docs,Prompt operativo/documental,resuelto,Sin accion inmediata; mantener bajo control de cambios y pruebas smoke.,### Tarea 56: Integración Trezor Suite
2040,docs/prompts/project-docs/57-Scripts_de_seguridad_crypto.md,docs,Prompt operativo/documental,resuelto,Sin accion inmediata; mantener bajo control de cambios y pruebas smoke.,### Tarea 57: Scripts de seguridad crypto
2041,docs/prompts/project-docs/58-Configuración_Git_con_GPG.md,docs,Prompt operativo/documental,resuelto,Sin accion inmediata; mantener bajo control de cambios y pruebas smoke.,## Fase 18: Git Avanzado
2042,docs/prompts/project-docs/59-Git_hooks_personalizados.md,docs,Prompt operativo/documental,resuelto,Sin accion inmediata; mantener bajo control de cambios y pruebas smoke.,### Tarea 59: Git hooks personalizados
2043,docs/prompts/project-docs/60-Templates_y_workflows_Git.md,docs,Prompt operativo/documental,resuelto,Sin accion inmediata; mantener bajo control de cambios y pruebas smoke.,### Tarea 60: Templates y workflows Git
2044,docs/prompts/project-docs/61-Implementar_tests_unitarios.md,docs,Prompt operativo/documental,resuelto,Sin accion inmediata; mantener bajo control de cambios y pruebas smoke.,## Tareas Adicionales
2045,docs/prompts/project-docs/62-Crear_documentación_de_módulos.md,docs,Prompt operativo/documental,resuelto,Sin accion inmediata; mantener bajo control de cambios y pruebas smoke.,### Tarea 62: Crear documentación de módulos
2046,docs/prompts/project-docs/63-Setup_de_releases_automáticos.md,docs,Prompt operativo/documental,resuelto,Sin accion inmediata; mantener bajo control de cambios y pruebas smoke.,### Tarea 63: Setup de releases automáticos
2047,docs/prompts/project-docs/64-Validación_final_completa.md,docs,Prompt operativo/documental,resuelto,Sin accion inmediata; mantener bajo control de cambios y pruebas smoke.,### Tarea 64: Validación final completa
2048,docs/prompts/tools/split/00-All.md,docs,Prompt operativo/documental,resuelto,Sin accion inmediata; mantener bajo control de cambios y pruebas smoke.,# Tareas Detalladas - Migración Dotfiles
2049,docs/prompts/tools/split/Makefile,docs,"Documentacion canonica, auditorias y migraciones",resuelto,Sin accion inmediata; mantener bajo control de cambios y pruebas smoke.,SHELL := /bin/bash
2050,docs/prompts/tools/split/bash/run.sh,docs,Script ejecutable o de carga de shell,resuelto,Sin accion inmediata; mantener bajo control de cambios y pruebas smoke.,#!/usr/bin/env bash
2051,docs/prompts/tools/split/ruby/run.rb,docs,Codigo fuente,resuelto,Sin accion inmediata; mantener bajo control de cambios y pruebas smoke.,#!/usr/bin/env ruby
2052,docs/prompts/tools/split/rust/Cargo.lock,docs,Lockfile para reproducibilidad,resuelto,Sin accion inmediata; mantener bajo control de cambios y pruebas smoke.,# This file is automatically @generated by Cargo.
2053,docs/prompts/tools/split/rust/Cargo.toml,docs,Archivo de configuracion,resuelto,Sin accion inmediata; mantener bajo control de cambios y pruebas smoke.,[package]
2054,docs/prompts/tools/split/rust/run.rs,docs,Codigo fuente,resuelto,Sin accion inmediata; mantener bajo control de cambios y pruebas smoke.,use std::env;
2055,docs/security/README.md,docs,Documento de referencia o decision,resuelto,Sin accion inmediata; mantener bajo control de cambios y pruebas smoke.,# Security Guardrails
2056,docs/security/secret-normalization-prompt.md,docs,Documento de referencia o decision,resuelto,Sin accion inmediata; mantener bajo control de cambios y pruebas smoke.,# Secret Hygiene & Environment Normalization
2057,docs/technology-stack.md,docs,Documento de referencia o decision,resuelto,Sin accion inmediata; mantener bajo control de cambios y pruebas smoke.,# Technology Stack (Dotfiles Core)
2058,docs/user-provided-context.md,docs,Documento de referencia o decision,resuelto,Sin accion inmediata; mantener bajo control de cambios y pruebas smoke.,# User-Provided Context (Deep Scan)
2059,editors/code/keybindings.json,editors,Archivo de configuracion,resuelto,Sin accion inmediata; mantener bajo control de cambios y pruebas smoke.,// Place your key bindings in this file to override the defaults
2060,editors/code/settings.json,editors,Archivo de configuracion,resuelto,Sin accion inmediata; mantener bajo control de cambios y pruebas smoke.,{
2061,editors/nvim,editors,Configuracion de editores (Neovim/VSCode),resuelto,Sin accion inmediata; mantener bajo control de cambios y pruebas smoke.,-
2062,env/.env.example,env,Entrypoint critico del sistema de dotfiles,resuelto,Mantener con smoke tests y revisiones de regresion.,-
2063,env/README.md,env,Entrypoint critico del sistema de dotfiles,resuelto,Mantener con smoke tests y revisiones de regresion.,# Gestión de secretos (entorno local)
2064,fonts/DankMono/DankMono.zip,fonts,Soporte del repositorio,resuelto,Sin accion inmediata; mantener bajo control de cambios y pruebas smoke.,-
2065,fonts/DankMono/original/DankMono-Bold.otf,fonts,Asset o artefacto binario,resuelto,Sin accion inmediata; mantener bajo control de cambios y pruebas smoke.,-
2066,fonts/DankMono/original/DankMono-Italic.otf,fonts,Asset o artefacto binario,resuelto,Sin accion inmediata; mantener bajo control de cambios y pruebas smoke.,-
2067,fonts/DankMono/original/DankMono-Regular.otf,fonts,Asset o artefacto binario,resuelto,Sin accion inmediata; mantener bajo control de cambios y pruebas smoke.,-
2068,fonts/DankMono/patched/DankMonoNerdFont-Bold.otf,fonts,Asset o artefacto binario,resuelto,Sin accion inmediata; mantener bajo control de cambios y pruebas smoke.,-
2069,fonts/DankMono/patched/DankMonoNerdFont-Italic.otf,fonts,Asset o artefacto binario,resuelto,Sin accion inmediata; mantener bajo control de cambios y pruebas smoke.,-
2070,fonts/DankMono/patched/DankMonoNerdFont-Regular.otf,fonts,Asset o artefacto binario,resuelto,Sin accion inmediata; mantener bajo control de cambios y pruebas smoke.,-
2071,git/.gitconfig,git,Soporte del repositorio,resuelto,Sin accion inmediata; mantener bajo control de cambios y pruebas smoke.,-
2072,langs/elixir/setup.sh,langs,Script ejecutable o de carga de shell,resuelto,Sin accion inmediata; mantener bajo control de cambios y pruebas smoke.,#!/usr/bin/env zsh
2073,langs/go/setup.sh,langs,Script ejecutable o de carga de shell,resuelto,Sin accion inmediata; mantener bajo control de cambios y pruebas smoke.,#!/usr/bin/env zsh
2074,langs/java/setup.sh,langs,Script ejecutable o de carga de shell,resuelto,Sin accion inmediata; mantener bajo control de cambios y pruebas smoke.,#!/usr/bin/env zsh
2075,langs/js/setup.sh,langs,Script ejecutable o de carga de shell,resuelto,Sin accion inmediata; mantener bajo control de cambios y pruebas smoke.,# Setup via ASDF
2076,langs/julia/setup.sh,langs,Script ejecutable o de carga de shell,resuelto,Sin accion inmediata; mantener bajo control de cambios y pruebas smoke.,#!/usr/bin/env zsh
2077,langs/lua/setup.sh,langs,Script ejecutable o de carga de shell,resuelto,Sin accion inmediata; mantener bajo control de cambios y pruebas smoke.,#!/usr/bin/env zsh
2078,langs/php/setup.sh,langs,Script ejecutable o de carga de shell,resuelto,Sin accion inmediata; mantener bajo control de cambios y pruebas smoke.,#!/usr/bin/env zsh
2079,langs/python/setup.sh,langs,Script ejecutable o de carga de shell,resuelto,Sin accion inmediata; mantener bajo control de cambios y pruebas smoke.,#!/usr/bin/env zsh
2080,langs/ruby/setup.sh,langs,Script ejecutable o de carga de shell,resuelto,Sin accion inmediata; mantener bajo control de cambios y pruebas smoke.,#!/usr/bin/env zsh
2081,langs/rust/setup.sh,langs,Script ejecutable o de carga de shell,resuelto,Sin accion inmediata; mantener bajo control de cambios y pruebas smoke.,#!/usr/bin/env zsh
2082,langs/solidity/setup.sh,langs,Script ejecutable o de carga de shell,resuelto,Sin accion inmediata; mantener bajo control de cambios y pruebas smoke.,#!/usr/bin/env zsh
2083,langs/terraform/setup.sh,langs,Script ejecutable o de carga de shell,resuelto,Sin accion inmediata; mantener bajo control de cambios y pruebas smoke.,#!/usr/bin/env zsh
2084,lib/common.sh,lib,Script ejecutable o de carga de shell,resuelto,Sin accion inmediata; mantener bajo control de cambios y pruebas smoke.,#!/usr/bin/env bash
2085,lib/migration.sh,lib,Script ejecutable o de carga de shell,resuelto,Sin accion inmediata; mantener bajo control de cambios y pruebas smoke.,#!/usr/bin/env bash
2086,lib/version.sh,lib,Script ejecutable o de carga de shell,resuelto,Sin accion inmediata; mantener bajo control de cambios y pruebas smoke.,#!/usr/bin/env bash
2087,menu-bar/sketchybar/colors.sh,menu-bar,Script ejecutable o de carga de shell,resuelto,Sin accion inmediata; mantener bajo control de cambios y pruebas smoke.,#!/bin/bash
2088,menu-bar/sketchybar/items/battery.sh,menu-bar,Script ejecutable o de carga de shell,resuelto,Sin accion inmediata; mantener bajo control de cambios y pruebas smoke.,#!/bin/bash
2089,menu-bar/sketchybar/items/calendar.sh,menu-bar,Script ejecutable o de carga de shell,resuelto,Sin accion inmediata; mantener bajo control de cambios y pruebas smoke.,#!/bin/bash
2090,menu-bar/sketchybar/items/cpu.sh,menu-bar,Script ejecutable o de carga de shell,resuelto,Sin accion inmediata; mantener bajo control de cambios y pruebas smoke.,#!/bin/bash
2091,menu-bar/sketchybar/items/front_app.sh,menu-bar,Script ejecutable o de carga de shell,resuelto,Sin accion inmediata; mantener bajo control de cambios y pruebas smoke.,#!/bin/bash
2092,menu-bar/sketchybar/items/media.sh,menu-bar,Script ejecutable o de carga de shell,resuelto,Sin accion inmediata; mantener bajo control de cambios y pruebas smoke.,#!/bin/bash
2093,menu-bar/sketchybar/items/spaces.sh,menu-bar,Script ejecutable o de carga de shell,resuelto,Sin accion inmediata; mantener bajo control de cambios y pruebas smoke.,#!/bin/bash
2094,menu-bar/sketchybar/items/volume.sh,menu-bar,Script ejecutable o de carga de shell,resuelto,Sin accion inmediata; mantener bajo control de cambios y pruebas smoke.,#!/bin/bash
2095,menu-bar/sketchybar/plugins/battery.sh,menu-bar,Script ejecutable o de carga de shell,resuelto,Sin accion inmediata; mantener bajo control de cambios y pruebas smoke.,#!/bin/sh
2096,menu-bar/sketchybar/plugins/calendar.sh,menu-bar,Script ejecutable o de carga de shell,resuelto,Sin accion inmediata; mantener bajo control de cambios y pruebas smoke.,#!/bin/bash
2097,menu-bar/sketchybar/plugins/cpu.sh,menu-bar,Script ejecutable o de carga de shell,resuelto,Sin accion inmediata; mantener bajo control de cambios y pruebas smoke.,#!/bin/bash
2098,menu-bar/sketchybar/plugins/front_app.sh,menu-bar,Script ejecutable o de carga de shell,resuelto,Sin accion inmediata; mantener bajo control de cambios y pruebas smoke.,#!/bin/bash
2099,menu-bar/sketchybar/plugins/icon_map_fn.sh,menu-bar,Script ejecutable o de carga de shell,resuelto,Sin accion inmediata; mantener bajo control de cambios y pruebas smoke.,#!/bin/bash
2100,menu-bar/sketchybar/plugins/media.sh,menu-bar,Script ejecutable o de carga de shell,resuelto,Sin accion inmediata; mantener bajo control de cambios y pruebas smoke.,#!/bin/bash
2101,menu-bar/sketchybar/plugins/space.sh,menu-bar,Script ejecutable o de carga de shell,resuelto,Sin accion inmediata; mantener bajo control de cambios y pruebas smoke.,#!/bin/bash
2102,menu-bar/sketchybar/plugins/space_windows.sh,menu-bar,Script ejecutable o de carga de shell,resuelto,Sin accion inmediata; mantener bajo control de cambios y pruebas smoke.,#!/bin/bash
2103,menu-bar/sketchybar/plugins/volume.sh,menu-bar,Script ejecutable o de carga de shell,resuelto,Sin accion inmediata; mantener bajo control de cambios y pruebas smoke.,#!/bin/sh
2104,menu-bar/sketchybar/sketchybarrc,menu-bar,Barra de menu (sketchybar),resuelto,Sin accion inmediata; mantener bajo control de cambios y pruebas smoke.,-
2105,migrations/0.0.0_to_0.1.0.sh,migrations,Script ejecutable o de carga de shell,resuelto,Sin accion inmediata; mantener bajo control de cambios y pruebas smoke.,#!/usr/bin/env bash
2106,migrations/0.1.0_to_0.2.0.sh,migrations,Script ejecutable o de carga de shell,resuelto,Sin accion inmediata; mantener bajo control de cambios y pruebas smoke.,#!/usr/bin/env bash
2107,os/mac/README.md,os,Documento de referencia o decision,resuelto,Sin accion inmediata; mantener bajo control de cambios y pruebas smoke.,# Dock Settings
2108,os/mac/brew/README.md,os,Documento de referencia o decision,resuelto,Sin accion inmediata; mantener bajo control de cambios y pruebas smoke.,# Setup Alacritty
2109,os/mac/brew/brewfile,os,Ajustes especificos de sistema operativo,resuelto,Sin accion inmediata; mantener bajo control de cambios y pruebas smoke.,-
2110,os/mac/docs/cli-tools.md,os,Documento de referencia o decision,resuelto,Sin accion inmediata; mantener bajo control de cambios y pruebas smoke.,# 7 Amazing CLI Tools You Won't Be Able To Live Without
2111,os/mac/mac_configs.sh,os,Script ejecutable o de carga de shell,resuelto,Sin accion inmediata; mantener bajo control de cambios y pruebas smoke.,#!/usr/bin/env zsh
2112,scripts/bootstrap/backup.sh,scripts,Entrypoint critico del sistema de dotfiles,resuelto,Mantener con smoke tests y revisiones de regresion.,#!/usr/bin/env bash
2113,scripts/bootstrap/check-deps.sh,scripts,Entrypoint critico del sistema de dotfiles,resuelto,Mantener con smoke tests y revisiones de regresion.,#!/usr/bin/env bash
2114,scripts/bootstrap/install.sh,scripts,Entrypoint critico del sistema de dotfiles,resuelto,Mantener con smoke tests y revisiones de regresion.,#!/usr/bin/env bash
2115,scripts/bootstrap/lib.sh,scripts,Script ejecutable o de carga de shell,resuelto,Sin accion inmediata; mantener bajo control de cambios y pruebas smoke.,#!/usr/bin/env bash
2116,scripts/bootstrap/restore.sh,scripts,Entrypoint critico del sistema de dotfiles,resuelto,Mantener con smoke tests y revisiones de regresion.,#!/usr/bin/env bash
2117,scripts/security/scan-secrets.sh,scripts,Script ejecutable o de carga de shell,resuelto,Sin accion inmediata; mantener bajo control de cambios y pruebas smoke.,#!/usr/bin/env bash
2118,scripts/tests/run.sh,scripts,Entrypoint critico del sistema de dotfiles,resuelto,Mantener con smoke tests y revisiones de regresion.,#!/usr/bin/env bash
2119,shell/aliases.sh,shell,Entrypoint critico del sistema de dotfiles,resuelto,Mantener con smoke tests y revisiones de regresion.,#!/usr/bin/env zsh
2120,shell/bash/.bash_profile,shell,Entrypoint critico del sistema de dotfiles,resuelto,Mantener con smoke tests y revisiones de regresion.,-
2121,shell/bash/.bashrc,shell,Entrypoint critico del sistema de dotfiles,resuelto,Mantener con smoke tests y revisiones de regresion.,-
2122,shell/exports.sh,shell,Entrypoint critico del sistema de dotfiles,resuelto,Mantener con smoke tests y revisiones de regresion.,#!/usr/bin/env zsh
2123,shell/functions.sh,shell,Entrypoint critico del sistema de dotfiles,resuelto,Mantener con smoke tests y revisiones de regresion.,login_git() {
2124,shell/functions/system-monitor,shell,"Configuracion de shell, entorno y tooling interactivo",resuelto,Sin accion inmediata; mantener bajo control de cambios y pruebas smoke.,-
2125,shell/init.sh,shell,Entrypoint critico del sistema de dotfiles,resuelto,Mantener con smoke tests y revisiones de regresion.,# Set common exports
2126,shell/tools.sh,shell,Entrypoint critico del sistema de dotfiles,resuelto,Mantener con smoke tests y revisiones de regresion.,#!/bin/zsh
2127,shell/zsh/.asdfrc,shell,"Configuracion de shell, entorno y tooling interactivo",resuelto,Sin accion inmediata; mantener bajo control de cambios y pruebas smoke.,-
2128,shell/zsh/.zim/.gitignore,shell,"Configuracion de shell, entorno y tooling interactivo",hay-que-re-evaluar,Confirmar estrategia de vendor/submodule y reducir superficie no necesaria.,./modules
2129,shell/zsh/.zim/.latest_version,shell,"Configuracion de shell, entorno y tooling interactivo",hay-que-re-evaluar,Confirmar estrategia de vendor/submodule y reducir superficie no necesaria.,-
2130,shell/zsh/.zim/.login_init.zsh,shell,Script ejecutable o de carga de shell,hay-que-re-evaluar,Confirmar estrategia de vendor/submodule y reducir superficie no necesaria.,-
2131,shell/zsh/.zim/init.zsh,shell,Script ejecutable o de carga de shell,hay-que-re-evaluar,Confirmar estrategia de vendor/submodule y reducir superficie no necesaria.,"zimfw() { source /Users/angel.szymczak/.dotfiles/shell/zsh/.zim/zimfw.zsh ""${@}"" }"
2132,shell/zsh/.zim/login_init.zsh,shell,Script ejecutable o de carga de shell,hay-que-re-evaluar,Confirmar estrategia de vendor/submodule y reducir superficie no necesaria.,# Do nothing. This file is deprecated.
2133,shell/zsh/.zim/modules/completion,shell,"Configuracion de shell, entorno y tooling interactivo",hay-que-re-evaluar,Confirmar estrategia de vendor/submodule y reducir superficie no necesaria.,-
2134,shell/zsh/.zim/modules/environment,shell,"Configuracion de shell, entorno y tooling interactivo",hay-que-re-evaluar,Confirmar estrategia de vendor/submodule y reducir superficie no necesaria.,-
2135,shell/zsh/.zim/modules/input,shell,"Configuracion de shell, entorno y tooling interactivo",hay-que-re-evaluar,Confirmar estrategia de vendor/submodule y reducir superficie no necesaria.,-
2136,shell/zsh/.zim/modules/spaceship,shell,"Configuracion de shell, entorno y tooling interactivo",hay-que-re-evaluar,Confirmar estrategia de vendor/submodule y reducir superficie no necesaria.,-
2137,shell/zsh/.zim/modules/zsh-autosuggestions,shell,"Configuracion de shell, entorno y tooling interactivo",hay-que-re-evaluar,Confirmar estrategia de vendor/submodule y reducir superficie no necesaria.,-
2138,shell/zsh/.zim/modules/zsh-syntax-highlighting,shell,"Configuracion de shell, entorno y tooling interactivo",hay-que-re-evaluar,Confirmar estrategia de vendor/submodule y reducir superficie no necesaria.,-
2139,shell/zsh/.zim/zimfw.zsh,shell,Script ejecutable o de carga de shell,hay-que-re-evaluar,Confirmar estrategia de vendor/submodule y reducir superficie no necesaria.,# AUTOMATICALLY GENERATED FILE. EDIT ONLY THE SOURCE FILES AND THEN COMPILE.
2140,shell/zsh/.zimrc,shell,"Configuracion de shell, entorno y tooling interactivo",resuelto,Sin accion inmediata; mantener bajo control de cambios y pruebas smoke.,-
2141,shell/zsh/.zlogin,shell,"Configuracion de shell, entorno y tooling interactivo",resuelto,Sin accion inmediata; mantener bajo control de cambios y pruebas smoke.,-
2142,shell/zsh/.zlogout,shell,"Configuracion de shell, entorno y tooling interactivo",resuelto,Sin accion inmediata; mantener bajo control de cambios y pruebas smoke.,-
2143,shell/zsh/.zshenv,shell,Entrypoint critico del sistema de dotfiles,resuelto,Mantener con smoke tests y revisiones de regresion.,-
2144,shell/zsh/.zshrc,shell,Entrypoint critico del sistema de dotfiles,resuelto,Mantener con smoke tests y revisiones de regresion.,-
2145,shortcuts/skhd/skhdrc,shortcuts,Atajos de teclado (skhd),resuelto,Sin accion inmediata; mantener bajo control de cambios y pruebas smoke.,-
2146,symlinks/conf.linux.yaml,symlinks,Archivo de configuracion,resuelto,Sin accion inmediata; mantener bajo control de cambios y pruebas smoke.,- clean: ['~']
2147,symlinks/conf.macos-intel.yaml,symlinks,Archivo de configuracion,resuelto,Sin accion inmediata; mantener bajo control de cambios y pruebas smoke.,- clean: ['~']
2148,symlinks/conf.macos.yaml,symlinks,Archivo de configuracion,resuelto,Sin accion inmediata; mantener bajo control de cambios y pruebas smoke.,- clean: ['~']
2149,symlinks/conf.yaml,symlinks,Archivo de configuracion,resuelto,Sin accion inmediata; mantener bajo control de cambios y pruebas smoke.,- clean: ['~']
2150,terminal/alacritty/alacritty.toml,terminal,Archivo de configuracion,resuelto,Sin accion inmediata; mantener bajo control de cambios y pruebas smoke.,import = [
2151,terminal/alacritty/themes,terminal,Configuracion de terminal y multiplexor,resuelto,Sin accion inmediata; mantener bajo control de cambios y pruebas smoke.,-
2152,terminal/tmux/README.md,terminal,Documento de referencia o decision,resuelto,Sin accion inmediata; mantener bajo control de cambios y pruebas smoke.,# Tmux
2153,terminal/tmux/tmux.conf,terminal,Archivo de configuracion,resuelto,Sin accion inmediata; mantener bajo control de cambios y pruebas smoke.,# Enable Colours
2154,terminal/tmux/tmuxinator/rails-app.yml,terminal,Archivo de configuracion,resuelto,Sin accion inmediata; mantener bajo control de cambios y pruebas smoke.,# /Users/angel.szymczak/.config/tmuxinator/rails-app.yml
2155,terminal/wezterm,terminal,Configuracion de terminal y multiplexor,resuelto,Sin accion inmediata; mantener bajo control de cambios y pruebas smoke.,-
2156,tiling-windows-manager/yabai/yabairc,tiling-windows-manager,Window manager (yabai),resuelto,Sin accion inmediata; mantener bajo control de cambios y pruebas smoke.,-
